make_all_myga 000032  4000                  	let ASSEMBLING_OPTION = 0
8bitsDePoder_ 000116  4000                  	let capacidad_scrolling = 0
8bitsDePoder_ 000117  4000                  	let capacidad_pseudo3d  = 0
8bitsDePoder_ 000118  4000                  	let capacidad_layout  = 0
8bitsDePoder_ 000120  4000                  	if ASSEMBLING_OPTION = 0
8bitsDePoder_ 000121  4000                  	let capacidad_scrolling = 1
8bitsDePoder_ 000122  4000                  	let capacidad_pseudo3d  = 1
8bitsDePoder_ 000123  4000                  	let capacidad_layout  = 1
8bitsDePoder_ 000124  4000                  	elseif ASSEMBLING_OPTION = 1
8bitsDePoder_ 000128  4000                  	elseif ASSEMBLING_OPTION = 2
8bitsDePoder_ 000132  4000                  	elseif  ASSEMBLING_OPTION = 3
8bitsDePoder_ 000136  4000                  	elseif  ASSEMBLING_OPTION = 4
8bitsDePoder_ 000140  4000                  	endif
8bitsDePoder_ 000149  4000                  	_SYNC  EQU  #bd19
8bitsDePoder_ 000151  4000                  	_HIDDEN_SCREEN_SEGMENTS
8bitsDePoder_ 000154  C7D0                  	org &C7D0
8bitsDePoder_ 000155  C7D0                  	_SCREEN_0_BEGIN
8bitsDePoder_ 000158  C7D0  00              	ROU_SPID  db 0
8bitsDePoder_ 000159  C7D1  00              	ROU_ID    db 0
8bitsDePoder_ 000160  C7D2  00              	ROU_SEG    db 0
8bitsDePoder_ 000161  C7D3  00 00           	ROU_dir    dw 0
8bitsDePoder_ 000166  C7D5                  	SPR_ID
8bitsDePoder_ 000166  C7D5  00              	db 0
8bitsDePoder_ 000168  C7D6                  	SPR_image
8bitsDePoder_ 000169  C7D6  00 00           	dw 0
8bitsDePoder_ 000170  C7D8                  	SPR_image_data
8bitsDePoder_ 000171  C7D8  00 00           	dw 0
8bitsDePoder_ 000173  C7DA                  	SPR_coordy
8bitsDePoder_ 000174  C7DA  00 00           	dw 0
8bitsDePoder_ 000175  C7DC                  	SPR_coordx
8bitsDePoder_ 000176  C7DC  00 00           	dw 0
8bitsDePoder_ 000178  C7DE                  	SPR_anchoalto
8bitsDePoder_ 000180  C7DE                  	SPR_ancho
8bitsDePoder_ 000181  C7DE  00              	db 0
8bitsDePoder_ 000182  C7DF                  	SPR_alto
8bitsDePoder_ 000183  C7DF  00              	db 0
8bitsDePoder_ 000185  C7E0                  	SPR_anchoaltofinal
8bitsDePoder_ 000186  C7E0                  	SPR_anchofinal
8bitsDePoder_ 000187  C7E0  00              	db 0
8bitsDePoder_ 000188  C7E1                  	SPR_altofinal
8bitsDePoder_ 000189  C7E1  00              	db 0
8bitsDePoder_ 000190  C7E2                  	SPR_imagefinal
8bitsDePoder_ 000191  C7E2  00 00           	dw &0000
8bitsDePoder_ 000192  C7E4                  	SPR_dirpant
8bitsDePoder_ 000193  C7E4  00 00           	dw &0000
8bitsDePoder_ 000196  C7E6  01              	SPR_status  db 1
8bitsDePoder_ 000197  C7E7  00 00           	SPR_addr  dw 0
8bitsDePoder_ 000203  C7E9  00 00           	PNT_restoancho dw 0
8bitsDePoder_ 000207  C7EB  00 00           	PTR_restoancho dw 0
8bitsDePoder_ 000212  C7ED                  	ANS_spaddress
8bitsDePoder_ 000212  C7ED  00 00           	dw 0
8bitsDePoder_ 000213  C7EF                  	ANS_seq_id
8bitsDePoder_ 000213  C7EF  00              	db 0
8bitsDePoder_ 000214  C7F0                  	ANS_frameid
8bitsDePoder_ 000214  C7F0  00              	db 0
8bitsDePoder_ 000215  C7F1                  	ANS_newframeid
8bitsDePoder_ 000215  C7F1  00              	db 0
8bitsDePoder_ 000216  C7F2                  	ANS_seqadd
8bitsDePoder_ 000216  C7F2  00 00           	dw 0
8bitsDePoder_ 000217  C7F4                  	ANS_newfradd
8bitsDePoder_ 000217  C7F4  00 00           	dw 0
8bitsDePoder_ 000219  C7F6  00              	ANS_dirmov  db 0
8bitsDePoder_ 000224  C7F7  00              	ANI_spid  db 0
8bitsDePoder_ 000228  C7F8                  	MOV_id
8bitsDePoder_ 000228  C7F8  00              	db 0
8bitsDePoder_ 000229  C7F9                  	MOV_address
8bitsDePoder_ 000229  C7F9  00 00           	dw 0
8bitsDePoder_ 000233  C7FB                  	MOA_spid
8bitsDePoder_ 000233  C7FB  00              	db 0
8bitsDePoder_ 000239  C7FC  00 00           	UPS_PTR    dw 0
8bitsDePoder_ 000244  C7FE  00              	M2S_counter  db 0
8bitsDePoder_ 000247  C7FF                  	_SCREEN_0_END
8bitsDePoder_ 000248  C7FF  00              	NOP
8bitsDePoder_ 000251  CFD0                  	org &CFD0
8bitsDePoder_ 000252  CFD0                  	_SCREEN_1_BEGIN
8bitsDePoder_ 000258  CFD0                  	COL_SPDATA
8bitsDePoder_ 000259  CFD0  00 00           	COL_yini  dw 0
8bitsDePoder_ 000260  CFD2  00 00           	COL_xini  dw 0
8bitsDePoder_ 000261  CFD4  00 00           	COL_yfin  dw 0
8bitsDePoder_ 000262  CFD6  00 00           	COL_xfin  dw 0
8bitsDePoder_ 000264  CFD8  00              	COL_alto  db 0
8bitsDePoder_ 000266  CFD9  00              	COL_char_yini  db 0
8bitsDePoder_ 000267  CFDA  00              	COL_char_yfin  db 0
8bitsDePoder_ 000269  CFDB  00              	COL_ancho  db 0
8bitsDePoder_ 000271  CFDC  00              	COL_char_xini  db 0
8bitsDePoder_ 000272  CFDD  00              	COL_char_xfin  db 0
8bitsDePoder_ 000276  CFDE  00              	COL_char_y  db 0
8bitsDePoder_ 000277  CFDF  00              	COL_char_x  db 0
8bitsDePoder_ 000284  CFE0                  	CO2_sp1
8bitsDePoder_ 000284  CFE0  00              	db 0
8bitsDePoder_ 000285  CFE1                  	CO2_sp2
8bitsDePoder_ 000285  CFE1  00              	db 0
8bitsDePoder_ 000289  CFE2                  	CO2_sp1data
8bitsDePoder_ 000290  CFE2  00 00           	CO2y1ini  dw 0
8bitsDePoder_ 000291  CFE4  00 00           	CO2x1ini  dw 0
8bitsDePoder_ 000292  CFE6  00 00           	CO2y1fin  dw 0
8bitsDePoder_ 000293  CFE8  00 00           	CO2x1fin  dw 0
8bitsDePoder_ 000295  CFEA                  	CO2_sp2data
8bitsDePoder_ 000296  CFEA  00 00           	CO2y2ini  dw 0
8bitsDePoder_ 000297  CFEC  00 00           	CO2x2ini  dw 0
8bitsDePoder_ 000298  CFEE  00 00           	CO2y2fin  dw 0
8bitsDePoder_ 000299  CFF0  00 00           	CO2x2fin  dw 0
8bitsDePoder_ 000306  CFF2  40              	SCS_pen    db 64
8bitsDePoder_ 000307  CFF3  00              	SCS_check  db 0
8bitsDePoder_ 000309  CFF4  02              	SCS_incy  db 2
8bitsDePoder_ 000310  CFF5  01              	SCS_incx  db 1
8bitsDePoder_ 000312  CFF6  14              	SCS_counter  db 20
8bitsDePoder_ 000313  CFF7  14              	SCS_number  db 20
8bitsDePoder_ 000315  CFF8  40              	star_color  db 64
8bitsDePoder_ 000321  CFF9  00              	LAY_coordychar   db 0
8bitsDePoder_ 000322  CFFA  00              	LAY_coordy  db 0
8bitsDePoder_ 000323  CFFB  00              	LAY_coordxchar   db 0
8bitsDePoder_ 000324  CFFC  00              	LAY_coordx  db 0
8bitsDePoder_ 000325  CFFD  00 00           	LAY_chars  dw 0
8bitsDePoder_ 000329  CFFF                  	_SCREEN_1_END
8bitsDePoder_ 000330  CFFF  00              	NOP
8bitsDePoder_ 000333  D7D0                  	org &D7D0
8bitsDePoder_ 000334  D7D0                  	_SCREEN_2_BEGIN
8bitsDePoder_ 000339  D7D0  00              	LAY_len    db 0
8bitsDePoder_ 000340  D7D1  00              	LAY_char  db 0
8bitsDePoder_ 000341  D7D2  00 00 00 00 00 ..	LAY_buffer  ds 6
8bitsDePoder_ 000345  D7D8                  	MRA_spid
8bitsDePoder_ 000345  D7D8  00              	db 0
8bitsDePoder_ 000349  D7D9                  	MOR_y
8bitsDePoder_ 000349  D7D9  00 00           	dw 0
8bitsDePoder_ 000350  D7DB                  	MOR_x
8bitsDePoder_ 000350  D7DB  00 00           	dw 0
8bitsDePoder_ 000358  D7DD  00              	PS2_spid  db 0
8bitsDePoder_ 000363  D7DE  00              	PRINTSP_flag db 0
8bitsDePoder_ 000369  D7DF  00              	SPR_flag_delete db 0
8bitsDePoder_ 000373  D7E0                  	_SCREEN_2_END
8bitsDePoder_ 000374  D7E0  00              	NOP
8bitsDePoder_ 000377  DFD0                  	org &DFD0
8bitsDePoder_ 000378  DFD0                  	_SCREEN_3_BEGIN
8bitsDePoder_ 000389  DFD0  00 00           	ROU_HL  DW 0
8bitsDePoder_ 000393  DFD2                  	M2S_Xorig
8bitsDePoder_ 000393  DFD2  00 00           	dw 0
8bitsDePoder_ 000394  DFD4                  	M2S_Yorig
8bitsDePoder_ 000394  DFD4  00 00           	dw 0
8bitsDePoder_ 000395  DFD6  00 00           	M2S_Xinput    dw 0
8bitsDePoder_ 000409  DFD8                  	_SCREEN_3_END
8bitsDePoder_ 000410  DFD8  00              	NOP
8bitsDePoder_ 000413  E7D0                  	org &E7D0
8bitsDePoder_ 000414  E7D0                  	_SCREEN_4_BEGIN
8bitsDePoder_ 000417  E7D0  00              	COR_spriteid db 0
8bitsDePoder_ 000418  E7D1  00              	COR_dy db 0
8bitsDePoder_ 000419  E7D2  00              	COR_dx db 0
8bitsDePoder_ 000424  E7D3  00              	PNTS_deltax   db 0
8bitsDePoder_ 000426  E7D4  00              	PNTS_xini  db 0
8bitsDePoder_ 000427  E7D5  00              	PNTS_dx1  db 0
8bitsDePoder_ 000430  E7D6  00 00           	PNTS_dx2pos  dw 0
8bitsDePoder_ 000432  E7D8  00              	PNTS_dxsigno  db 0
8bitsDePoder_ 000433  E7D9  00              	PNTS_dxacumul  db 0
8bitsDePoder_ 000435  E7DA  00 00           	SPR_x1    dw 0
8bitsDePoder_ 000436  E7DC  00 00           	SPR_y1    dw 0
8bitsDePoder_ 000437  E7DE  00              	PNTS_alto  db 0
8bitsDePoder_ 000439  E7DF  00              	PNTS_pintar  db 0
8bitsDePoder_ 000440  E7E0  00 00           	PNTS_sumax2  dw 0
8bitsDePoder_ 000443  E7E2  00              	XY3D_SIGNO  db 0
8bitsDePoder_ 000444  E7E3  A0 00           	XY3D_center_projection  dw 160
8bitsDePoder_ 000445  E7E5  00              	XY3D_ratiox  db 0
8bitsDePoder_ 000446  E7E6  00              	XY3D_offsetY  db 0
8bitsDePoder_ 000447  E7E7  00 00           	SPR_coordx_no3d  dw 0
8bitsDePoder_ 000448  E7E9  00 00           	SPR_coordy_no3d dw 0
8bitsDePoder_ 000449  E7EB  00              	SPR_altorestado db 0
8bitsDePoder_ 000450  E7EC  00 00           	SPR_coordy_no3d_noclipV dw 0
8bitsDePoder_ 000451  E7EE  00              	SPR_segment   db 0
8bitsDePoder_ 000454  E7EF  00              	ink_counter  db 0
8bitsDePoder_ 000455  E7F0  00              	ink_cambiar  db 0
8bitsDePoder_ 000458  E7F1  00              	ink_index  db 0
8bitsDePoder_ 000460  E7F2  01              	ink_tini  db 1
8bitsDePoder_ 000461  E7F3  03              	ink_t1    db 3
8bitsDePoder_ 000462  E7F4  03              	ink_t2    db 3
8bitsDePoder_ 000463  E7F5  03              	ink_t3    db 3
8bitsDePoder_ 000464  E7F6  03              	ink_t4    db 3
8bitsDePoder_ 000465  E7F7  18              	ink_t5    db 24
8bitsDePoder_ 000466  E7F8  18              	ink_t6    db 24
8bitsDePoder_ 000467  E7F9  18              	ink_t7    db 24
8bitsDePoder_ 000468  E7FA  18              	ink_t8    db 24
8bitsDePoder_ 000469  E7FB  00              	ink_step  db 0
8bitsDePoder_ 000470  E7FC  00              	ink_patron_len  db 0
8bitsDePoder_ 000472  E7FD  00              	flip_flag  db 0
8bitsDePoder_ 000474  E7FE                  	_SCREEN_4_END
8bitsDePoder_ 000475  E7FE  00              	NOP
8bitsDePoder_ 000478  EFD0                  	org &EFD0
8bitsDePoder_ 000479  EFD0                  	_SCREEN_5_BEGIN
8bitsDePoder_ 000482  EFD0  00 00           	PAT_coordx dw 0
8bitsDePoder_ 000483  EFD2  00 00           	PAT_coordy dw 0
8bitsDePoder_ 000484  EFD4  00              	PAT_from    db 0
8bitsDePoder_ 000488  EFD5  00 00           	UMA_xini  dw 0
8bitsDePoder_ 000489  EFD7  00 00           	UMA_xfin  dw 0
8bitsDePoder_ 000490  EFD9  00 00           	UMA_yini  dw 0
8bitsDePoder_ 000491  EFDB  00 00           	UMA_yfin  dw 0
8bitsDePoder_ 000493  EFDD  00 00           	UMA_dirmap_ini  dw 0
8bitsDePoder_ 000494  EFDF  00              	UMA_item_count   db 0
8bitsDePoder_ 000495  EFE0  00 00           	UMA_dirmap_ptr  dw 0
8bitsDePoder_ 000496  EFE2  00 00           	UMA_item_y  dw 0
8bitsDePoder_ 000497  EFE4  00 00           	UMA_item_x  dw 0
8bitsDePoder_ 000498  EFE6  00 00           	UMA_map_ptr  dw 0
8bitsDePoder_ 000502  EFE8  00 00           	ROU_dirsp   dw  0
8bitsDePoder_ 000509  EFEA  78 69           	M2S_SP_POINTER  dw _SPR_SPRITES_TABLE
8bitsDePoder_ 000510  EFEC  00              	M2S_sprites  db 0
8bitsDePoder_ 000515  EFED                  	LIMITS_BACKUP
8bitsDePoder_ 000516  EFED                  	SPR_MIN_X2
8bitsDePoder_ 000517  EFED  00 00           	dw 0
8bitsDePoder_ 000518  EFEF                  	SPR_MAX_X2
8bitsDePoder_ 000519  EFEF  50 00           	dw 80
8bitsDePoder_ 000520  EFF1                  	SPR_MIN_Y2
8bitsDePoder_ 000521  EFF1  00 00           	dw 0
8bitsDePoder_ 000522  EFF3                  	SPR_MAX_Y2
8bitsDePoder_ 000523  EFF3  C8 00           	dw 200
8bitsDePoder_ 000527  EFF5  50              	SPR_DIFX2  db 80
8bitsDePoder_ 000528  EFF6  C8              	SPR_DIFY2  db 200
8bitsDePoder_ 000532  EFF7  00              	GM_mode    db 0
8bitsDePoder_ 000536  EFF8  00              	RS_pasos   db 0
8bitsDePoder_ 000541  EFF9                  	_SCREEN_5_END
8bitsDePoder_ 000545  EFF9  00              	NOP
8bitsDePoder_ 000548  F7D0                  	org &F7D0
8bitsDePoder_ 000549  F7D0                  	_SCREEN_6_BEGIN
8bitsDePoder_ 000552  F7D0  00              	ROU_NUM_PASOS  db 0
8bitsDePoder_ 000554  F7D1                  	_ROUTE_TABLE
8bitsDePoder_ 000555  F7D1                  	_ROUTE_TABLE_0a15
8bitsDePoder_ 000556  F7D1  00 00           	route_sp0  db 0,0
8bitsDePoder_ 000557  F7D3  00 00           	route_sp1  db 0,0
8bitsDePoder_ 000558  F7D5  00 00           	route_sp2  db 0,0
8bitsDePoder_ 000559  F7D7  00 00           	route_sp3  db 0,0
8bitsDePoder_ 000560  F7D9  00 00           	route_sp4  db 0,0
8bitsDePoder_ 000561  F7DB  00 00           	route_sp5  db 0,0
8bitsDePoder_ 000562  F7DD  00 00           	route_sp6  db 0,0
8bitsDePoder_ 000563  F7DF  00 00           	route_sp7  db 0,0
8bitsDePoder_ 000564  F7E1  00 00           	route_sp8  db 0,0
8bitsDePoder_ 000565  F7E3  00 00           	route_sp9  db 0,0
8bitsDePoder_ 000566  F7E5  00 00           	route_sp10  db 0,0
8bitsDePoder_ 000567  F7E7  00 00           	route_sp11  db 0,0
8bitsDePoder_ 000568  F7E9  00 00           	route_sp12  db 0,0
8bitsDePoder_ 000569  F7EB  00 00           	route_sp13  db 0,0
8bitsDePoder_ 000570  F7ED  00 00           	route_sp14  db 0,0
8bitsDePoder_ 000571  F7EF  00 00           	route_sp15  db 0,0
8bitsDePoder_ 000575  F7F1  00 00 00 00 00 ..	_SOUND_BUF  db 0,0,0,0,0,0,0,0,0,0
8bitsDePoder_ 000577  F7FB                  	_SCREEN_6_END
8bitsDePoder_ 000578  F7FB  00              	NOP
8bitsDePoder_ 000581  FFD0                  	org &FFD0
8bitsDePoder_ 000582  FFD0                  	_SCREEN_7_BEGIN
8bitsDePoder_ 000584  FFD0                  	_ROUTE_TABLE_16a31
8bitsDePoder_ 000585  FFD0  00 00           	route_sp16  db 0,0
8bitsDePoder_ 000586  FFD2  00 00           	route_sp17  db 0,0
8bitsDePoder_ 000587  FFD4  00 00           	route_sp18  db 0,0
8bitsDePoder_ 000588  FFD6  00 00           	route_sp19  db 0,0
8bitsDePoder_ 000589  FFD8  00 00           	route_sp20  db 0,0
8bitsDePoder_ 000590  FFDA  00 00           	route_sp21  db 0,0
8bitsDePoder_ 000591  FFDC  00 00           	route_sp22  db 0,0
8bitsDePoder_ 000592  FFDE  00 00           	route_sp23  db 0,0
8bitsDePoder_ 000593  FFE0  00 00           	route_sp24  db 0,0
8bitsDePoder_ 000594  FFE2  00 00           	route_sp25  db 0,0
8bitsDePoder_ 000595  FFE4  00 00           	route_sp26  db 0,0
8bitsDePoder_ 000596  FFE6  00 00           	route_sp27  db 0,0
8bitsDePoder_ 000597  FFE8  00 00           	route_sp28  db 0,0
8bitsDePoder_ 000598  FFEA  00 00           	route_sp29  db 0,0
8bitsDePoder_ 000599  FFEC  00 00           	route_sp30  db 0,0
8bitsDePoder_ 000600  FFEE  00 00           	route_sp31  db 0,0
8bitsDePoder_ 000605  FFF0  00              	COA_spid  db 0
8bitsDePoder_ 000616  FFF1  00 00           	SOR_yant  dw 0
8bitsDePoder_ 000617  FFF3  00              	SOR_count  db 0
8bitsDePoder_ 000618  FFF4  00 00           	SOR_ant    dw 0
8bitsDePoder_ 000619  FFF6  00 00           	SOR_sig    dw 0
8bitsDePoder_ 000623  FFF8  00 00           	SOR_buffer  dw 0
8bitsDePoder_ 000625  FFFA                  	_SCREEN_7_END
8bitsDePoder_ 000626  FFFA                  	_SCREEN__END
8bitsDePoder_ 000627  FFFA  00              	NOP
8bitsDePoder_ 000634  FFFB                  	if ASSEMBLING_OPTION = 0
8bitsDePoder_ 000635  5C30                  	org 23600
8bitsDePoder_ 000636  5C30                  	endif
8bitsDePoder_ 000638  5C30                  	if ASSEMBLING_OPTION = 1
8bitsDePoder_ 000667  5C30                  	endif
8bitsDePoder_ 000669  5C30                  	if ASSEMBLING_OPTION = 2
8bitsDePoder_ 000690  5C30                  	endif
8bitsDePoder_ 000692  5C30                  	if ASSEMBLING_OPTION = 3
8bitsDePoder_ 000701  5C30                  	endif
8bitsDePoder_ 000703  5C30                  	if ASSEMBLING_OPTION = 4
8bitsDePoder_ 000726  5C30                  	endif
8bitsDePoder_ 000734  5C30                  	if capacidad_pseudo3d  = 1
8bitsDePoder_ 000737  5C30                  	_AJUSTA_SEGMENTO
8bitsDePoder_ 000744  5C30  3E 01           	ld a,1
8bitsDePoder_ 000745  5C32  32 EE E7        	ld (SPR_segment),a
8bitsDePoder_ 000746  5C35  01 00 00        	ld bc, 0
8bitsDePoder_ 000747  5C38  ED 43 E0 E7     	ld (PNTS_sumax2),bc
8bitsDePoder_ 000753  5C3C  2A DC C7        	ld hl,(SPR_coordx)
8bitsDePoder_ 000754  5C3F  22 E7 E7        	ld (SPR_coordx_no3d),hl
8bitsDePoder_ 000755  5C42  2A DA C7        	ld hl,(SPR_coordy)
8bitsDePoder_ 000756  5C45  22 E9 E7        	ld (SPR_coordy_no3d),hl
8bitsDePoder_ 000759  5C48  2A D6 C7        	ld hl,(SPR_image)
8bitsDePoder_ 000764  5C4B  23              	inc hl
8bitsDePoder_ 000765  5C4C  23              	inc hl
8bitsDePoder_ 000766  5C4D  7E              	ld a,(hl)
8bitsDePoder_ 000767  5C4E  32 D5 E7        	ld (PNTS_dx1),a
8bitsDePoder_ 000768  5C51  A7              	and a
8bitsDePoder_ 000769  5C52  C8              	ret z
8bitsDePoder_ 000772  5C53  CB 7F           	bit 7, a
8bitsDePoder_ 000773  5C55  20 20           	JR NZ, AJS_dx1neg
8bitsDePoder_ 000775  5C57                  	AJS_dx1pos
8bitsDePoder_ 000777  5C57  47              	ld b,a
8bitsDePoder_ 000778  5C58  3A EB E7        	ld  a, (SPR_altorestado)
8bitsDePoder_ 000779  5C5B  A7              	and a
8bitsDePoder_ 000780  5C5C  B8              	cp b
8bitsDePoder_ 000781  5C5D  38 08           	jr c , AJS_dxmayor_dxpos
8bitsDePoder_ 000786  5C5F  AF              	xor a
8bitsDePoder_ 000787  5C60  90              	sub b
8bitsDePoder_ 000790  5C61  4F              	ld c,a
8bitsDePoder_ 000791  5C62  06 FF           	AJS_dxmenor255  ld b,255
8bitsDePoder_ 000792  5C64  A7              	and a
8bitsDePoder_ 000793  5C65  18 20           	jr AJS_finajustepos
8bitsDePoder_ 000795  5C67                  	AJS_dxmayor_dxpos
8bitsDePoder_ 000796  5C67  A7              	and a
8bitsDePoder_ 000797  5C68  20 05           	JR NZ, AJS_algo
8bitsDePoder_ 000798  5C6A  01 00 00        	ld bc, 0
8bitsDePoder_ 000799  5C6D  18 18           	Jr AJS_finajustepos
8bitsDePoder_ 000800  5C6F  ED 44           	AJS_algo  neg
8bitsDePoder_ 000801  5C71  4F              	ld c,a
8bitsDePoder_ 000803  5C72  06 FF           	ld b,255
8bitsDePoder_ 000804  5C74  A7              	and a
8bitsDePoder_ 000805  5C75  18 10           	Jr AJS_finajustepos
8bitsDePoder_ 000807  5C77                  	AJS_dx1neg
8bitsDePoder_ 000809  5C77  ED 44           	neg
8bitsDePoder_ 000810  5C79  47              	ld b,a
8bitsDePoder_ 000811  5C7A  3A EB E7        	ld  a, (SPR_altorestado)
8bitsDePoder_ 000812  5C7D  A7              	and a
8bitsDePoder_ 000813  5C7E  B8              	cp b
8bitsDePoder_ 000814  5C7F  38 03           	jr c , AJS_dxmayor
8bitsDePoder_ 000817  5C81  48              	ld c,b
8bitsDePoder_ 000818  5C82  18 01           	jr AJS_finajuste
8bitsDePoder_ 000819  5C84                  	AJS_dxmayor
8bitsDePoder_ 000820  5C84  4F              	ld c,a
8bitsDePoder_ 000821  5C85                  	AJS_finajuste
8bitsDePoder_ 000822  5C85  06 00           	ld b,0
8bitsDePoder_ 000823  5C87                  	AJS_finajustepos
8bitsDePoder_ 000824  5C87  2A DC C7        	ld hl,(SPR_coordx)
8bitsDePoder_ 000825  5C8A  ED 42           	sbc hl, bc
8bitsDePoder_ 000826  5C8C  22 DC C7        	ld (SPR_coordx),hl
8bitsDePoder_ 000827  5C8F  22 E7 E7        	ld (SPR_coordx_no3d),hl
8bitsDePoder_ 000828  5C92  ED 43 E0 E7     	ld (PNTS_sumax2),bc
8bitsDePoder_ 000829  5C96  C9              	ret
8bitsDePoder_ 000830  5C97                  	_END_AJS
8bitsDePoder_ 000863  5C97  00              	PNTS_pt2_clipvinf  db 0
8bitsDePoder_ 000867  5C98                  	_3D_PAINT_SEGMENT
8bitsDePoder_ 000878  5C98                  	PNTS_notr
8bitsDePoder_ 000887  5C98  2A D6 C7        	ld hl,(SPR_image)
8bitsDePoder_ 000888  5C9B  23              	inc hl
8bitsDePoder_ 000889  5C9C  23              	inc hl
8bitsDePoder_ 000890  5C9D  7E              	ld a,(hl)
8bitsDePoder_ 000891  5C9E  32 D5 E7        	ld (PNTS_dx1),a
8bitsDePoder_ 000892  5CA1  23              	inc hl
8bitsDePoder_ 000893  5CA2  22 E2 C7        	ld (SPR_imagefinal),hl
8bitsDePoder_ 000894  5CA5  22 D8 C7        	LD (SPR_image_data),HL
8bitsDePoder_ 000898  5CA8  3A 55 5F        	ld a, (R3d_mode)
8bitsDePoder_ 000899  5CAB  A7              	and a
8bitsDePoder_ 000900  5CAC  20 0C           	JR NZ, PNTS_3D
8bitsDePoder_ 000905  5CAE  2A DC C7        	ld hl,(SPR_coordx)
8bitsDePoder_ 000906  5CB1  22 E7 E7        	ld (SPR_coordx_no3d),hl
8bitsDePoder_ 000907  5CB4  2A DA C7        	ld hl,(SPR_coordy)
8bitsDePoder_ 000908  5CB7  22 E9 E7        	ld (SPR_coordy_no3d),hl
8bitsDePoder_ 000911  5CBA                  	PNTS_3D
8bitsDePoder_ 000917  5CBA  2A DC C7        	ld hl, (SPR_coordx)
8bitsDePoder_ 000926  5CBD  22 DA E7        	ld (SPR_x1), hl
8bitsDePoder_ 000934  5CC0  01 7F 00        	ld bc, 127
8bitsDePoder_ 000935  5CC3  ED 42           	sbc hl, bc
8bitsDePoder_ 000936  5CC5  F0              	RET P
8bitsDePoder_ 000937  5CC6  2A DC C7        	ld hl, (SPR_coordx)
8bitsDePoder_ 000941  5CC9  CB 7C           	bit 7,h
8bitsDePoder_ 000942  5CCB  28 0E           	JR Z, PNTS_3D_inrange
8bitsDePoder_ 000946  5CCD  01 7F 00        	ld bc, 127
8bitsDePoder_ 000947  5CD0  09              	add HL, BC
8bitsDePoder_ 000950  5CD1  7C              	ld a, h
8bitsDePoder_ 000951  5CD2  A7              	and a
8bitsDePoder_ 000954  5CD3  C0              	RET NZ
8bitsDePoder_ 000959  5CD4  2A DC C7        	ld hl, (SPR_coordx)
8bitsDePoder_ 000960  5CD7  01 00 01        	ld bc, 256
8bitsDePoder_ 000961  5CDA  09              	add hl, bc
8bitsDePoder_ 000963  5CDB  7D              	PNTS_3D_inrange  ld a,L
8bitsDePoder_ 000964  5CDC  32 D4 E7        	ld (PNTS_xini),a
8bitsDePoder_ 000971  5CDF  2A E2 C7        	ld hl,(SPR_imagefinal)
8bitsDePoder_ 000972  5CE2  CD EA 5E        	CALL _3D_CLIP_SCANLINE
8bitsDePoder_ 000973  5CE5  22 E2 C7        	ld  (SPR_imagefinal),hl
8bitsDePoder_ 000974  5CE8  26 00           	ld h,0
8bitsDePoder_ 000975  5CEA  3A D4 E7        	ld a,(PNTS_xini)
8bitsDePoder_ 000976  5CED  6F              	ld l,a
8bitsDePoder_ 000977  5CEE  22 DC C7        	ld (SPR_coordx),hl
8bitsDePoder_ 000982  5CF1  2A DA C7        	ld hl, (SPR_coordy)
8bitsDePoder_ 000983  5CF4  22 DC E7        	ld (SPR_y1), hl
8bitsDePoder_ 000986  5CF7  CD 2D 6E        	call _COMPUTE_DIRPANT
8bitsDePoder_ 000987  5CFA  22 E4 C7        	ld (SPR_dirpant),hl
8bitsDePoder_ 000999  5CFD  3A E9 E7        	ld a, (SPR_coordy_no3d)
8bitsDePoder_ 001002  5D00  ED 4B E0 C7     	ld bc,(SPR_anchoaltofinal)
8bitsDePoder_ 001006  5D04  80              	add a,b
8bitsDePoder_ 001007  5D05  A7              	AND A
8bitsDePoder_ 001011  5D06  47              	ld b,a
8bitsDePoder_ 001012  5D07  3A 87 6C        	ld a, (SPR_MAX_Y)
8bitsDePoder_ 001014  5D0A  B8              	cp b
8bitsDePoder_ 001015  5D0B  38 01           	JR C, PNTS_CLIP
8bitsDePoder_ 001018  5D0D                  	PNTS_NOclipVinf
8bitsDePoder_ 001019  5D0D  78              	ld a, b
8bitsDePoder_ 001020  5D0E  32 DA C7        	PNTS_CLIP  ld (SPR_coordy),a
8bitsDePoder_ 001028  5D11  2A E7 E7        	ld hl,(SPR_coordx_no3d)
8bitsDePoder_ 001029  5D14  ED 4B E0 E7     	ld bc, (PNTS_sumax2)
8bitsDePoder_ 001030  5D18  09              	add hl,bc
8bitsDePoder_ 001035  5D19  3A D5 E7        	ld a ,(PNTS_dx1)
8bitsDePoder_ 001036  5D1C  CB 7F           	bit 7,a
8bitsDePoder_ 001037  5D1E  28 09           	JR Z, PNTS_dx1pos
8bitsDePoder_ 001038  5D20  ED 44           	neg
8bitsDePoder_ 001039  5D22  06 00           	ld b,0
8bitsDePoder_ 001040  5D24  4F              	ld c,a
8bitsDePoder_ 001041  5D25  ED 42           	sbc hl,bc
8bitsDePoder_ 001043  5D27  18 04           	JR PNTS_dx1sumado
8bitsDePoder_ 001044  5D29  06 00           	PNTS_dx1pos     ld b,0
8bitsDePoder_ 001045  5D2B  4F              	ld c,a
8bitsDePoder_ 001046  5D2C  09              	add hl, bc
8bitsDePoder_ 001048  5D2D                  	PNTS_dx1sumado
8bitsDePoder_ 001049  5D2D  22 DC C7        	ld (SPR_coordx),hl
8bitsDePoder_ 001059  5D30  3A 55 5F        	ld a, (R3d_mode)
8bitsDePoder_ 001060  5D33  A7              	and a
8bitsDePoder_ 001061  5D34  28 03           	JR Z, PNTS_despues_proyectar
8bitsDePoder_ 001065  5D36  CD 19 5E        	PNTS_proyectar  call _3D_PROYECTA_xy
8bitsDePoder_ 001071  5D39                  	PNTS_despues_proyectar
8bitsDePoder_ 001075  5D39  2A DA C7        	ld hl, (SPR_coordy)
8bitsDePoder_ 001076  5D3C  ED 4B DC E7     	ld bc, (SPR_y1)
8bitsDePoder_ 001077  5D40  A7              	and a
8bitsDePoder_ 001078  5D41  ED 42           	sbc hl,bc
8bitsDePoder_ 001079  5D43  7D              	ld a,l
8bitsDePoder_ 001080  5D44  A7              	and a
8bitsDePoder_ 001081  5D45  C8              	ret z
8bitsDePoder_ 001082  5D46  32 E1 C7        	ld (SPR_altofinal),a
8bitsDePoder_ 001091  5D49  2A DC C7        	ld hl, (SPR_coordx)
8bitsDePoder_ 001092  5D4C  ED 4B DA E7     	ld bc, (SPR_x1)
8bitsDePoder_ 001093  5D50  AF              	xor a
8bitsDePoder_ 001094  5D51  A7              	and a
8bitsDePoder_ 001095  5D52  ED 42           	sbc hl,bc
8bitsDePoder_ 001096  5D54  F2 62 5D        	JP P, PNTS_dxpos
8bitsDePoder_ 001103  5D57  7C              	ld a, h
8bitsDePoder_ 001104  5D58  EE FF           	xor %11111111
8bitsDePoder_ 001105  5D5A  67              	ld H,a
8bitsDePoder_ 001106  5D5B  7D              	ld a,L
8bitsDePoder_ 001107  5D5C  EE FF           	xor  %11111111
8bitsDePoder_ 001108  5D5E  6F              	ld l,a
8bitsDePoder_ 001109  5D5F  23              	inc hl
8bitsDePoder_ 001110  5D60  3E 01           	ld a,1
8bitsDePoder_ 001112  5D62                  	PNTS_dxpos
8bitsDePoder_ 001117  5D62  32 D8 E7        	ld (PNTS_dxsigno),a
8bitsDePoder_ 001131  5D65  29              	add hl,hl
8bitsDePoder_ 001132  5D66  29              	add hl,hl
8bitsDePoder_ 001133  5D67  29              	add hl,hl
8bitsDePoder_ 001134  5D68  29              	add hl,hl
8bitsDePoder_ 001135  5D69  29              	add hl,hl
8bitsDePoder_ 001137  5D6A                  	VECES  equ 32
8bitsDePoder_ 001145  5D6A  1E 00           	ld e, 0
8bitsDePoder_ 001146  5D6C  06 00           	ld b,0
8bitsDePoder_ 001151  5D6E  3A 97 5C        	ld a, (PNTS_pt2_clipvinf)
8bitsDePoder_ 001152  5D71  A7              	and a
8bitsDePoder_ 001153  5D72  28 0B           	jr Z, PNTS_nopt2v
8bitsDePoder_ 001156  5D74  3A D5 E7        	ld a, (PNTS_dx1)
8bitsDePoder_ 001157  5D77  A7              	and a
8bitsDePoder_ 001158  5D78  28 05           	JR Z,PNTS_nopt2v
8bitsDePoder_ 001160  5D7A  3A DF C7        	ld a,(SPR_alto)
8bitsDePoder_ 001161  5D7D  18 03           	JR PNTS_sipt2v
8bitsDePoder_ 001163  5D7F  3A E1 C7        	PNTS_nopt2v  ld a,(SPR_altofinal)
8bitsDePoder_ 001164  5D82  4F              	PNTS_sipt2v  ld c,a
8bitsDePoder_ 001165  5D83  A7              	and a
8bitsDePoder_ 001169  5D84  AF              	xor a
8bitsDePoder_ 001171  5D85  ED 42           	PNTS_div  sbc hl, bc
8bitsDePoder_ 001172  5D87  38 0A           	JR C, PNTS_divfin2
8bitsDePoder_ 001174  5D89  1C              	inc e
8bitsDePoder_ 001176  5D8A  7B              	ld a,e
8bitsDePoder_ 001177  5D8B  FE FF           	cp 255
8bitsDePoder_ 001178  5D8D  28 02           	JR Z, PNTS_divfin1
8bitsDePoder_ 001180  5D8F  18 F4           	JR PNTS_div
8bitsDePoder_ 001182  5D91  1E FF           	PNTS_divfin1  ld e,255
8bitsDePoder_ 001184  5D93                  	PNTS_divfin2
8bitsDePoder_ 001188  5D93  7B              	ld a,e
8bitsDePoder_ 001194  5D94                  	dxok
8bitsDePoder_ 001199  5D94  32 D6 E7        	ld (PNTS_dx2pos),a
8bitsDePoder_ 001206  5D97                  	PNTS_dx2fin
8bitsDePoder_ 001208  5D97  AF              	xor a
8bitsDePoder_ 001210  5D98  32 D9 E7        	ld (PNTS_dxacumul),a
8bitsDePoder_ 001225  5D9B                  	PNTS
8bitsDePoder_ 001226  5D9B  ED 5B E2 C7     	ld de,(SPR_imagefinal)
8bitsDePoder_ 001227  5D9F  ED 4B E0 C7     	ld bc,(SPR_anchoaltofinal)
8bitsDePoder_ 001228  5DA3  2A E4 C7        	ld hl, (SPR_dirpant)
8bitsDePoder_ 001229  5DA6  EB              	ex de,hl
8bitsDePoder_ 001232  5DA7  3A E0 C7        	ld a,(SPR_anchofinal)
8bitsDePoder_ 001234  5DAA                  	PNTS_loop_alto
8bitsDePoder_ 001235  5DAA  C5              	push bc
8bitsDePoder_ 001236  5DAB  D5              	push de
8bitsDePoder_ 001239  5DAC                  	PNTS_loop_ancho
8bitsDePoder_ 001241  5DAC  06 00           	ld b,0
8bitsDePoder_ 001244  5DAE                  	PNTS_scanh
8bitsDePoder_ 001246  5DAE                  	DEL_PAINT_SEGMENT
8bitsDePoder_ 001257  5DAE  0D              	DEC C
8bitsDePoder_ 001258  5DAF  FA B6 5D        	JP M,pnts_noPINTA
8bitsDePoder_ 001259  5DB2  0C              	pnts_PINTA  INC C
8bitsDePoder_ 001261  5DB3                  	pnts_PINTA_NOTRANSP
8bitsDePoder_ 001263  5DB3  ED B0           	ldir
8bitsDePoder_ 001265  5DB5  00              	nop
8bitsDePoder_ 001268  5DB6                  	pnts_NOPINTA
8bitsDePoder_ 001278  5DB6  16 00           	ld d,0
8bitsDePoder_ 001279  5DB8  3A E0 C7        	ld a,(SPR_anchofinal)
8bitsDePoder_ 001280  5DBB  5F              	ld e,a
8bitsDePoder_ 001281  5DBC  A7              	and a
8bitsDePoder_ 001282  5DBD  ED 52           	sbc hl, de
8bitsDePoder_ 001286  5DBF                  	PNTS_saca_pant
8bitsDePoder_ 001287  5DBF  D1              	pop DE
8bitsDePoder_ 001293  5DC0  3A D9 E7        	ld a, (PNTS_dxacumul)
8bitsDePoder_ 001294  5DC3  47              	PNTS_bucNold  ld b, a
8bitsDePoder_ 001295  5DC4  3A D6 E7        	ld a,(PNTS_dx2pos)
8bitsDePoder_ 001296  5DC7  80              	add a,b
8bitsDePoder_ 001297  5DC8  32 D9 E7        	ld (PNTS_dxacumul),a
8bitsDePoder_ 001298  5DCB  FE 20           	PNTS_bucN  cp VECES
8bitsDePoder_ 001299  5DCD  38 29           	JR C, PNTS_menor_N
8bitsDePoder_ 001304  5DCF  01 01 00        	ld bc,1
8bitsDePoder_ 001308  5DD2  3A D8 E7        	ld a,(PNTS_dxsigno)
8bitsDePoder_ 001309  5DD5  A7              	and a
8bitsDePoder_ 001310  5DD6  28 0C           	JR Z , PNTS_spos
8bitsDePoder_ 001312  5DD8  01 FF FF        	ld bc ,-1
8bitsDePoder_ 001315  5DDB  3A D4 E7        	ld a, (PNTS_xini)
8bitsDePoder_ 001316  5DDE  3D              	dec a
8bitsDePoder_ 001317  5DDF  32 D4 E7        	ld (PNTS_xini),a
8bitsDePoder_ 001320  5DE2  18 07           	JR PNTS_suma
8bitsDePoder_ 001322  5DE4                  	PNTS_spos
8bitsDePoder_ 001323  5DE4  3A D4 E7        	ld a, (PNTS_xini)
8bitsDePoder_ 001324  5DE7  3C              	inc a
8bitsDePoder_ 001325  5DE8  32 D4 E7        	ld (PNTS_xini),a
8bitsDePoder_ 001327  5DEB                  	PNTS_suma
8bitsDePoder_ 001328  5DEB  EB              	ex de,hl
8bitsDePoder_ 001329  5DEC  09              	add hl, bc
8bitsDePoder_ 001330  5DED  EB              	ex de,hl
8bitsDePoder_ 001331  5DEE  3A D9 E7        	ld a,(PNTS_dxacumul)
8bitsDePoder_ 001332  5DF1  D6 20           	sub VECES
8bitsDePoder_ 001333  5DF3  32 D9 E7        	ld (PNTS_dxacumul),a
8bitsDePoder_ 001334  5DF6  18 D3           	JR PNTS_bucN
8bitsDePoder_ 001335  5DF8  32 D9 E7        	PNTS_menor_N  ld (PNTS_dxacumul),a
8bitsDePoder_ 001338  5DFB  CD EA 5E        	CALL _3D_CLIP_SCANLINE
8bitsDePoder_ 001339  5DFE  C1              	pop bc
8bitsDePoder_ 001340  5DFF  3A E0 C7        	ld a, (SPR_anchofinal)
8bitsDePoder_ 001341  5E02  4F              	ld c,a
8bitsDePoder_ 001342  5E03  C5              	push bc
8bitsDePoder_ 001347  5E04  7A              	ld A,D
8bitsDePoder_ 001348  5E05  C6 08           	add &08
8bitsDePoder_ 001350  5E07  57              	ld D,A
8bitsDePoder_ 001351  5E08  D6 C0           	sub &C0
8bitsDePoder_ 001353  5E0A  30 06           	jr nc,PNTS_sig_linea
8bitsDePoder_ 001363  5E0C  EB              	ex de,hl
8bitsDePoder_ 001364  5E0D  01 50 C0        	ld bc,&c050
8bitsDePoder_ 001365  5E10  09              	add HL,BC
8bitsDePoder_ 001366  5E11  EB              	ex de,hl
8bitsDePoder_ 001367  5E12                  	PNTS_sig_linea
8bitsDePoder_ 001368  5E12  C1              	pop bc
8bitsDePoder_ 001371  5E13  10 95           	djnz PNTS_loop_alto
8bitsDePoder_ 001373  5E15  C9              	ret
8bitsDePoder_ 001375  5E16                  	PNTS_out_clipizq
8bitsDePoder_ 001376  5E16  D1              	pop de
8bitsDePoder_ 001378  5E17                  	PNTS_out_clipizq2
8bitsDePoder_ 001379  5E17  C1              	pop bc
8bitsDePoder_ 001380  5E18  C9              	ret
8bitsDePoder_ 001383  5E19                  	_END_PNTS
8bitsDePoder_ 001415  5E19                  	_3D_PROYECTA_XY
8bitsDePoder_ 001429  5E19                  	XY3D_dx1zero
8bitsDePoder_ 001449  5E19  2A DA C7        	ld hl,(SPR_coordy)
8bitsDePoder_ 001450  5E1C  01 95 00        	ld bc, 149
8bitsDePoder_ 001451  5E1F  A7              	and a
8bitsDePoder_ 001452  5E20  ED 42           	SBC hl,bc
8bitsDePoder_ 001453  5E22  30 2A           	JR NC,XY3D_X
8bitsDePoder_ 001458  5E24  2A DA C7        	ld hl,(SPR_coordy)
8bitsDePoder_ 001459  5E27  01 59 00        	ld bc, 89
8bitsDePoder_ 001460  5E2A  A7              	and a
8bitsDePoder_ 001461  5E2B  ED 42           	SBC hl,bc
8bitsDePoder_ 001462  5E2D  38 0D           	JR C,XY3D_Y2
8bitsDePoder_ 001467  5E2F  CB 3C           	SRL H
8bitsDePoder_ 001468  5E31  CB 1D           	RR L
8bitsDePoder_ 001469  5E33  01 7A 00        	ld bc,122
8bitsDePoder_ 001470  5E36  09              	add hl, bc
8bitsDePoder_ 001471  5E37  22 DA C7        	ld (SPR_coordy),hl
8bitsDePoder_ 001472  5E3A  18 12           	JR XY3D_X
8bitsDePoder_ 001476  5E3C                  	XY3D_Y2
8bitsDePoder_ 001490  5E3C  2A DA C7        	XY3D_Y3  ld hl,(SPR_coordy)
8bitsDePoder_ 001491  5E3F  CB 3C           	SRL H
8bitsDePoder_ 001492  5E41  CB 1D           	RR L
8bitsDePoder_ 001493  5E43  CB 3C           	SRL H
8bitsDePoder_ 001494  5E45  CB 1D           	RR L
8bitsDePoder_ 001495  5E47  01 64 00        	ld bc,100
8bitsDePoder_ 001496  5E4A  09              	add hl, bc
8bitsDePoder_ 001497  5E4B                  	XY3D_Y2fin
8bitsDePoder_ 001498  5E4B  22 DA C7        	ld (SPR_coordy),hl
8bitsDePoder_ 001501  5E4E                  	XY3D_X
8bitsDePoder_ 001512  5E4E  2A DA C7        	ld hl,(SPR_coordy)
8bitsDePoder_ 001513  5E51  11 46 00        	ld de, 100-30
8bitsDePoder_ 001514  5E54  A7              	and a
8bitsDePoder_ 001515  5E55  ED 52           	SBC HL, de
8bitsDePoder_ 001532  5E57                  	xy3d_div
8bitsDePoder_ 001533  5E57  CB 3C           	SRL H
8bitsDePoder_ 001534  5E59  CB 1D           	RR L
8bitsDePoder_ 001538  5E5B  7D              	LD A, L
8bitsDePoder_ 001539  5E5C  32 E5 E7        	LD (XY3D_ratiox),a
8bitsDePoder_ 001543  5E5F  2A DC C7        	ld hl,(SPR_coordx)
8bitsDePoder_ 001544  5E62  EB              	ex de,hl
8bitsDePoder_ 001546  5E63                  	MID_HORIZON
8bitsDePoder_ 001547  5E63  21 A0 00        	ld hl, 160
8bitsDePoder_ 001548  5E66  A7              	and a
8bitsDePoder_ 001549  5E67  ED 52           	sbc hl,de
8bitsDePoder_ 001552  5E69  30 09           	JR NC, XY3D_POS
8bitsDePoder_ 001558  5E6B  3E 01           	ld a, 1
8bitsDePoder_ 001559  5E6D  32 E2 E7        	ld (XY3D_SIGNO),a
8bitsDePoder_ 001561  5E70  19              	add hl,de
8bitsDePoder_ 001562  5E71  EB              	ex de,hl
8bitsDePoder_ 001563  5E72  ED 52           	sbc hl,de
8bitsDePoder_ 001567  5E74                  	XY3D_POS
8bitsDePoder_ 001572  5E74  CB 7C           	bit 7,h
8bitsDePoder_ 001574  5E76  28 05           	JR Z, XY3D_in_range
8bitsDePoder_ 001575  5E78  21 FF 00        	ld hl, 255
8bitsDePoder_ 001578  5E7B  18 10           	jr XY3D_prefin
8bitsDePoder_ 001580  5E7D                  	xy3d_in_range
8bitsDePoder_ 001581  5E7D  3A E5 E7        	ld a, (XY3D_ratiox)
8bitsDePoder_ 001582  5E80  5F              	ld e,a
8bitsDePoder_ 001584  5E81  65              	ld h,l
8bitsDePoder_ 001586  5E82  CD 50 6D        	CALL _mul8bit
8bitsDePoder_ 001591  5E85  06 06           	ld b, 6
8bitsDePoder_ 001594  5E87                  	XYBUC
8bitsDePoder_ 001595  5E87  CB 3C           	SRL H
8bitsDePoder_ 001596  5E89  CB 1D           	RR L
8bitsDePoder_ 001597  5E8B  10 FA           	DJNZ XYBUC
8bitsDePoder_ 001603  5E8D                  	XY3D_prefin
8bitsDePoder_ 001604  5E8D  3A E2 E7        	ld a, (XY3D_SIGNO)
8bitsDePoder_ 001605  5E90  A7              	and a
8bitsDePoder_ 001606  5E91  20 08           	JR NZ, XY3D_DERE
8bitsDePoder_ 001608  5E93  EB              	ex de,hl
8bitsDePoder_ 001609  5E94  21 28 00        	ld hl,40
8bitsDePoder_ 001610  5E97  ED 52           	sbc hl, de
8bitsDePoder_ 001614  5E99  18 0A           	JR XY3D_fin
8bitsDePoder_ 001616  5E9B                  	XY3D_DERE
8bitsDePoder_ 001618  5E9B  3E 00           	ld a, 0
8bitsDePoder_ 001619  5E9D  32 E2 E7        	ld (XY3D_SIGNO),a
8bitsDePoder_ 001620  5EA0  EB              	ex de,hl
8bitsDePoder_ 001621  5EA1  21 28 00        	ld hl, 40
8bitsDePoder_ 001622  5EA4  19              	add hl, de
8bitsDePoder_ 001625  5EA5                  	XY3D_fin
8bitsDePoder_ 001627  5EA5  22 DC C7        	ld (SPR_coordx),hl
8bitsDePoder_ 001629  5EA8                  	XY3D_fin2
8bitsDePoder_ 001630  5EA8  2A DA C7        	ld hl, (SPR_coordy)
8bitsDePoder_ 001631  5EAB  06 00           	ld b,0
8bitsDePoder_ 001632  5EAD  3A E6 E7        	ld a, (XY3D_offsetY)
8bitsDePoder_ 001633  5EB0  4F              	ld c,a
8bitsDePoder_ 001634  5EB1  A7              	and a
8bitsDePoder_ 001635  5EB2  ED 42           	SBC hl, bc
8bitsDePoder_ 001636  5EB4  22 DA C7        	ld (SPR_coordy),hl
8bitsDePoder_ 001639  5EB7  C9              	ret
8bitsDePoder_ 001642  5EB8                  	_ENDXY
8bitsDePoder_ 001654  5EB8                  	_3D_GET_ZOOM_IMAGE
8bitsDePoder_ 001658  5EB8  21 E4 85        	ld HL,_BEGIN_3D_ZOOM_IMAGES-1
8bitsDePoder_ 001659  5EBB  11 E6 85        	ld DE,_END_3D_ZOOM_IMAGES-1
8bitsDePoder_ 001660  5EBE  CD E3 6D        	CALL CHECK_DOUBLE_LIMITS
8bitsDePoder_ 001661  5EC1  D0              	ret NC
8bitsDePoder_ 001686  5EC2  2A DA C7        	ld hl, (SPR_coordy)
8bitsDePoder_ 001687  5EC5  CB 7C           	bit 7,h
8bitsDePoder_ 001688  5EC7  20 0D           	JR NZ, ZOM_mini
8bitsDePoder_ 001689  5EC9  3A E5 85        	ld a,(_ZOOM_LIMIT_A)
8bitsDePoder_ 001690  5ECC  BD              	cp l
8bitsDePoder_ 001691  5ECD  38 11           	JR C, ZOM_grande
8bitsDePoder_ 001693  5ECF  3A E6 85        	ld a,(_ZOOM_LIMIT_B)
8bitsDePoder_ 001694  5ED2  A7              	and a
8bitsDePoder_ 001695  5ED3  BD              	cp l
8bitsDePoder_ 001696  5ED4  38 05           	JR C, ZOM_medio
8bitsDePoder_ 001698  5ED6                  	ZOM_mini
8bitsDePoder_ 001699  5ED6  11 02 00        	ld de,2
8bitsDePoder_ 001700  5ED9  18 08           	jr ZOM_set
8bitsDePoder_ 001702  5EDB                  	ZOM_medio
8bitsDePoder_ 001703  5EDB  11 04 00        	ld de, 4
8bitsDePoder_ 001704  5EDE  18 03           	jr ZOM_set
8bitsDePoder_ 001706  5EE0                  	ZOM_grande
8bitsDePoder_ 001707  5EE0  11 06 00        	ld de,6
8bitsDePoder_ 001709  5EE3                  	ZOM_SET
8bitsDePoder_ 001710  5EE3  60              	ld h,b
8bitsDePoder_ 001711  5EE4  69              	ld l,c
8bitsDePoder_ 001712  5EE5  19              	add hl,de
8bitsDePoder_ 001714  5EE6  4E              	ld c,(hl)
8bitsDePoder_ 001715  5EE7  23              	inc hl
8bitsDePoder_ 001716  5EE8  46              	ld b,(hl)
8bitsDePoder_ 001720  5EE9                  	ZOM_fin
8bitsDePoder_ 001721  5EE9  C9              	ret
8bitsDePoder_ 001744  5EEA                  	_3D_CLIP_SCANLINE
8bitsDePoder_ 001748  5EEA  3A 81 6C        	ld a, (SPR_MIN_X)
8bitsDePoder_ 001749  5EED  4F              	ld c, a
8bitsDePoder_ 001750  5EEE  3A D4 E7        	ld a, (PNTS_xini)
8bitsDePoder_ 001752  5EF1  B9              	cp c
8bitsDePoder_ 001754  5EF2  FA 18 5F        	JP M, CLIP_IZQ
8bitsDePoder_ 001758  5EF5  3A D4 E7        	CLIP_DERE  ld a, (PNTS_xini)
8bitsDePoder_ 001760  5EF8  4F              	ld c, a
8bitsDePoder_ 001762  5EF9  3A DE C7        	ld  a, (SPR_ancho)
8bitsDePoder_ 001763  5EFC  81              	add c
8bitsDePoder_ 001764  5EFD  4F              	ld c,a
8bitsDePoder_ 001765  5EFE  3A 83 6C        	ld a, (SPR_MAX_X)
8bitsDePoder_ 001766  5F01  91              	sub c
8bitsDePoder_ 001767  5F02  F0              	RET P
8bitsDePoder_ 001770  5F03  ED 44           	neg
8bitsDePoder_ 001771  5F05  4F              	ld c, a
8bitsDePoder_ 001773  5F06  3A DE C7        	ld a ,(SPR_ancho)
8bitsDePoder_ 001774  5F09  91              	sub c
8bitsDePoder_ 001775  5F0A  F2 14 5F        	JP P, CLIP_algo
8bitsDePoder_ 001776  5F0D                  	CLIP_nada
8bitsDePoder_ 001777  5F0D  3A 83 6C        	ld a,(SPR_MAX_X)
8bitsDePoder_ 001778  5F10  32 D4 E7        	ld (PNTS_xini),a
8bitsDePoder_ 001779  5F13  AF              	xor a
8bitsDePoder_ 001780  5F14  32 E0 C7        	CLIP_algo  ld (SPR_anchofinal),a
8bitsDePoder_ 001781  5F17  C9              	ret
8bitsDePoder_ 001786  5F18  ED 44           	CLIP_IZQ  neg
8bitsDePoder_ 001787  5F1A  4F              	ld c,a
8bitsDePoder_ 001792  5F1B  AF              	xor a
8bitsDePoder_ 001793  5F1C  32 D4 E7        	ld (PNTS_xini),a
8bitsDePoder_ 001797  5F1F  3A E0 C7        	ld a ,(SPR_anchofinal)
8bitsDePoder_ 001801  5F22  91              	sub  c
8bitsDePoder_ 001802  5F23  30 01           	JR NC, CLIP_IZN
8bitsDePoder_ 001803  5F25  AF              	xor a
8bitsDePoder_ 001804  5F26  32 E0 C7        	CLIP_IZN  ld (SPR_anchofinal),a
8bitsDePoder_ 001810  5F29  06 00           	ld b,0
8bitsDePoder_ 001812  5F2B  09              	add hl,bc
8bitsDePoder_ 001823  5F2C  EB              	ex de,hl
8bitsDePoder_ 001824  5F2D  09              	add hl,bc
8bitsDePoder_ 001825  5F2E  EB              	ex de,hl
8bitsDePoder_ 001826  5F2F  C9              	ret
8bitsDePoder_ 001841  5F30                  	PINTA_SEG_TR
8bitsDePoder_ 001845  5F30  41              	ld b,c
8bitsDePoder_ 001846  5F31                  	PSTR_scanh
8bitsDePoder_ 001847  5F31  7E              	ld a,(HL)
8bitsDePoder_ 001848  5F32  4F              	ld c,a
8bitsDePoder_ 001849  5F33  E6 C0           	PSTR_bin1  and a,%11000000
8bitsDePoder_ 001850  5F35  28 14           	jr z, PSTR_fondo
8bitsDePoder_ 001851  5F37  FE CC           	PSTR_bin2  cp %11001100
8bitsDePoder_ 001852  5F39  28 15           	jr z,PSTR_transp
8bitsDePoder_ 001853  5F3B  79              	ld a,c
8bitsDePoder_ 001855  5F3C                  	PSTR_der
8bitsDePoder_ 001856  5F3C  CB 71           	bit 6,c
8bitsDePoder_ 001857  5F3E  28 09           	jr z, PSTR_izq
8bitsDePoder_ 001858  5F40  CB B1           	res 6,c
8bitsDePoder_ 001859  5F42  1A              	ld a,(de)
8bitsDePoder_ 001860  5F43  E6 55           	and a, %01010101
8bitsDePoder_ 001861  5F45  B1              	or a,c
8bitsDePoder_ 001862  5F46  4F              	ld c,a
8bitsDePoder_ 001863  5F47  18 02           	jr PSTR_fondo
8bitsDePoder_ 001864  5F49                  	PSTR_izq
8bitsDePoder_ 001865  5F49  CB B9           	res 7,c
8bitsDePoder_ 001866  5F4B  1A              	PSTR_fondo  ld a,(DE)
8bitsDePoder_ 001867  5F4C  E6 C0           	PSTR_bin3  and a,%11000000
8bitsDePoder_ 001868  5F4E  B1              	or a,c
8bitsDePoder_ 001870  5F4F  12              	PSTR_pinta  ld (DE),a
8bitsDePoder_ 001871  5F50  13              	PSTR_transp  inc de
8bitsDePoder_ 001872  5F51  23              	inc hl
8bitsDePoder_ 001875  5F52  10 DD           	djnz PSTR_scanh
8bitsDePoder_ 001876  5F54  C9              	ret
8bitsDePoder_ 001895  5F55  00              	R3D_mode db 0
8bitsDePoder_ 001898  5F56  A8 61           	R3D_MAX_sprite_Dir dw 25000
8bitsDePoder_ 001904  5F58                  	_3D_RENDER3D
8bitsDePoder_ 001905  5F58                  	_RENDER3D
8bitsDePoder_ 001908  5F58  3D              	dec a
8bitsDePoder_ 001909  5F59  28 19           	jr Z,_3D_no
8bitsDePoder_ 001911  5F5B  DD 7E 00        	ld a,(ix+0)
8bitsDePoder_ 001912  5F5E  32 E6 E7        	ld (XY3D_offsetY), a
8bitsDePoder_ 001915  5F61  DD 7E 02        	ld a,(ix+2)
8bitsDePoder_ 001917  5F64  CD C4 6D        	call _get_dir_sp
8bitsDePoder_ 001925  5F67  23              	inc hl
8bitsDePoder_ 001926  5F68  22 56 5F        	ld (R3D_MAX_sprite_Dir), hl
8bitsDePoder_ 001928  5F6B  DD 7E 04        	ld a,(ix+4)
8bitsDePoder_ 001929  5F6E  32 55 5F        	ld (R3D_mode), a
8bitsDePoder_ 001931  5F71  A7              	and a
8bitsDePoder_ 001932  5F72  20 0A           	Jr NZ, _3D_SI
8bitsDePoder_ 001936  5F74                  	_3D_no
8bitsDePoder_ 001937  5F74  21 4F 00        	ld hl, 79
8bitsDePoder_ 001938  5F77  22 24 69        	ld (M2S_ANCHOVISIBLE), hl
8bitsDePoder_ 001941  5F7A  22 56 5F        	ld (R3D_MAX_sprite_Dir), hl
8bitsDePoder_ 001942  5F7D  C9              	ret
8bitsDePoder_ 001948  5F7E                  	_3D_SI
8bitsDePoder_ 001950  5F7E                  	R3D_modes12
8bitsDePoder_ 001955  5F7E                  	R3D_2
8bitsDePoder_ 001956  5F7E  21 68 01        	ld hl, 360
8bitsDePoder_ 001957  5F81  22 24 69        	ld (M2S_ANCHOVISIBLE), hl
8bitsDePoder_ 001958  5F84  21 A0 00        	ld hl, 160
8bitsDePoder_ 001959  5F87  22 64 5E        	ld (MID_HORIZON+1), hl
8bitsDePoder_ 001960  5F8A  C9              	ret
8bitsDePoder_ 001961  5F8B                  	R3d_fin
8bitsDePoder_ 001963  5F8B                  	_END_CODE_3D
8bitsDePoder_ 001965  5F8B                  	endif
8bitsDePoder_ 001983  5F8B                  	if  capacidad_scrolling  = 1
8bitsDePoder_ 002045  5F8B                  	_UPDATE_MAP
8bitsDePoder_ 002046  5F8B                  	_UMA
8bitsDePoder_ 002049  5F8B  AF              	xor a
8bitsDePoder_ 002050  5F8C  32 DF EF        	ld (UMA_item_count),a
8bitsDePoder_ 002053  5F8F  21 3D A4        	ld hl,_MAP_TABLE+5
8bitsDePoder_ 002054  5F92  22 E6 EF        	ld (UMA_map_ptr),hl
8bitsDePoder_ 002057  5F95  DD 6E 00        	ld l, (IX+0)
8bitsDePoder_ 002058  5F98  DD 66 01        	ld h, (IX+1)
8bitsDePoder_ 002060  5F9B  22 D7 EF        	ld (UMA_xfin),hl
8bitsDePoder_ 002063  5F9E  DD 6E 02        	ld l, (IX+2)
8bitsDePoder_ 002064  5FA1  DD 66 03        	ld h, (IX+3)
8bitsDePoder_ 002065  5FA4  22 D5 EF        	ld (UMA_xini),hl
8bitsDePoder_ 002068  5FA7  DD 6E 04        	ld l, (IX+4)
8bitsDePoder_ 002069  5FAA  DD 66 05        	ld h, (IX+5)
8bitsDePoder_ 002070  5FAD  22 DB EF        	ld (UMA_yfin),hl
8bitsDePoder_ 002073  5FB0  DD 6E 06        	ld l, (IX+6)
8bitsDePoder_ 002074  5FB3  DD 66 07        	ld h, (IX+7)
8bitsDePoder_ 002075  5FB6  22 D9 EF        	ld (UMA_yini),hl
8bitsDePoder_ 002083  5FB9  DD 6E 0A        	ld l, (IX+10)
8bitsDePoder_ 002084  5FBC  DD 66 0B        	ld h, (IX+11)
8bitsDePoder_ 002085  5FBF  22 DD EF        	ld (UMA_dirmap_ini),hl
8bitsDePoder_ 002090  5FC2  DD 6E 08        	ld l, (IX+8)
8bitsDePoder_ 002091  5FC5  DD 66 09        	ld h, (IX+9)
8bitsDePoder_ 002092  5FC8  01 FA FF        	ld bc, -6
8bitsDePoder_ 002093  5FCB  09              	add hl,bc
8bitsDePoder_ 002094  5FCC  22 E0 EF        	ld (UMA_dirmap_ptr),hl
8bitsDePoder_ 002099  5FCF                  	UMA_buc
8bitsDePoder_ 002105  5FCF  5E              	ld e,(HL)
8bitsDePoder_ 002106  5FD0  23              	inc hl
8bitsDePoder_ 002107  5FD1  56              	ld d, (HL)
8bitsDePoder_ 002112  5FD2  EB              	ex de, hl
8bitsDePoder_ 002113  5FD3  22 E2 EF        	ld (UMA_item_y),hl
8bitsDePoder_ 002114  5FD6  ED 4B DB EF     	ld bc, (UMA_yfin)
8bitsDePoder_ 002115  5FDA  A7              	and a
8bitsDePoder_ 002116  5FDB  ED 42           	sbc hl,bc
8bitsDePoder_ 002117  5FDD  30 3E           	JR NC, UMA_bucnext
8bitsDePoder_ 002120  5FDF  2A E2 EF        	ld hl, (UMA_item_y)
8bitsDePoder_ 002123  5FE2  ED 4B D9 EF     	ld bc, (UMA_yini)
8bitsDePoder_ 002124  5FE6  A7              	and a
8bitsDePoder_ 002125  5FE7  ED 42           	sbc hl,bc
8bitsDePoder_ 002126  5FE9  38 32           	JR C, UMA_bucnext
8bitsDePoder_ 002131  5FEB  EB              	ex de, hl
8bitsDePoder_ 002132  5FEC  23              	inc hl
8bitsDePoder_ 002133  5FED  5E              	ld e,(HL)
8bitsDePoder_ 002134  5FEE  23              	inc hl
8bitsDePoder_ 002135  5FEF  56              	ld d, (HL)
8bitsDePoder_ 002136  5FF0  EB              	ex de, hl
8bitsDePoder_ 002137  5FF1  22 E4 EF        	ld (UMA_item_x),hl
8bitsDePoder_ 002141  5FF4  ED 4B D7 EF     	ld bc, (UMA_xfin)
8bitsDePoder_ 002142  5FF8  A7              	and a
8bitsDePoder_ 002143  5FF9  ED 42           	sbc hl,bc
8bitsDePoder_ 002144  5FFB  30 20           	JR NC, UMA_bucnext
8bitsDePoder_ 002148  5FFD  2A E4 EF        	ld hl,(UMA_item_x)
8bitsDePoder_ 002149  6000  ED 4B D5 EF     	ld bc, (UMA_xini)
8bitsDePoder_ 002150  6004  A7              	and a
8bitsDePoder_ 002151  6005  ED 42           	sbc hl,bc
8bitsDePoder_ 002152  6007  38 14           	JR C, UMA_bucnext
8bitsDePoder_ 002162  6009  21 DF EF        	ld hl,UMA_item_count
8bitsDePoder_ 002163  600C  34              	inc (hl)
8bitsDePoder_ 002167  600D  2A E0 EF        	ld hl, (UMA_dirmap_ptr)
8bitsDePoder_ 002168  6010  01 06 00        	ld bc, 6
8bitsDePoder_ 002169  6013  ED 5B E6 EF     	ld de, (UMA_map_ptr)
8bitsDePoder_ 002170  6017  ED B0           	ldir
8bitsDePoder_ 002172  6019  EB              	ex hl, de
8bitsDePoder_ 002177  601A  22 E6 EF        	ld (UMA_map_ptr), hl
8bitsDePoder_ 002180  601D                  	UMA_bucnext
8bitsDePoder_ 002181  601D  2A E0 EF        	ld hl, (UMA_dirmap_ptr)
8bitsDePoder_ 002183  6020  01 FA FF        	ld bc,-6
8bitsDePoder_ 002185  6023  09              	add hl, bc
8bitsDePoder_ 002186  6024  22 E0 EF        	ld (UMA_dirmap_ptr),hl
8bitsDePoder_ 002189  6027  ED 4B DD EF     	ld bc, (UMA_dirmap_ini)
8bitsDePoder_ 002191  602B  A7              	and a
8bitsDePoder_ 002192  602C  ED 42           	sbc hl,bc
8bitsDePoder_ 002196  602E  38 05           	JR c,UMA_fin
8bitsDePoder_ 002200  6030  2A E0 EF        	ld hl, (UMA_dirmap_ptr)
8bitsDePoder_ 002203  6033  18 9A           	JR UMA_buc
8bitsDePoder_ 002205  6035                  	UMA_fin
8bitsDePoder_ 002207  6035  21 3C A4        	ld hl, _MAP_TABLE+4
8bitsDePoder_ 002208  6038  3A DF EF        	ld a, (UMA_item_count)
8bitsDePoder_ 002209  603B  77              	ld (Hl), a
8bitsDePoder_ 002210  603C  C9              	ret
8bitsDePoder_ 002212  603D                  	_END_UPDATE_MAP
8bitsDePoder_ 002215  603D                  	endif
8bitsDePoder_ 002220  603D  00 00           	SOR_DIRSTART  dw 0
8bitsDePoder_ 002224  603F  00              	INS_counter  db 0
8bitsDePoder_ 002226  6040  00              	INS_cancion  db 0
8bitsDePoder_ 002227  6041  05              	INS_speed  db 5
8bitsDePoder_ 002233  6042  00 00           	MOR_ypointer dw 0
8bitsDePoder_ 002234  6044  00 00           	MOR_xpointer dw 0
8bitsDePoder_ 002274  6046  00              	FLAG_YMAX  db 0
8bitsDePoder_ 002298  6047                  	LIMITS_DEFAULT
8bitsDePoder_ 002299  6047                  	SPR_MIN_X3
8bitsDePoder_ 002300  6047  00 00           	dw 0
8bitsDePoder_ 002301  6049                  	SPR_MAX_X3
8bitsDePoder_ 002302  6049  50 00           	dw 80
8bitsDePoder_ 002303  604B                  	SPR_MIN_Y3
8bitsDePoder_ 002304  604B  00 00           	dw 0
8bitsDePoder_ 002305  604D                  	SPR_MAX_Y3
8bitsDePoder_ 002306  604D  C8 00           	dw 200
8bitsDePoder_ 002308  604F  50              	SPR_DIFX3  db 80
8bitsDePoder_ 002309  6050  C8              	SPR_DIFY3  db 200
8bitsDePoder_ 002316  6051                  	_SET_DEFAULT_LIMITS
8bitsDePoder_ 002319  6051  21 81 6C        	ld hl,LIMITS
8bitsDePoder_ 002320  6054  11 ED EF        	ld DE,LIMITS_BACKUP
8bitsDePoder_ 002321  6057  01 0A 00        	ld bc, 10
8bitsDePoder_ 002322  605A  ED B0           	LDIR
8bitsDePoder_ 002324  605C  21 47 60        	ld hl,LIMITS_DEFAULT
8bitsDePoder_ 002325  605F  11 81 6C        	ld DE,LIMITS
8bitsDePoder_ 002326  6062  18 06           	JR _SETcommon
8bitsDePoder_ 002334  6064                  	_SET_BACKUP_LIMITS
8bitsDePoder_ 002335  6064  21 ED EF        	ld hl,LIMITS_BACKUP
8bitsDePoder_ 002336  6067  11 81 6C        	ld DE,LIMITS
8bitsDePoder_ 002338  606A  01 0A 00        	_SETcommon  ld bc, 10
8bitsDePoder_ 002339  606D  ED B0           	LDIR
8bitsDePoder_ 002340  606F  C9              	ret
8bitsDePoder_ 002370  6070                  	_GET_MODE
8bitsDePoder_ 002371  6070  CD 11 BC        	call &bc11
8bitsDePoder_ 002372  6073  32 F7 EF        	ld (GM_mode),a
8bitsDePoder_ 002373  6076  C9              	ret
8bitsDePoder_ 002382  6077                  	_SET_PNT_TRANSP
8bitsDePoder_ 002383  6077  3A F7 EF        	ld a, (GM_mode)
8bitsDePoder_ 002384  607A  A7              	and a
8bitsDePoder_ 002385  607B  28 06           	Jr Z, SPT_mode0
8bitsDePoder_ 002386  607D                  	SPT_mode1
8bitsDePoder_ 002387  607D  21 AD 60        	ld Hl, PNT_TRANSP_mode1
8bitsDePoder_ 002388  6080  C3 7D 66        	JP PSP_go_paint
8bitsDePoder_ 002389  6083                  	SPT_mode0
8bitsDePoder_ 002390  6083  21 C4 6C        	ld Hl, PNT_TRANSP
8bitsDePoder_ 002391  6086  C3 7D 66        	JP PSP_go_paint
8bitsDePoder_ 002397  6089                  	_SET_PNT_FLIPN
8bitsDePoder_ 002398  6089  3A F7 EF        	ld a, (GM_mode)
8bitsDePoder_ 002399  608C  A7              	and a
8bitsDePoder_ 002400  608D  28 06           	Jr Z, SPF_mode0
8bitsDePoder_ 002401  608F                  	SPF_mode1
8bitsDePoder_ 002402  608F  21 BB 60        	ld hl,PNT_FLIPN_mode1
8bitsDePoder_ 002403  6092  C3 7D 66        	JP PSP_go_paint
8bitsDePoder_ 002404  6095                  	SPF_mode0
8bitsDePoder_ 002405  6095  21 30 6D        	ld hl,PNT_FLIPN
8bitsDePoder_ 002406  6098  C3 7D 66        	JP PSP_go_paint
8bitsDePoder_ 002411  609B                  	_SET_PNT_FLIP_TRANSP
8bitsDePoder_ 002412  609B  3A F7 EF        	ld a, (GM_mode)
8bitsDePoder_ 002413  609E  A7              	and a
8bitsDePoder_ 002414  609F  28 06           	Jr Z, SPFT_mode0
8bitsDePoder_ 002415  60A1                  	SPFT_mode1
8bitsDePoder_ 002416  60A1  21 D4 60        	ld hl,PNT_FLIP_TRANSP_mode1
8bitsDePoder_ 002417  60A4  C3 7D 66        	JP PSP_go_paint
8bitsDePoder_ 002418  60A7                  	SPFT_mode0
8bitsDePoder_ 002419  60A7  21 F0 6C        	ld hl, PNT_FLIP_TRANSP
8bitsDePoder_ 002420  60AA  C3 7D 66        	JP PSP_go_paint
8bitsDePoder_ 002426  60AD                  	PNT_TRANSP_mode1
8bitsDePoder_ 002428  60AD  79              	ld a,c
8bitsDePoder_ 002429  60AE  47              	ld b,a
8bitsDePoder_ 002430  60AF                  	m1PTR2_scanh
8bitsDePoder_ 002431  60AF  7E              	ld a, (HL)
8bitsDePoder_ 002433  60B0  CD 0D 61        	CALL m1_TRANSP
8bitsDePoder_ 002435  60B3  12              	m1PTR2_pinta  ld (DE), a
8bitsDePoder_ 002437  60B4  13              	m1PTR2_transp  inc de
8bitsDePoder_ 002438  60B5  23              	inc hl
8bitsDePoder_ 002439  60B6  10 F7           	djnz m1PTR2_scanh
8bitsDePoder_ 002440  60B8  C3 A8 6C        	jP PNT_PAINTED
8bitsDePoder_ 002448  60BB                  	PNT_FLIPN_mode1
8bitsDePoder_ 002456  60BB  06 00           	ld b,0
8bitsDePoder_ 002457  60BD  09              	add hl,bc
8bitsDePoder_ 002458  60BE  2B              	dec hl
8bitsDePoder_ 002459  60BF  41              	ld b,c
8bitsDePoder_ 002460  60C0                  	m1PNTFN_scanh
8bitsDePoder_ 002462  60C0  7E              	ld a, (HL)
8bitsDePoder_ 002464  60C1  CD F0 60        	CALL m1_FLIP
8bitsDePoder_ 002468  60C4  12              	m1PNTFN_pinta  ld (DE), a
8bitsDePoder_ 002470  60C5  13              	m1PNTFN_transp  inc de
8bitsDePoder_ 002474  60C6  2B              	dec hl
8bitsDePoder_ 002478  60C7  10 F7           	djnz m1PNTFN_scanh
8bitsDePoder_ 002481  60C9  3A E0 C7        	ld a,(SPR_anchofinal)
8bitsDePoder_ 002482  60CC  06 00           	ld b,0
8bitsDePoder_ 002483  60CE  4F              	ld c,a
8bitsDePoder_ 002484  60CF  09              	add hl,bc
8bitsDePoder_ 002485  60D0  23              	inc hl
8bitsDePoder_ 002486  60D1  C3 A8 6C        	jp PNT_PAINTED
8bitsDePoder_ 002495  60D4                  	PNT_FLIP_TRANSP_mode1
8bitsDePoder_ 002500  60D4  06 00           	ld b,0
8bitsDePoder_ 002501  60D6  09              	add hl,bc
8bitsDePoder_ 002502  60D7  2B              	dec hl
8bitsDePoder_ 002503  60D8  41              	ld b,c
8bitsDePoder_ 002504  60D9                  	m1PNTF_scanh
8bitsDePoder_ 002506  60D9  7E              	ld a, (HL)
8bitsDePoder_ 002509  60DA  CD F0 60        	CALL m1_FLIP
8bitsDePoder_ 002513  60DD  CD 0D 61        	CALL m1_TRANSP
8bitsDePoder_ 002515  60E0  12              	m1PNTF_pinta  ld (DE), a
8bitsDePoder_ 002517  60E1  13              	m1PNTF_transp  inc de
8bitsDePoder_ 002521  60E2  2B              	dec hl
8bitsDePoder_ 002525  60E3  10 F4           	djnz m1PNTF_scanh
8bitsDePoder_ 002528  60E5  3A E0 C7        	ld a,(SPR_anchofinal)
8bitsDePoder_ 002529  60E8  06 00           	ld b,0
8bitsDePoder_ 002530  60EA  4F              	ld c,a
8bitsDePoder_ 002531  60EB  09              	add hl,bc
8bitsDePoder_ 002532  60EC  23              	inc hl
8bitsDePoder_ 002533  60ED  C3 A8 6C        	Jp PNT_PAINTED
8bitsDePoder_ 002536  60F0                  	m1_FLIP
8bitsDePoder_ 002538  60F0  E6 88           	and a,%10001000
8bitsDePoder_ 002543  60F2  0F              	rrca
8bitsDePoder_ 002544  60F3  0F              	rrca
8bitsDePoder_ 002545  60F4  0F              	rrca
8bitsDePoder_ 002546  60F5  E6 1F           	and %00011111
8bitsDePoder_ 002548  60F7  4F              	ld c,a
8bitsDePoder_ 002550  60F8  7E              	ld a,(HL)
8bitsDePoder_ 002551  60F9  E6 44           	and a,%01000100
8bitsDePoder_ 002552  60FB  CB 3F           	srl a
8bitsDePoder_ 002553  60FD  B1              	or c
8bitsDePoder_ 002554  60FE  4F              	ld c,a
8bitsDePoder_ 002556  60FF  7E              	ld a,(HL)
8bitsDePoder_ 002557  6100  E6 22           	and a,%00100010
8bitsDePoder_ 002558  6102  87              	ADD A,A
8bitsDePoder_ 002559  6103  B1              	or c
8bitsDePoder_ 002560  6104  4F              	ld c,a
8bitsDePoder_ 002563  6105  7E              	ld a,(HL)
8bitsDePoder_ 002564  6106  E6 11           	and a,%00010001
8bitsDePoder_ 002565  6108  87              	ADD A,A
8bitsDePoder_ 002566  6109  87              	ADD A,A
8bitsDePoder_ 002567  610A  87              	ADD A,A
8bitsDePoder_ 002568  610B  B1              	or c
8bitsDePoder_ 002570  610C  C9              	RET
8bitsDePoder_ 002572  610D                  	m1_TRANSP
8bitsDePoder_ 002574  610D  4F              	ld c, a
8bitsDePoder_ 002575  610E                  	m1PTR2_bin1
8bitsDePoder_ 002582  610E  A7              	and a
8bitsDePoder_ 002583  610F  28 32           	JR Z,m1PTR2_fondo
8bitsDePoder_ 002587  6111                  	m1PTR2_bin2
8bitsDePoder_ 002588  6111  79              	ld a ,c
8bitsDePoder_ 002590  6112  E6 0F           	and %00001111
8bitsDePoder_ 002592  6114  4F              	ld c,a
8bitsDePoder_ 002596  6115  C8              	ret Z
8bitsDePoder_ 002603  6116  79              	m1PTR2_4  ld a,c
8bitsDePoder_ 002604  6117  CB 61           	bit 4,c
8bitsDePoder_ 002606  6119  28 07           	JR Z, m1PTR2_5
8bitsDePoder_ 002609  611B  CB A1           	res 4,c
8bitsDePoder_ 002611  611D  1A              	ld a, (DE)
8bitsDePoder_ 002612  611E  E6 11           	and a, %00010001
8bitsDePoder_ 002613  6120  B1              	or  a,c
8bitsDePoder_ 002614  6121  4F              	ld c,a
8bitsDePoder_ 002615  6122                  	m1PTR2_5
8bitsDePoder_ 002616  6122  CB 69           	bit 5,c
8bitsDePoder_ 002618  6124  28 07           	JR Z, m1PTR2_6
8bitsDePoder_ 002621  6126  CB A9           	res 5,c
8bitsDePoder_ 002623  6128  1A              	ld a, (DE)
8bitsDePoder_ 002624  6129  E6 22           	and a, %00100010
8bitsDePoder_ 002625  612B  B1              	or  a,c
8bitsDePoder_ 002626  612C  4F              	ld c,a
8bitsDePoder_ 002628  612D                  	m1PTR2_6
8bitsDePoder_ 002629  612D  CB 71           	bit 6,c
8bitsDePoder_ 002631  612F  28 07           	JR Z, m1PTR2_7
8bitsDePoder_ 002634  6131  CB B1           	res 6,c
8bitsDePoder_ 002636  6133  1A              	ld a, (DE)
8bitsDePoder_ 002637  6134  E6 44           	and a, %01000100
8bitsDePoder_ 002638  6136  B1              	or  a,c
8bitsDePoder_ 002639  6137  4F              	ld c,a
8bitsDePoder_ 002640  6138                  	m1PTR2_7
8bitsDePoder_ 002641  6138  CB 79           	bit 7,c
8bitsDePoder_ 002643  613A  28 07           	JR Z, m1PTR2_fondo
8bitsDePoder_ 002646  613C  CB B9           	res 7,c
8bitsDePoder_ 002648  613E  1A              	ld a, (DE)
8bitsDePoder_ 002649  613F  E6 88           	and a, %10001000
8bitsDePoder_ 002650  6141  B1              	or  a,c
8bitsDePoder_ 002654  6142  C9              	ret
8bitsDePoder_ 002659  6143  1A              	m1PTR2_fondo  ld a, (DE)
8bitsDePoder_ 002662  6144                  	m1PTR2_bin3
8bitsDePoder_ 002664  6144  E6 F0           	AND A,%11110000
8bitsDePoder_ 002666  6146  B1              	or a,c
8bitsDePoder_ 002668  6147  C9              	ret
8bitsDePoder_ 002713  6148                  	_PRINTAT
8bitsDePoder_ 002714  6148                  	PAT
8bitsDePoder_ 002716  6148  FE 03           	cp 3
8bitsDePoder_ 002717  614A  28 0A           	jr z, PAT_noover
8bitsDePoder_ 002718  614C  DD 7E 06        	ld a, (IX+6)
8bitsDePoder_ 002719  614F  A7              	and a
8bitsDePoder_ 002720  6150  28 04           	jr z, PAT_noover
8bitsDePoder_ 002721  6152  3E 41           	ld a,65
8bitsDePoder_ 002722  6154  18 02           	jr PAT_over
8bitsDePoder_ 002723  6156  3E 01           	PAT_noover      ld a,1
8bitsDePoder_ 002724  6158  32 E6 C7        	PAT_over  ld (SPR_status),a
8bitsDePoder_ 002730  615B  DD 7E 04        	ld a, (IX+4)
8bitsDePoder_ 002731  615E  32 DA C7        	ld (SPR_coordy),a
8bitsDePoder_ 002732  6161  32 D2 EF        	ld (PAT_coordy),a
8bitsDePoder_ 002733  6164  DD 7E 05        	ld a, (IX+5)
8bitsDePoder_ 002734  6167  32 DB C7        	ld (SPR_coordy+1),a
8bitsDePoder_ 002735  616A  32 D3 EF        	ld (PAT_coordy+1),a
8bitsDePoder_ 002739  616D  DD 7E 02        	ld a, (IX+2)
8bitsDePoder_ 002740  6170  32 DC C7        	ld (SPR_coordx),a
8bitsDePoder_ 002741  6173  32 D0 EF        	ld (PAT_coordx),a
8bitsDePoder_ 002742  6176  DD 7E 03        	ld a, (IX+3)
8bitsDePoder_ 002743  6179  32 DD C7        	ld (SPR_coordx+1),a
8bitsDePoder_ 002744  617C  32 D1 EF        	ld (PAT_coordx+1),a
8bitsDePoder_ 002749  617F  DD 6E 00        	ld l, (IX+0)
8bitsDePoder_ 002750  6182  DD 66 01        	ld h, (IX+1)
8bitsDePoder_ 002753  6185  7E              	ld a, (HL)
8bitsDePoder_ 002754  6186  32 D0 D7        	ld (LAY_len), A
8bitsDePoder_ 002755  6189  23              	inc HL
8bitsDePoder_ 002764  618A  4E              	ld c,(HL)
8bitsDePoder_ 002765  618B  23              	inc hl
8bitsDePoder_ 002766  618C  46              	ld b, (HL)
8bitsDePoder_ 002767  618D  ED 43 FD CF     	ld (LAY_chars), bc
8bitsDePoder_ 002773  6191  CD 51 60        	CALL _SET_DEFAULT_LIMITS
8bitsDePoder_ 002778  6194  2A FD CF        	ld HL, (LAY_chars)
8bitsDePoder_ 002781  6197  7E              	PAT_buc    ld a, (HL)
8bitsDePoder_ 002782  6198  E5              	push hl
8bitsDePoder_ 002786  6199  47              	ld b,a
8bitsDePoder_ 002787  619A  0E 00           	ld c,0
8bitsDePoder_ 002791  619C  21 57 83        	ld hl,ALPHA_LIST
8bitsDePoder_ 002792  619F  7E              	PAT_busca  ld a,(HL)
8bitsDePoder_ 002796  61A0  B7              	or a
8bitsDePoder_ 002797  61A1  28 07           	jr Z, PAT_NOT_found
8bitsDePoder_ 002800  61A3  B8              	cp b
8bitsDePoder_ 002801  61A4  28 05           	jr Z, PAT_found
8bitsDePoder_ 002804  61A6  0C              	inc c
8bitsDePoder_ 002805  61A7  23              	inc hl
8bitsDePoder_ 002806  61A8  18 F5           	jr pat_busca
8bitsDePoder_ 002808  61AA                  	PAT_NOT_found
8bitsDePoder_ 002811  61AA  0D              	dec c
8bitsDePoder_ 002815  61AB                  	PAT_found
8bitsDePoder_ 002817  61AB  61              	ld h,c
8bitsDePoder_ 002818  61AC  3A 56 83        	ld a, (ALPHA_tamano)
8bitsDePoder_ 002819  61AF  5F              	ld e, a
8bitsDePoder_ 002820  61B0  CD 50 6D        	call _MUL8bit
8bitsDePoder_ 002821  61B3  01 81 83        	ld bc , ALPHA_LETTERS
8bitsDePoder_ 002822  61B6  09              	add hl,bc
8bitsDePoder_ 002823  61B7  22 D8 C7        	LD (SPR_image_data),HL
8bitsDePoder_ 002824  61BA  22 E2 C7        	LD (SPR_imagefinal),HL
8bitsDePoder_ 002827  61BD  3E 01           	ld a,1
8bitsDePoder_ 002828  61BF  32 D4 EF        	ld (PAT_from),a
8bitsDePoder_ 002830  61C2  3A 54 83        	ld a,(ALPHA_ancho)
8bitsDePoder_ 002831  61C5  4F              	ld c,a
8bitsDePoder_ 002832  61C6  32 DE C7        	ld (SPR_ancho), a
8bitsDePoder_ 002833  61C9  3A 55 83        	ld a,(ALPHA_alto)
8bitsDePoder_ 002834  61CC  32 DF C7        	ld (SPR_alto), a
8bitsDePoder_ 002835  61CF  47              	ld b,a
8bitsDePoder_ 002836  61D0  ED 43 E0 C7     	ld (SPR_anchoaltofinal),bc
8bitsDePoder_ 002842  61D4  CD 3A 65        	call PSP_caso1
8bitsDePoder_ 002846  61D7                  	PAT_next
8bitsDePoder_ 002851  61D7  21 D0 D7        	ld hl,LAY_len
8bitsDePoder_ 002852  61DA  35              	dec (HL)
8bitsDePoder_ 002853  61DB  28 1A           	jr z, pat_fin
8bitsDePoder_ 002857  61DD  2A D0 EF        	ld hl, (PAT_coordx)
8bitsDePoder_ 002858  61E0  3A 54 83        	ld a,(ALPHA_ancho)
8bitsDePoder_ 002859  61E3  4F              	ld c,a
8bitsDePoder_ 002860  61E4  06 00           	ld b,0
8bitsDePoder_ 002861  61E6  09              	add hl,bc
8bitsDePoder_ 002862  61E7  22 D0 EF        	ld (PAT_coordx),hl
8bitsDePoder_ 002863  61EA  22 DC C7        	ld (SPR_coordx),HL
8bitsDePoder_ 002864  61ED  2A D2 EF        	ld hl, (PAT_coordy)
8bitsDePoder_ 002865  61F0  22 DA C7        	ld (SPR_coordy),HL
8bitsDePoder_ 002867  61F3  E1              	pop hl
8bitsDePoder_ 002868  61F4  23              	inc hl
8bitsDePoder_ 002869  61F5  18 A0           	jr PAT_buc
8bitsDePoder_ 002871  61F7                  	PAT_fin
8bitsDePoder_ 002872  61F7  AF              	xor a
8bitsDePoder_ 002873  61F8  32 D4 EF        	ld (PAT_from),a
8bitsDePoder_ 002875  61FB  E1              	pop hl
8bitsDePoder_ 002878  61FC  CD 64 60        	CALL _SET_BACKUP_LIMITS
8bitsDePoder_ 002879  61FF  C9              	ret
8bitsDePoder_ 002908  6200                  	_printspall
8bitsDePoder_ 002909  6200                  	_PRINT_SPRITES
8bitsDePoder_ 002911  6200                  	PS2
8bitsDePoder_ 002916  6200  A7              	and a
8bitsDePoder_ 002917  6201  28 56           	JR Z, PS2_noparam
8bitsDePoder_ 002922  6203  3D              	dec a
8bitsDePoder_ 002924  6204  20 1C           	JR NZ,PS2_check2param
8bitsDePoder_ 002926  6206  DD 7E 00        	ld a,(IX+0)
8bitsDePoder_ 002935  6209                  	PS2_type
8bitsDePoder_ 002936  6209  32 46 60        	ld (FLAG_YMAX),a
8bitsDePoder_ 002938  620C  E6 01           	and a, %00000001
8bitsDePoder_ 002939  620E  20 07           	jr nz, PS2_set_orden_total
8bitsDePoder_ 002940  6210  32 70 62        	ld (PS2_sort_total), a
8bitsDePoder_ 002941  6213  32 71 62        	ld (PS2_sort_total+1), a
8bitsDePoder_ 002942  6216  C9              	ret
8bitsDePoder_ 002944  6217                  	PS2_set_orden_total
8bitsDePoder_ 002945  6217  3E 20           	ld a, &20
8bitsDePoder_ 002946  6219  32 70 62        	ld (PS2_sort_total), a
8bitsDePoder_ 002947  621C  3E FA           	ld a,&fA
8bitsDePoder_ 002948  621E  32 71 62        	ld (PS2_sort_total+1), a
8bitsDePoder_ 002949  6221  C9              	ret
8bitsDePoder_ 002952  6222                  	PS2_check2param
8bitsDePoder_ 002954  6222  3D              	dec a
8bitsDePoder_ 002955  6223  28 28           	JR Z,PS2_2param
8bitsDePoder_ 002957  6225                  	PS2_check3param
8bitsDePoder_ 002959  6225  3D              	dec a
8bitsDePoder_ 002960  6226  28 11           	JR Z,PS2_3param
8bitsDePoder_ 002962  6228                  	PS2_4param
8bitsDePoder_ 002963  6228  DD 7E 06        	ld a, (IX+6)
8bitsDePoder_ 002965  622B  87              	add a,a
8bitsDePoder_ 002966  622C  87              	add a,a
8bitsDePoder_ 002967  622D  87              	add a,a
8bitsDePoder_ 002968  622E  87              	add a,a
8bitsDePoder_ 002969  622F  4F              	ld c,a
8bitsDePoder_ 002970  6230  06 00           	ld b,0
8bitsDePoder_ 002971  6232  21 78 69        	ld HL,27000
8bitsDePoder_ 002972  6235  09              	add hl,bc
8bitsDePoder_ 002973  6236  22 3D 60        	ld (SOR_DIRSTART),HL
8bitsDePoder_ 002976  6239                  	PS2_3param
8bitsDePoder_ 002977  6239  DD 7E 04        	ld a,(IX+4)
8bitsDePoder_ 002982  623C  4F              	ld c,a
8bitsDePoder_ 002983  623D  3A B6 76        	ld a, (PS2_orden)
8bitsDePoder_ 002984  6240  B9              	cp a,c
8bitsDePoder_ 002985  6241  79              	ld a,c
8bitsDePoder_ 002986  6242  32 B6 76        	ld (PS2_orden),a
8bitsDePoder_ 002987  6245  32 FD 6D        	ld (_OPER_HEIGHTS+1),a
8bitsDePoder_ 002988  6248  28 03           	JR Z, PS2_sameN
8bitsDePoder_ 002990  624A  CD 85 66        	call SOR_default
8bitsDePoder_ 002992  624D                  	PS2_sameN
8bitsDePoder_ 002995  624D                  	PS2_2param
8bitsDePoder_ 002998  624D  DD 7E 02        	ld a,(IX+2)
8bitsDePoder_ 002999  6250  32 B4 76        	ld (PS2_flag_anim),a
8bitsDePoder_ 003002  6253  DD 7E 00        	ld a,(IX+0)
8bitsDePoder_ 003003  6256  32 B5 76        	ld (PS2_flag_sync),a
8bitsDePoder_ 003005  6259                  	PS2_noparam
8bitsDePoder_ 003006  6259  CD 70 60        	CALL _GET_MODE
8bitsDePoder_ 003013  625C  3A B6 76        	PS2_mas    ld a, (PS2_orden)
8bitsDePoder_ 003014  625F  A7              	and a
8bitsDePoder_ 003018  6260  28 33           	JR Z, PS2_ns
8bitsDePoder_ 003036  6262  3A 46 60        	ld a , (FLAG_YMAX)
8bitsDePoder_ 003037  6265  E6 02           	and a,%00000010
8bitsDePoder_ 003038  6267  28 03           	JR Z, PS2_sortagain
8bitsDePoder_ 003039  6269  CD F6 6D        	CALL _ADD_HEIGHTS
8bitsDePoder_ 003043  626C                  	PS2_sortagain
8bitsDePoder_ 003045  626C  CD CA 66        	CALL SOR_orden
8bitsDePoder_ 003047  626F  A7              	and a
8bitsDePoder_ 003049  6270                  	PS2_sort_total
8bitsDePoder_ 003053  6270  00              	nop
8bitsDePoder_ 003054  6271  00              	nop
8bitsDePoder_ 003059  6272  3A 46 60        	ld a , (FLAG_YMAX)
8bitsDePoder_ 003060  6275  E6 02           	and a,%00000010
8bitsDePoder_ 003061  6277  28 03           	JR Z, PS2_sortdone
8bitsDePoder_ 003063  6279  CD EE 6D        	CALL _SUB_HEIGHTS
8bitsDePoder_ 003066  627C                  	PS2_sortdone
8bitsDePoder_ 003067  627C  11 BF 62        	ld de, PS2_sort
8bitsDePoder_ 003068  627F  ED 53 BD 62     	ld (PS2_sd+1), de
8bitsDePoder_ 003069  6283  11 00 63        	ld de, PS2_sortsig
8bitsDePoder_ 003070  6286  ED 53 F8 62     	ld (PS2_sig+1),de
8bitsDePoder_ 003071  628A  ED 4B 83 66     	ld bc, (SOR_ini)
8bitsDePoder_ 003072  628E  0B              	dec bc
8bitsDePoder_ 003073  628F  ED 43 B9 62     	ld (PS2_dini+1), bc
8bitsDePoder_ 003074  6293  18 15           	JR PS2_chksyn
8bitsDePoder_ 003076  6295                  	PS2_ns
8bitsDePoder_ 003078  6295  11 CD 62        	ld de, PS2_nosort
8bitsDePoder_ 003079  6298  ED 53 BD 62     	ld (PS2_sd+1), de
8bitsDePoder_ 003080  629C  11 FA 62        	ld de, PS2_nosortsig
8bitsDePoder_ 003081  629F  ED 53 F8 62     	ld (PS2_sig+1),de
8bitsDePoder_ 003082  62A3  01 78 69        	ld bc, _SPR_SPRITES_TABLE
8bitsDePoder_ 003083  62A6  ED 43 B9 62     	ld (PS2_dini+1), bc
8bitsDePoder_ 003087  62AA                  	PS2_chksyn
8bitsDePoder_ 003089  62AA  3A B5 76        	ld a, (PS2_flag_sync)
8bitsDePoder_ 003091  62AD  A7              	ps2_chk3  and a
8bitsDePoder_ 003092  62AE  28 03           	JR z, PS2_all
8bitsDePoder_ 003094  62B0  CD 19 BD        	call _SYNC
8bitsDePoder_ 003099  62B3                  	PS2_all
8bitsDePoder_ 003103  62B3  3E 20           	ld a, NUM_SPRITES
8bitsDePoder_ 003104  62B5  32 DD D7        	ld (PS2_spid), a
8bitsDePoder_ 003113  62B8                  	PS2_ini
8bitsDePoder_ 003115  62B8  21 00 00        	PS2_dini  ld HL, 0
8bitsDePoder_ 003117  62BB                  	PS2_bucle
8bitsDePoder_ 003119  62BB  E5              	push HL
8bitsDePoder_ 003125  62BC                  	PS2_sd
8bitsDePoder_ 003126  62BC  C3 CD 62        	Jp PS2_nosort
8bitsDePoder_ 003131  62BF  01 0D 00        	PS2_sort  ld bc, 13
8bitsDePoder_ 003132  62C2  09              	add HL,bc
8bitsDePoder_ 003134  62C3  5E              	ld e,(hl)
8bitsDePoder_ 003135  62C4  23              	inc hl
8bitsDePoder_ 003136  62C5  56              	ld d,(hl)
8bitsDePoder_ 003139  62C6  ED 53 01 63     	ld (PS2_dirsig+1),de
8bitsDePoder_ 003140  62CA  2B              	dec hl
8bitsDePoder_ 003141  62CB  ED 42           	sbc hl, bc
8bitsDePoder_ 003144  62CD                  	PS2_nosort
8bitsDePoder_ 003148  62CD                  	DELSP_PS2
8bitsDePoder_ 003162  62CD  7E              	ld a, (HL)
8bitsDePoder_ 003163  62CE  E6 01           	and %00000001
8bitsDePoder_ 003164  62D0  28 1B           	JR Z, PS2_next
8bitsDePoder_ 003168  62D2                  	PS2car
8bitsDePoder_ 003169  62D2  23              	inc HL
8bitsDePoder_ 003170  62D3  7E              	ld a,(hl)
8bitsDePoder_ 003171  62D4  32 DA C7        	ld (SPR_coordy),a
8bitsDePoder_ 003172  62D7  23              	inc hl
8bitsDePoder_ 003173  62D8  7E              	ld a,(hl)
8bitsDePoder_ 003174  62D9  32 DB C7        	ld (SPR_coordy+1),a
8bitsDePoder_ 003179  62DC                  	PS2_fase
8bitsDePoder_ 003180  62DC  23              	inc hl
8bitsDePoder_ 003181  62DD  7E              	ld a,(hl)
8bitsDePoder_ 003182  62DE  32 DC C7        	ld (SPR_coordx),a
8bitsDePoder_ 003183  62E1  23              	inc hl
8bitsDePoder_ 003184  62E2  7E              	ld a,(hl)
8bitsDePoder_ 003185  62E3  32 DD C7        	ld (SPR_coordx+1),a
8bitsDePoder_ 003186  62E6  2B              	dec HL
8bitsDePoder_ 003187  62E7  2B              	dec hl
8bitsDePoder_ 003188  62E8  2B              	dec hl
8bitsDePoder_ 003189  62E9  2B              	dec hl
8bitsDePoder_ 003194  62EA                  	PS2_NO3D
8bitsDePoder_ 003195  62EA  CD D9 64        	call PSP_i
8bitsDePoder_ 003202  62ED  E1              	PS2_next  pop hl
8bitsDePoder_ 003203  62EE  3A DD D7        	ld a, (PS2_spid)
8bitsDePoder_ 003205  62F1                  	PS2_noc
8bitsDePoder_ 003207  62F1  3D              	dec a
8bitsDePoder_ 003208  62F2  32 DD D7        	ld (PS2_spid), a
8bitsDePoder_ 003210  62F5  28 0F           	JR Z, PS2_fin
8bitsDePoder_ 003212  62F7                  	PS2nos
8bitsDePoder_ 003214  62F7                  	PS2_sig
8bitsDePoder_ 003215  62F7  C3 FA 62        	JP PS2_nosortsig
8bitsDePoder_ 003218  62FA  01 10 00        	PS2_nosortsig  ld bc, 16
8bitsDePoder_ 003221  62FD  09              	add HL, bc
8bitsDePoder_ 003222  62FE  18 BB           	JR PS2_bucle
8bitsDePoder_ 003226  6300                  	PS2_sortsig
8bitsDePoder_ 003228  6300  21 00 00        	PS2_dirsig  ld HL,0
8bitsDePoder_ 003229  6303  2B              	dec hl
8bitsDePoder_ 003230  6304  18 B5           	JR PS2_bucle
8bitsDePoder_ 003232  6306                  	PS2_fin
8bitsDePoder_ 003241  6306  3A DE D7        	ld a, (PRINTSP_flag)
8bitsDePoder_ 003242  6309  A7              	and a
8bitsDePoder_ 003243  630A  28 06           	jr z, PS2_noprintsp
8bitsDePoder_ 003245  630C  3E 00           	ld a,0
8bitsDePoder_ 003246  630E  32 DE D7        	ld (PRINTSP_flag),a
8bitsDePoder_ 003247  6311  C9              	ret
8bitsDePoder_ 003250  6312                  	PS2_noprintsp
8bitsDePoder_ 003251  6312  3A B4 76        	ld a, (PS2_flag_anim)
8bitsDePoder_ 003252  6315  A7              	and a
8bitsDePoder_ 003253  6316  C4 07 74        	call NZ, _ANIMA_ALL
8bitsDePoder_ 003255  6319  C9              	ret
8bitsDePoder_ 003373  631A                  	_ROUTEALL
8bitsDePoder_ 003375  631A  3E 1F           	ld a, NUM_SPRITES-1
8bitsDePoder_ 003376  631C  32 D0 C7        	ld (ROU_spid), a
8bitsDePoder_ 003378  631F  21 68 6B        	ld HL, 27496
8bitsDePoder_ 003383  6322  22 E8 EF        	ld (ROU_dirsp), HL
8bitsDePoder_ 003386  6325                  	ROU_bucle
8bitsDePoder_ 003388  6325  CD 74 63        	call ROUTE_SP
8bitsDePoder_ 003411  6328                  	ROU_cont
8bitsDePoder_ 003417  6328  21 D0 C7        	ld hl,ROU_spid
8bitsDePoder_ 003418  632B  35              	dec (hl)
8bitsDePoder_ 003419  632C  F8              	ret M
8bitsDePoder_ 003422  632D  2A E8 EF        	ld hl, (ROU_dirsp)
8bitsDePoder_ 003424  6330  01 10 00        	ld bc, 16
8bitsDePoder_ 003425  6333  A7              	and a
8bitsDePoder_ 003426  6334  ED 42           	sbc HL, bc
8bitsDePoder_ 003428  6336  22 E8 EF        	ld (ROU_dirsp), HL
8bitsDePoder_ 003432  6339  18 EA           	Jr ROU_bucle
8bitsDePoder_ 003434  633B                  	ROU_fin
8bitsDePoder_ 003447  633B                  	_ROUTE_SP
8bitsDePoder_ 003450  633B  3D              	dec a
8bitsDePoder_ 003451  633C  20 0A           	JR NZ, RS_2
8bitsDePoder_ 003453  633E  3E 01           	ld a,1
8bitsDePoder_ 003454  6340  32 F8 EF        	ld (RS_pasos),a
8bitsDePoder_ 003455  6343  DD 7E 00        	ld a, (IX+0)
8bitsDePoder_ 003456  6346  18 0B           	JR RS_1
8bitsDePoder_ 003458  6348  DD 7E 00        	RS_2    ld a, (IX+0)
8bitsDePoder_ 003459  634B  32 F8 EF        	ld (RS_pasos),a
8bitsDePoder_ 003460  634E  A7              	and a
8bitsDePoder_ 003461  634F  C8              	ret z
8bitsDePoder_ 003463  6350  DD 7E 02        	ld a, (IX+2)
8bitsDePoder_ 003464  6353  32 D0 C7        	RS_1    ld (ROU_SPID),a
8bitsDePoder_ 003467  6356  CD C4 6D        	call _get_dir_sp
8bitsDePoder_ 003469  6359  22 E8 EF        	ld (ROU_dirsp), HL
8bitsDePoder_ 003471  635C  CD 74 63        	RS_route  call ROUTE_SP
8bitsDePoder_ 003472  635F  3A F8 EF        	ld a, (RS_pasos)
8bitsDePoder_ 003473  6362  A7              	and a
8bitsDePoder_ 003474  6363  C8              	ret z
8bitsDePoder_ 003475  6364  3D              	dec a
8bitsDePoder_ 003480  6365  32 F8 EF        	ld (RS_pasos),a
8bitsDePoder_ 003481  6368  2A E8 EF        	ld hl, (ROU_dirsp)
8bitsDePoder_ 003482  636B  CD FF 6F        	call MOV_uno
8bitsDePoder_ 003483  636E  2A E8 EF        	ld hl, (ROU_dirsp)
8bitsDePoder_ 003484  6371  18 E9           	JR RS_ROUTE
8bitsDePoder_ 003485  6373  C9              	ret
8bitsDePoder_ 003487  6374                  	ROUTE_SP
8bitsDePoder_ 003492  6374  7E              	ld a,(HL)
8bitsDePoder_ 003493  6375  E6 80           	and %10000000
8bitsDePoder_ 003495  6377  C8              	RET Z
8bitsDePoder_ 003497  6378                  	ROU_mas
8bitsDePoder_ 003498  6378  21 D1 F7        	ld HL,_ROUTE_TABLE
8bitsDePoder_ 003500  637B  3A D0 C7        	ld a, (ROU_SPID)
8bitsDePoder_ 003504  637E  FE 10           	cp 16
8bitsDePoder_ 003505  6380  FA 88 63        	jp M, ROU_0a16
8bitsDePoder_ 003506  6383  21 D0 FF        	ld HL,_ROUTE_TABLE_16a31
8bitsDePoder_ 003507  6386  D6 10           	sub 16
8bitsDePoder_ 003508  6388  06 00           	ROU_0a16  ld b,0
8bitsDePoder_ 003511  638A  87              	add a,a
8bitsDePoder_ 003512  638B  4F              	ld c,a
8bitsDePoder_ 003513  638C  09              	add HL, BC
8bitsDePoder_ 003514  638D  22 FC C7        	ld (UPS_PTR),HL
8bitsDePoder_ 003515  6390  7E              	ld a,(HL)
8bitsDePoder_ 003516  6391  32 D2 C7        	ld (ROU_SEG),a
8bitsDePoder_ 003517  6394  23              	inc hl
8bitsDePoder_ 003518  6395  7E              	ld a,(HL)
8bitsDePoder_ 003519  6396  A7              	and a
8bitsDePoder_ 003521  6397  CA 3E 74        	Jp Z,ROU_INIRUTA
8bitsDePoder_ 003525  639A  35              	dec (HL)
8bitsDePoder_ 003530  639B  28 01           	JR Z, _UPDATE_SEGMENT
8bitsDePoder_ 003532  639D  C9              	ret
8bitsDePoder_ 003545  639E                  	_UPDATE_SEGMENT
8bitsDePoder_ 003550  639E  2A E8 EF        	ld hl, (ROU_dirsp)
8bitsDePoder_ 003553  63A1  01 0F 00        	ld bc,15
8bitsDePoder_ 003554  63A4  09              	add hl,bc
8bitsDePoder_ 003555  63A5  7E              	ld a,(HL)
8bitsDePoder_ 003556  63A6  32 D1 C7        	ld (ROU_ID),a
8bitsDePoder_ 003558  63A9  21 49 83        	ld HL, ROUTE_LIST
8bitsDePoder_ 003559  63AC  87              	add a,a
8bitsDePoder_ 003560  63AD  06 00           	ld b,0
8bitsDePoder_ 003561  63AF  4F              	ld c,a
8bitsDePoder_ 003562  63B0  09              	add HL,BC
8bitsDePoder_ 003567  63B1  7E              	ld a,(hl)
8bitsDePoder_ 003568  63B2  23              	inc hl
8bitsDePoder_ 003569  63B3  66              	ld h, (hl)
8bitsDePoder_ 003570  63B4  6F              	ld l,a
8bitsDePoder_ 003571  63B5  22 D3 C7        	ld (ROU_dir), hl
8bitsDePoder_ 003582  63B8                  	ROU_sigseg
8bitsDePoder_ 003584  63B8  3A D2 C7        	ld a, (ROU_SEG)
8bitsDePoder_ 003585  63BB  3C              	inc a
8bitsDePoder_ 003586  63BC  32 D2 C7        	ld (ROU_SEG),a
8bitsDePoder_ 003587  63BF  4F              	ld c,a
8bitsDePoder_ 003588  63C0  87              	add a,a
8bitsDePoder_ 003589  63C1  81              	add a,c
8bitsDePoder_ 003596  63C2  4F              	ld c,a
8bitsDePoder_ 003597  63C3  06 00           	ld b,0
8bitsDePoder_ 003598  63C5  09              	add hl,bc
8bitsDePoder_ 003601  63C6  7E              	ROU_leepaso  ld a,(HL)
8bitsDePoder_ 003603  63C7  A7              	and a
8bitsDePoder_ 003604  63C8  28 79           	JR z, ROU_cicla
8bitsDePoder_ 003611  63CA  FE FB           	cp 251
8bitsDePoder_ 003612  63CC  38 54           	jr c,ROU_normal
8bitsDePoder_ 003614  63CE  23              	inc HL
8bitsDePoder_ 003615  63CF  22 D0 DF        	ld (ROU_HL), HL
8bitsDePoder_ 003623  63D2  FE FB           	cp 251
8bitsDePoder_ 003624  63D4  CA 35 74        	JP Z, ROU_V34
8bitsDePoder_ 003631  63D7                  	ROU_no251
8bitsDePoder_ 003632  63D7  FE FD           	cp 253
8bitsDePoder_ 003633  63D9  20 10           	JR NZ, ROU_no253
8bitsDePoder_ 003635  63DB  EB              	ex de,hl
8bitsDePoder_ 003638  63DC  2A E8 EF        	ld hl, (ROU_dirsp)
8bitsDePoder_ 003640  63DF  01 09 00        	ld bc,9
8bitsDePoder_ 003641  63E2  09              	add hl,bc
8bitsDePoder_ 003642  63E3  EB              	ex de, hl
8bitsDePoder_ 003643  63E4  01 02 00        	ld bc ,2
8bitsDePoder_ 003644  63E7  ED B0           	ldir
8bitsDePoder_ 003645  63E9  18 32           	jr ROU_kkk
8bitsDePoder_ 003647  63EB                  	ROU_no253
8bitsDePoder_ 003649  63EB  FE FC           	cp 252
8bitsDePoder_ 003650  63ED  20 14           	jr NZ,ROU_no252
8bitsDePoder_ 003653  63EF  E5              	push hl
8bitsDePoder_ 003654  63F0  3A D0 C7        	ld a, (ROU_spid)
8bitsDePoder_ 003655  63F3  CD CD 67        	call _resetruta
8bitsDePoder_ 003656  63F6  E1              	pop hl
8bitsDePoder_ 003658  63F7  7E              	ld a, (hl)
8bitsDePoder_ 003661  63F8  2A E8 EF        	ld hl, (ROU_dirsp)
8bitsDePoder_ 003663  63FB  01 0F 00        	ld bc,15
8bitsDePoder_ 003664  63FE  09              	add hl,bc
8bitsDePoder_ 003666  63FF  77              	ld (hl),a
8bitsDePoder_ 003668  6400  C3 78 63        	jp ROU_mas
8bitsDePoder_ 003682  6403                  	ROU_no252
8bitsDePoder_ 003686  6403                  	ROU_no253b
8bitsDePoder_ 003687  6403  FE FF           	cp 255
8bitsDePoder_ 003690  6405  7E              	ld a, (HL)
8bitsDePoder_ 003695  6406  23              	inc hl
8bitsDePoder_ 003696  6407  56              	ld d,(hl)
8bitsDePoder_ 003699  6408  2A E8 EF        	ld hl, (ROU_dirsp)
8bitsDePoder_ 003701  640B  28 0F           	JR Z, ROU_kk1
8bitsDePoder_ 003705  640D  01 07 00        	ROU_off    ld bc, 7
8bitsDePoder_ 003706  6410  09              	add hl,bc
8bitsDePoder_ 003710  6411  4F              	ld c,a
8bitsDePoder_ 003711  6412  7A              	ld a,d
8bitsDePoder_ 003712  6413  FE 01           	cp 1
8bitsDePoder_ 003713  6415  79              	ld a,c
8bitsDePoder_ 003714  6416  20 04           	jr nz,ROU_kk1
8bitsDePoder_ 003716  6418  23              	inc hl
8bitsDePoder_ 003717  6419  36 00           	ld (hl),0
8bitsDePoder_ 003718  641B  2B              	dec hl
8bitsDePoder_ 003724  641C  77              	ROU_kk1    ld (hl),a
8bitsDePoder_ 003725  641D  2A D3 C7        	ROU_kkk    ld hl, (ROU_dir)
8bitsDePoder_ 003731  6420  18 96           	jr ROU_sigseg
8bitsDePoder_ 003737  6422                  	ROU_normal
8bitsDePoder_ 003738  6422  22 D3 C7        	ld (ROU_dir), hl
8bitsDePoder_ 003739  6425  7E              	ld a, (HL)
8bitsDePoder_ 003751  6426                  	ROU_update
8bitsDePoder_ 003758  6426  2A FC C7        	ld hl, (UPS_PTR)
8bitsDePoder_ 003759  6429  23              	inc hl
8bitsDePoder_ 003760  642A  77              	ld (hl),a
8bitsDePoder_ 003761  642B  3A D2 C7        	ld a,(ROU_SEG)
8bitsDePoder_ 003762  642E  2B              	dec hl
8bitsDePoder_ 003763  642F  77              	ld (HL),a
8bitsDePoder_ 003765  6430  2A D3 C7        	ld HL, (ROU_dir)
8bitsDePoder_ 003766  6433  23              	inc hl
8bitsDePoder_ 003768  6434  EB              	ex de, hl
8bitsDePoder_ 003771  6435  2A E8 EF        	ld hl, (ROU_dirsp)
8bitsDePoder_ 003773  6438  01 05 00        	ld bc, 5
8bitsDePoder_ 003774  643B  09              	add hl,bc
8bitsDePoder_ 003775  643C  EB              	ex de, hl
8bitsDePoder_ 003776  643D  01 02 00        	ld bc,2
8bitsDePoder_ 003777  6440  ED B0           	ldir
8bitsDePoder_ 003781  6442  C9              	ret
8bitsDePoder_ 003783  6443                  	ROU_cicla
8bitsDePoder_ 003784  6443  AF              	xor a
8bitsDePoder_ 003785  6444  32 D2 C7        	ld (ROU_SEG),a
8bitsDePoder_ 003786  6447  2A D3 C7        	ld HL, (ROU_dir)
8bitsDePoder_ 003794  644A  C3 C6 63        	jp ROU_leepaso
8bitsDePoder_ 003805  644D                  	_MACROSEQ
8bitsDePoder_ 003808  644D  D6 20           	sub 32
8bitsDePoder_ 003809  644F  32 EF C7        	ld (ANS_seq_id),a
8bitsDePoder_ 003810  6452  E5              	push hl
8bitsDePoder_ 003812  6453  2A ED C7        	ld HL,(ANS_spaddress)
8bitsDePoder_ 003813  6456  01 05 00        	ld bc,5
8bitsDePoder_ 003814  6459  09              	add hl,bc
8bitsDePoder_ 003815  645A  7E              	ld a, (HL)
8bitsDePoder_ 003816  645B  A7              	and a
8bitsDePoder_ 003817  645C  06 00           	ld b,0
8bitsDePoder_ 003818  645E  28 0C           	JR Z, macro_h
8bitsDePoder_ 003819  6460  CB 7F           	bit 7,a
8bitsDePoder_ 003820  6462  20 04           	JR NZ,macro_ypos
8bitsDePoder_ 003822  6464                  	macro_yneg
8bitsDePoder_ 003823  6464  3E 06           	ld a,6
8bitsDePoder_ 003824  6466  18 05           	JR finmacroy
8bitsDePoder_ 003825  6468                  	macro_ypos
8bitsDePoder_ 003826  6468  3E 03           	ld a,3
8bitsDePoder_ 003827  646A  18 01           	JR finmacroy
8bitsDePoder_ 003829  646C  AF              	macro_h    xor a
8bitsDePoder_ 003831  646D  32 F6 C7        	finmacroy  ld (ANS_dirmov),a
8bitsDePoder_ 003834  6470  23              	inc hl
8bitsDePoder_ 003835  6471  7E              	ld a, (HL)
8bitsDePoder_ 003836  6472  A7              	and a
8bitsDePoder_ 003837  6473  28 0C           	JR Z, macro_v
8bitsDePoder_ 003838  6475  CB 7F           	bit 7,a
8bitsDePoder_ 003839  6477  28 04           	JR Z,macro_xpos
8bitsDePoder_ 003841  6479                  	macro_xneg
8bitsDePoder_ 003842  6479  3E 01           	ld a,1
8bitsDePoder_ 003844  647B  18 05           	JR finmacrox
8bitsDePoder_ 003845  647D                  	macro_xpos
8bitsDePoder_ 003846  647D  3E 02           	ld a,2
8bitsDePoder_ 003847  647F  18 01           	JR finmacrox
8bitsDePoder_ 003849  6481  AF              	macro_v    xor a
8bitsDePoder_ 003851  6482  47              	finmacrox  ld b,a
8bitsDePoder_ 003852  6483  3A F6 C7        	ld a, (ANS_dirmov)
8bitsDePoder_ 003853  6486  80              	add b
8bitsDePoder_ 003857  6487  32 F6 C7        	ld (ANS_dirmov),a
8bitsDePoder_ 003858  648A  21 40 83        	ld HL, _MACRO_SEQUENCES
8bitsDePoder_ 003859  648D  3A EF C7        	ld a, (ANS_seq_id)
8bitsDePoder_ 003861  6490  47              	ld b,a
8bitsDePoder_ 003862  6491  87              	add a
8bitsDePoder_ 003863  6492  87              	add a
8bitsDePoder_ 003864  6493  87              	add a
8bitsDePoder_ 003865  6494  80              	add b
8bitsDePoder_ 003866  6495  06 00           	ld b,0
8bitsDePoder_ 003867  6497  4F              	ld c,a
8bitsDePoder_ 003868  6498  09              	add HL,BC
8bitsDePoder_ 003869  6499  3A F6 C7        	ld a, (ANS_dirmov)
8bitsDePoder_ 003870  649C  4F              	ld c,a
8bitsDePoder_ 003871  649D  09              	add HL,BC
8bitsDePoder_ 003872  649E  7E              	ld a, (HL)
8bitsDePoder_ 003875  649F  E1              	pop hl
8bitsDePoder_ 003877  64A0  C9              	ret
8bitsDePoder_ 003928  64A1                  	_PRINT_SPRITE
8bitsDePoder_ 003929  64A1                  	_PRINTSP
8bitsDePoder_ 003932  64A1                  	_PSP
8bitsDePoder_ 003933  64A1                  	PSP
8bitsDePoder_ 003939  64A1  47              	ld b,a
8bitsDePoder_ 003940  64A2  CD 70 60        	CALL _GET_MODE
8bitsDePoder_ 003941  64A5  78              	ld a,b
8bitsDePoder_ 003944  64A6  FE 01           	cp 1
8bitsDePoder_ 003945  64A8  28 16           	JR Z,PSP_sp
8bitsDePoder_ 003946  64AA  FE 03           	cp 3
8bitsDePoder_ 003947  64AC  28 24           	JR Z,PSP_xy
8bitsDePoder_ 003951  64AE  DD 7E 02        	ld a,(IX+2)
8bitsDePoder_ 003952  64B1  FE 21           	cp 33
8bitsDePoder_ 003953  64B3  CA 2C 69        	jp z, _SET_FLAG_DEL
8bitsDePoder_ 003954  64B6  FE 20           	cp 32
8bitsDePoder_ 003955  64B8  C0              	ret nz
8bitsDePoder_ 003962  64B9  DD 7E 00        	ld a, (IX+0)
8bitsDePoder_ 003963  64BC  32 4E 74        	ld (BG_BITS), a
8bitsDePoder_ 003964  64BF  C9              	ret
8bitsDePoder_ 003994  64C0                  	PSP_sp
8bitsDePoder_ 003995  64C0  32 DD D7        	ld (PS2_spid), a
8bitsDePoder_ 003997  64C3  32 DE D7        	ld (PRINTSP_flag),a
8bitsDePoder_ 004002  64C6  DD 7E 00        	ld a,(IX+0)
8bitsDePoder_ 004004  64C9  32 D5 C7        	ld (SPR_ID), a
8bitsDePoder_ 004006  64CC  CD C4 6D        	call _get_dir_sp
8bitsDePoder_ 004015  64CF                  	printable
8bitsDePoder_ 004017  64CF  CD D2 62        	call PS2car
8bitsDePoder_ 004021  64D2                  	PSP_xy
8bitsDePoder_ 004024  64D2  CD 80 6D        	CALL _LOCATE_SPRITE
8bitsDePoder_ 004028  64D5  2B              	dec hl
8bitsDePoder_ 004029  64D6  2B              	dec hl
8bitsDePoder_ 004030  64D7  2B              	dec hl
8bitsDePoder_ 004031  64D8  2B              	dec hl
8bitsDePoder_ 004058  64D9                  	PSP_i
8bitsDePoder_ 004082  64D9  7E              	ld a ,(HL)
8bitsDePoder_ 004083  64DA  32 E6 C7        	ld (SPR_status), a
8bitsDePoder_ 004084  64DD  22 E7 C7        	ld (SPR_addr), HL
8bitsDePoder_ 004086  64E0  01 09 00        	ld bc,9
8bitsDePoder_ 004087  64E3  09              	add HL,bc
8bitsDePoder_ 004091  64E4  4E              	ld c,(hl)
8bitsDePoder_ 004092  64E5  23              	inc hl
8bitsDePoder_ 004093  64E6  46              	ld b, (Hl)
8bitsDePoder_ 004097  64E7  78              	ld a,b
8bitsDePoder_ 004099  64E8  B7              	or a
8bitsDePoder_ 004100  64E9  20 07           	JR NZ, PSP_mayor255
8bitsDePoder_ 004101  64EB  2B              	dec hl
8bitsDePoder_ 004102  64EC  CC CC 6F        	call Z, _check_image_list
8bitsDePoder_ 004105  64EF  4E              	ld c,(hl)
8bitsDePoder_ 004106  64F0  23              	inc hl
8bitsDePoder_ 004107  64F1  46              	ld b, (Hl)
8bitsDePoder_ 004111  64F2                  	PSP_mayor255
8bitsDePoder_ 004120  64F2  3A 55 5F        	ld a, (R3D_mode)
8bitsDePoder_ 004121  64F5  A7              	and a
8bitsDePoder_ 004122  64F6  C4 B8 5E        	PSP_zoom  CALL NZ,_3D_GET_ZOOM_IMAGE
8bitsDePoder_ 004127  64F9                  	PSP_bgSprites
8bitsDePoder_ 004138  64F9  CD 4F 74        	CALL BG_SPRITES
8bitsDePoder_ 004144  64FC                  	PSP_CHECK_FLIP
8bitsDePoder_ 004147  64FC  11 1A 85        	ld DE, _END_FLIP_IMAGES-1
8bitsDePoder_ 004148  64FF  21 1A 85        	ld HL,_BEGIN_FLIP_IMAGES-1
8bitsDePoder_ 004149  6502  CD E3 6D        	CALL CHECK_DOUBLE_LIMITS
8bitsDePoder_ 004151  6505  38 03           	JR C, hayflip
8bitsDePoder_ 004152  6507  AF              	xor a
8bitsDePoder_ 004153  6508  18 08           	JR PSP_noflip
8bitsDePoder_ 004169  650A                  	hayflip
8bitsDePoder_ 004170  650A  0A              	ld a, (BC)
8bitsDePoder_ 004171  650B  03              	inc bc
8bitsDePoder_ 004172  650C  67              	ld h,a
8bitsDePoder_ 004173  650D  0A              	ld a, (BC)
8bitsDePoder_ 004174  650E  47              	ld b,a
8bitsDePoder_ 004175  650F  4C              	ld c,h
8bitsDePoder_ 004176  6510  3E 01           	ld a,1
8bitsDePoder_ 004178  6512                  	PSP_noflip
8bitsDePoder_ 004180  6512  32 FD E7        	PSP_endflip  ld (flip_flag),a
8bitsDePoder_ 004182  6515  ED 43 D6 C7     	ld (SPR_image), bc
8bitsDePoder_ 004184  6519  60              	ld h, b
8bitsDePoder_ 004185  651A  69              	ld l, c
8bitsDePoder_ 004192  651B  4E              	ld c, (hl)
8bitsDePoder_ 004193  651C  23              	inc hl
8bitsDePoder_ 004194  651D  46              	ld b,(Hl)
8bitsDePoder_ 004195  651E  ED 43 DE C7     	ld (SPR_anchoalto),bc
8bitsDePoder_ 004199  6522                  	PSP_setheight
8bitsDePoder_ 004207  6522  3A B6 76        	ld a, (PS2_orden)
8bitsDePoder_ 004208  6525  A7              	and a
8bitsDePoder_ 004209  6526  28 03           	JR Z, PSP_endHeight
8bitsDePoder_ 004212  6528  CD B4 74        	call _SET_HEIGHT
8bitsDePoder_ 004215  652B                  	PSP_endHeight
8bitsDePoder_ 004221  652B  ED 43 E0 C7     	ld (SPR_anchoaltofinal),bc
8bitsDePoder_ 004229  652F  23              	INC HL
8bitsDePoder_ 004230  6530  22 D8 C7        	LD (SPR_image_data),HL
8bitsDePoder_ 004231  6533  22 E2 C7        	ld (SPR_imagefinal),HL
8bitsDePoder_ 004237  6536  AF              	xor a
8bitsDePoder_ 004238  6537  32 EB E7        	ld (SPR_altorestado), a
8bitsDePoder_ 004243  653A                  	PSP_caso1
8bitsDePoder_ 004244  653A  2A DA C7        	ld HL,(SPR_coordy)
8bitsDePoder_ 004246  653D  22 EC E7        	ld (SPR_coordy_no3d_noclipV), hl
8bitsDePoder_ 004248  6540  ED 4B 85 6C     	ld bc,(SPR_MIN_Y)
8bitsDePoder_ 004250  6544  A7              	and A
8bitsDePoder_ 004251  6545  ED 42           	SBC HL,BC
8bitsDePoder_ 004252  6547  F2 7C 65        	JP P,PSP_clipVinf
8bitsDePoder_ 004257  654A                  	PSP_caso2
8bitsDePoder_ 004260  654A  ED 4B DF C7     	ld bc, (SPR_alto)
8bitsDePoder_ 004261  654E  06 00           	ld b,0
8bitsDePoder_ 004262  6550  A7              	and a
8bitsDePoder_ 004263  6551  ED 4A           	adc hl,bc
8bitsDePoder_ 004265  6553  F8              	ret M
8bitsDePoder_ 004266  6554  C8              	ret Z
8bitsDePoder_ 004268  6555                  	PSP_caso3
8bitsDePoder_ 004273  6555  65              	ld h,l
8bitsDePoder_ 004274  6556  3A DE C7        	ld a, (SPR_ancho)
8bitsDePoder_ 004275  6559  6F              	ld l,a
8bitsDePoder_ 004276  655A  22 E0 C7        	ld (SPR_anchoaltofinal),hl
8bitsDePoder_ 004279  655D  3A DF C7        	ld a,(SPR_alto)
8bitsDePoder_ 004280  6560  94              	sub h
8bitsDePoder_ 004284  6561  32 EB E7        	ld (SPR_altorestado), a
8bitsDePoder_ 004289  6564  47              	ld b,a
8bitsDePoder_ 004290  6565  2A D8 C7        	ld hl, (SPR_image_data)
8bitsDePoder_ 004291  6568  ED 5B DE C7     	LD DE,(SPR_ancho)
8bitsDePoder_ 004292  656C  16 00           	ld d,0
8bitsDePoder_ 004294  656E                  	PSP_ajuste
8bitsDePoder_ 004295  656E  19              	add hl, de
8bitsDePoder_ 004296  656F  10 FD           	djnz PSP_ajuste
8bitsDePoder_ 004297  6571  22 E2 C7        	ld (SPR_imagefinal), hl
8bitsDePoder_ 004300  6574  ED 4B 85 6C     	ld bc,(SPR_MIN_Y)
8bitsDePoder_ 004301  6578  ED 43 DA C7     	ld (SPR_coordy), bc
8bitsDePoder_ 004306  657C                  	PSP_clipVinf
8bitsDePoder_ 004317  657C                  	PSP_clipVinf2
8bitsDePoder_ 004320  657C  AF              	xor a
8bitsDePoder_ 004321  657D  32 97 5C        	ld (PNTS_pt2_clipvinf), a
8bitsDePoder_ 004325  6580  2A DA C7        	ld hl, (SPR_coordy)
8bitsDePoder_ 004326  6583  ED 4B 87 6C     	ld bc,(SPR_MAX_Y)
8bitsDePoder_ 004327  6587  ED 5B E1 C7     	ld de,(SPR_altofinal)
8bitsDePoder_ 004328  658B  16 00           	ld d,0
8bitsDePoder_ 004329  658D  19              	add hl,de
8bitsDePoder_ 004330  658E  C6 00           	add a,0
8bitsDePoder_ 004331  6590  ED 42           	SBC HL, bc
8bitsDePoder_ 004333  6592  38 16           	Jr c, PSP_clipHder
8bitsDePoder_ 004335  6594  3E 01           	ld a,1
8bitsDePoder_ 004336  6596  32 97 5C        	ld (PNTS_pt2_clipvinf), a
8bitsDePoder_ 004345  6599  4D              	ld c, l
8bitsDePoder_ 004346  659A  ED 52           	sbc hl,de
8bitsDePoder_ 004347  659C  D0              	ret nc
8bitsDePoder_ 004349  659D  ED 5B E0 C7     	ld de,(SPR_anchoaltofinal)
8bitsDePoder_ 004350  65A1  7A              	ld a,d
8bitsDePoder_ 004351  65A2  91              	sub c
8bitsDePoder_ 004352  65A3  F8              	ret M
8bitsDePoder_ 004353  65A4  C8              	ret z
8bitsDePoder_ 004354  65A5  57              	ld d,a
8bitsDePoder_ 004355  65A6  ED 53 E0 C7     	ld (SPR_anchoaltofinal),de
8bitsDePoder_ 004357  65AA                  	PSP_clipHder
8bitsDePoder_ 004363  65AA  3A D4 EF        	ld a, (PAT_from)
8bitsDePoder_ 004364  65AD  A7              	and a
8bitsDePoder_ 004365  65AE  20 2C           	Jr NZ,PSP_clipHder2
8bitsDePoder_ 004376  65B0  AF              	xor a
8bitsDePoder_ 004378  65B1  32 EE E7        	ld (SPR_segment),a
8bitsDePoder_ 004380  65B4  ED 4B D6 C7     	ld BC, (SPR_image)
8bitsDePoder_ 004381  65B8  21 E6 85        	ld HL, _BEGIN_3D_SEGMENTS-1
8bitsDePoder_ 004382  65BB  11 E7 85        	LD DE, _END_3D_SEGMENTS-1
8bitsDePoder_ 004383  65BE  CD E3 6D        	CALL CHECK_DOUBLE_LIMITS
8bitsDePoder_ 004384  65C1  DC 30 5C        	CALL C, _AJUSTA_SEGMENTO
8bitsDePoder_ 004395  65C4                  	PSP_nosegment
8bitsDePoder_ 004398  65C4  2A E7 C7        	ld hl, (SPR_addr)
8bitsDePoder_ 004400  65C7  EB              	ex hl, de
8bitsDePoder_ 004401  65C8  2A 56 5F        	ld HL, (R3D_MAX_sprite_Dir)
8bitsDePoder_ 004402  65CB  ED 52           	sbc hl, de
8bitsDePoder_ 004403  65CD  EB              	ex hl, de
8bitsDePoder_ 004404  65CE  38 03           	JR C, PSP_NO3D
8bitsDePoder_ 004410  65D0                  	PSP_3D
8bitsDePoder_ 004415  65D0                  	PSP_PROY
8bitsDePoder_ 004420  65D0  CD 19 5E        	CALL _3D_PROYECTA_XY
8bitsDePoder_ 004421  65D3                  	PSP_NO3D
8bitsDePoder_ 004433  65D3  3A EE E7        	ld a, (SPR_segment)
8bitsDePoder_ 004434  65D6  A7              	and a
8bitsDePoder_ 004435  65D7  28 03           	JR Z, PSP_nopaintsegment
8bitsDePoder_ 004438  65D9  C3 98 5C        	jp _3D_PAINT_SEGMENT
8bitsDePoder_ 004440  65DC                  	PSP_nopaintsegment
8bitsDePoder_ 004448  65DC                  	PSP_clipHder2
8bitsDePoder_ 004451  65DC  2A DC C7        	ld hl, (SPR_coordx)
8bitsDePoder_ 004452  65DF  ED 5B E0 C7     	ld de, (SPR_anchoaltofinal)
8bitsDePoder_ 004453  65E3  16 00           	ld d,0
8bitsDePoder_ 004454  65E5  19              	add hl,de
8bitsDePoder_ 004455  65E6  ED 4B 83 6C     	ld bc, (SPR_MAX_X)
8bitsDePoder_ 004457  65EA  A7              	and A
8bitsDePoder_ 004458  65EB  ED 42           	SBC hl,bc
8bitsDePoder_ 004459  65ED  FA 11 66        	JP M,PSP_cliphizq
8bitsDePoder_ 004462  65F0  4D              	ld c,l
8bitsDePoder_ 004463  65F1  ED 52           	sbc hl,de
8bitsDePoder_ 004464  65F3  D0              	ret nc
8bitsDePoder_ 004465  65F4  C8              	ret Z
8bitsDePoder_ 004469  65F5  7B              	ld a,e
8bitsDePoder_ 004470  65F6  91              	sub c
8bitsDePoder_ 004475  65F7  57              	ld d, a
8bitsDePoder_ 004476  65F8  3A FD E7        	ld a, (flip_flag)
8bitsDePoder_ 004477  65FB  A7              	and a
8bitsDePoder_ 004478  65FC  28 09           	jr Z, PSP_noflipD
8bitsDePoder_ 004479  65FE  2A E2 C7        	ld hl, (SPR_imagefinal)
8bitsDePoder_ 004480  6601  06 00           	ld b,0
8bitsDePoder_ 004481  6603  09              	add hl,bc
8bitsDePoder_ 004482  6604  22 E2 C7        	ld (SPR_imagefinal),hl
8bitsDePoder_ 004486  6607  7A              	PSP_noflipD     ld a, d
8bitsDePoder_ 004488  6608  ED 5B E0 C7     	ld de, (SPR_anchoaltofinal)
8bitsDePoder_ 004489  660C  5F              	ld e,a
8bitsDePoder_ 004491  660D  ED 53 E0 C7     	ld (SPR_anchoaltofinal), de
8bitsDePoder_ 004498  6611                  	PSP_cliphizq
8bitsDePoder_ 004500  6611  2A DC C7        	ld HL, (SPR_coordx)
8bitsDePoder_ 004501  6614  ED 5B 81 6C     	ld de,(SPR_MIN_X)
8bitsDePoder_ 004503  6618  A7              	and a
8bitsDePoder_ 004504  6619  ED 52           	SBC HL,de
8bitsDePoder_ 004505  661B  F2 50 66        	JP P, PSP_finclippling
8bitsDePoder_ 004512  661E  A7              	and a
8bitsDePoder_ 004515  661F  3A E0 C7        	ld a, (SPR_anchoaltofinal)
8bitsDePoder_ 004517  6622  5F              	ld e,a
8bitsDePoder_ 004518  6623  16 00           	ld d,0
8bitsDePoder_ 004520  6625  ED 5A           	adc hl,de
8bitsDePoder_ 004522  6627  F8              	ret M
8bitsDePoder_ 004523  6628  C8              	ret Z
8bitsDePoder_ 004528  6629  ED 5B E0 C7     	ld de, (SPR_anchoaltofinal)
8bitsDePoder_ 004529  662D  5D              	ld e, L
8bitsDePoder_ 004530  662E  ED 53 E0 C7     	ld (SPR_anchoaltofinal),de
8bitsDePoder_ 004534  6632  2A 81 6C        	ld HL, (SPR_MIN_X)
8bitsDePoder_ 004535  6635  ED 5B DC C7     	ld de,(SPR_coordx)
8bitsDePoder_ 004536  6639  A7              	and a
8bitsDePoder_ 004537  663A  ED 52           	sbc hl,de
8bitsDePoder_ 004558  663C  3A FD E7        	ld a,(flip_flag)
8bitsDePoder_ 004559  663F  A7              	and a
8bitsDePoder_ 004560  6640  20 08           	JR NZ, PSP_flipflag
8bitsDePoder_ 004566  6642  ED 5B E2 C7     	PSP_restar  ld de, (SPR_imagefinal)
8bitsDePoder_ 004567  6646  19              	ADD hl,de
8bitsDePoder_ 004568  6647  22 E2 C7        	ld (SPR_imagefinal),HL
8bitsDePoder_ 004570  664A  2A 81 6C        	PSP_flipflag   ld hl,(SPR_MIN_X)
8bitsDePoder_ 004571  664D  22 DC C7        	ld (SPR_coordx),hl
8bitsDePoder_ 004574  6650                  	PSP_finclippling
8bitsDePoder_ 004575  6650  CD 2D 6E        	call _COMPUTE_DIRPANT
8bitsDePoder_ 004576  6653  22 E4 C7        	ld (SPR_dirpant),hl
8bitsDePoder_ 004578  6656                  	PSP_DELETE
8bitsDePoder_ 004583  6656  3A DF D7        	ld a,(SPR_flag_delete)
8bitsDePoder_ 004584  6659  E6 01           	and a,1
8bitsDePoder_ 004585  665B  C2 33 69        	JP NZ,_SET_PNT_DEL
8bitsDePoder_ 004589  665E  3A E6 C7        	ld a, (SPR_status)
8bitsDePoder_ 004590  6661  E6 40           	and a, %1000000
8bitsDePoder_ 004591  6663  28 0C           	JR Z,PSP_NORMAL
8bitsDePoder_ 004596  6665                  	PSP_owr
8bitsDePoder_ 004597  6665  3A FD E7        	ld a, (flip_flag)
8bitsDePoder_ 004598  6668  A7              	and a
8bitsDePoder_ 004599  6669  28 03           	JR Z, PSP_paintT
8bitsDePoder_ 004602  666B  C3 9B 60        	JP _SET_PNT_FLIP_TRANSP
8bitsDePoder_ 004605  666E                  	PSP_paintT
8bitsDePoder_ 004606  666E  C3 77 60        	JP _SET_PNT_TRANSP
8bitsDePoder_ 004611  6671                  	PSP_NORMAL
8bitsDePoder_ 004613  6671  3A FD E7        	ld a, (flip_flag)
8bitsDePoder_ 004614  6674  A7              	and a
8bitsDePoder_ 004615  6675  28 03           	JR Z, PSP_paintN
8bitsDePoder_ 004618  6677  C3 89 60        	JP _SET_PNT_FLIPN
8bitsDePoder_ 004623  667A                  	PSP_paintN
8bitsDePoder_ 004624  667A  21 A6 6C        	ld  hl,PNT_NORMAL
8bitsDePoder_ 004628  667D                  	PSP_go_paint
8bitsDePoder_ 004629  667D  22 A4 6C        	ld (PNT_scanh+1), HL
8bitsDePoder_ 004633  6680  C3 8B 6C        	Jp _PAINT
8bitsDePoder_ 004639  6683                  	if ASSEMBLING_OPTION  = 4
8bitsDePoder_ 004645  6683                  	endif
8bitsDePoder_ 004668  6683  00 00           	SOR_ini    dw 0
8bitsDePoder_ 004679  6685                  	_SORTY
8bitsDePoder_ 004680  6685                  	_SOR
8bitsDePoder_ 004685  6685                  	SOR_default
8bitsDePoder_ 004689  6685  3E 20           	ld a, 32
8bitsDePoder_ 004690  6687  32 F3 FF        	ld (SOR_count),a
8bitsDePoder_ 004692  668A  01 00 00        	ld bc, 0
8bitsDePoder_ 004693  668D  ED 43 F4 FF     	ld (SOR_ant),bc
8bitsDePoder_ 004695  6691  21 79 69        	ld HL, _spr_sprites_table+1
8bitsDePoder_ 004696  6694  E5              	SOR_bucle  push hl
8bitsDePoder_ 004702  6695  2B              	dec hl
8bitsDePoder_ 004703  6696  36 00           	SOR_RESET  ld (HL), 0
8bitsDePoder_ 004704  6698  23              	SOR_fin_R  inc hl
8bitsDePoder_ 004707  6699  01 0A 00        	ld bc, 10
8bitsDePoder_ 004708  669C  09              	add HL,bc
8bitsDePoder_ 004709  669D  ED 4B F4 FF     	ld bc ,(SOR_ant)
8bitsDePoder_ 004710  66A1  71              	ld (HL),c
8bitsDePoder_ 004712  66A2  23              	inc hl
8bitsDePoder_ 004713  66A3  70              	ld (HL), b
8bitsDePoder_ 004716  66A4  23              	inc hl
8bitsDePoder_ 004717  66A5  E5              	push hl
8bitsDePoder_ 004718  66A6  D1              	pop de
8bitsDePoder_ 004719  66A7  01 04 00        	ld bc, 4
8bitsDePoder_ 004720  66AA  09              	add HL,bc
8bitsDePoder_ 004721  66AB  EB              	ex de, hl
8bitsDePoder_ 004722  66AC  73              	ld (HL), e
8bitsDePoder_ 004723  66AD  23              	inc hl
8bitsDePoder_ 004724  66AE  72              	ld (HL),d
8bitsDePoder_ 004725  66AF  01 03 00        	ld bc,3
8bitsDePoder_ 004726  66B2  09              	add HL,bc
8bitsDePoder_ 004728  66B3  C1              	pop bc
8bitsDePoder_ 004729  66B4  ED 43 F4 FF     	ld (SOR_ant),bc
8bitsDePoder_ 004732  66B8  3D              	dec a
8bitsDePoder_ 004734  66B9  20 D9           	JR NZ,SOR_bucle
8bitsDePoder_ 004737  66BB  21 75 6B        	ld HL, 27509
8bitsDePoder_ 004738  66BE  36 00           	ld (HL),0
8bitsDePoder_ 004739  66C0  23              	inc HL
8bitsDePoder_ 004740  66C1  36 00           	ld (HL),0
8bitsDePoder_ 004741  66C3  21 79 69        	ld hl,27001
8bitsDePoder_ 004742  66C6  22 83 66        	ld (SOR_ini), hl
8bitsDePoder_ 004747  66C9  C9              	ret
8bitsDePoder_ 004749  66CA                  	SOR_orden
8bitsDePoder_ 004753  66CA  3A B6 76        	ld a,(PS2_orden)
8bitsDePoder_ 004759  66CD  32 F3 FF        	ld (SOR_count), a
8bitsDePoder_ 004765  66D0  2A 83 66        	ld hl, (SOR_ini)
8bitsDePoder_ 004771  66D3                  	SOR_noini
8bitsDePoder_ 004783  66D3                  	SOR_bucley
8bitsDePoder_ 004784  66D3  22 F4 FF        	ld (SOR_ant), HL
8bitsDePoder_ 004785  66D6  4E              	ld c,(HL)
8bitsDePoder_ 004786  66D7  23              	inc hl
8bitsDePoder_ 004787  66D8  46              	ld b, (HL)
8bitsDePoder_ 004788  66D9  ED 43 F1 FF     	ld (SOR_yant), bc
8bitsDePoder_ 004806  66DD  01 0B 00        	ld bc, 11
8bitsDePoder_ 004807  66E0  09              	add hl,bc
8bitsDePoder_ 004810  66E1  5E              	ld e,(HL)
8bitsDePoder_ 004811  66E2  23              	inc hl
8bitsDePoder_ 004812  66E3  56              	ld d,(HL)
8bitsDePoder_ 004814  66E4  ED 53 F6 FF     	ld (SOR_sig), de
8bitsDePoder_ 004815  66E8  2A F1 FF        	ld hl, (SOR_yant)
8bitsDePoder_ 004821  66EB  1A              	ld a, (de)
8bitsDePoder_ 004822  66EC  4F              	ld c,a
8bitsDePoder_ 004823  66ED  13              	inc de
8bitsDePoder_ 004824  66EE  1A              	ld a, (de)
8bitsDePoder_ 004825  66EF  47              	ld b, a
8bitsDePoder_ 004847  66F0  1B              	dec de
8bitsDePoder_ 004853  66F1  A7              	and a
8bitsDePoder_ 004854  66F2  ED 42           	sbc hl, bc
8bitsDePoder_ 004859  66F4  28 02           	JR Z,SOR_finbuc
8bitsDePoder_ 004860  66F6  30 0E           	JR NC, SOR_fallo
8bitsDePoder_ 004863  66F8                  	SOR_finbuc
8bitsDePoder_ 004867  66F8  2A F6 FF        	ld hl, (SOR_sig)
8bitsDePoder_ 004870  66FB  3A F3 FF        	ld a, (SOR_count)
8bitsDePoder_ 004871  66FE  3D              	dec a
8bitsDePoder_ 004872  66FF  32 F3 FF        	ld (SOR_count), a
8bitsDePoder_ 004873  6702  20 CF           	JR NZ, SOR_bucley
8bitsDePoder_ 004876  6704                  	SOR_ret
8bitsDePoder_ 004879  6704  AF              	xor a
8bitsDePoder_ 004881  6705  C9              	ret
8bitsDePoder_ 004883  6706                  	SOR_fallo
8bitsDePoder_ 004886  6706  2A F4 FF        	ld hl,(SOR_ANT)
8bitsDePoder_ 004887  6709  ED 4B 3D 60     	ld bc,(SOR_DIRSTART)
8bitsDePoder_ 004889  670D  ED 42           	sbc hl,bc
8bitsDePoder_ 004890  670F  38 E7           	JR C,SOR_finbuc
8bitsDePoder_ 004902  6711  2A F4 FF        	ld HL, (SOR_ant)
8bitsDePoder_ 004903  6714  01 0A 00        	ld bc, 10
8bitsDePoder_ 004904  6717  09              	add hl, bc
8bitsDePoder_ 004905  6718  5E              	ld e,(HL)
8bitsDePoder_ 004906  6719  23              	inc hl
8bitsDePoder_ 004907  671A  56              	ld d,(HL)
8bitsDePoder_ 004909  671B  EB              	ex hl, de
8bitsDePoder_ 004914  671C  01 00 00        	ld bc, 0
8bitsDePoder_ 004915  671F  A7              	and a
8bitsDePoder_ 004916  6720  ED 42           	sbc HL,bc
8bitsDePoder_ 004918  6722  20 08           	JR NZ, SOR_nocero
8bitsDePoder_ 004923  6724  2A F6 FF        	ld hl, (SOR_sig)
8bitsDePoder_ 004924  6727  22 83 66        	ld (SOR_ini), hl
8bitsDePoder_ 004925  672A  18 0B           	JR SOR_cero
8bitsDePoder_ 004928  672C                  	SOR_nocero
8bitsDePoder_ 004929  672C  01 0C 00        	ld bc, 12
8bitsDePoder_ 004930  672F  09              	add hl, bc
8bitsDePoder_ 004932  6730  ED 5B F6 FF     	ld de, (SOR_sig)
8bitsDePoder_ 004933  6734  73              	ld (HL), e
8bitsDePoder_ 004934  6735  23              	inc HL
8bitsDePoder_ 004935  6736  72              	ld (HL), d
8bitsDePoder_ 004938  6737                  	SOR_cero
8bitsDePoder_ 004940  6737  2A F4 FF        	ld HL, (SOR_ant)
8bitsDePoder_ 004941  673A  01 0A 00        	ld bc, 10
8bitsDePoder_ 004942  673D  09              	add hl, bc
8bitsDePoder_ 004944  673E  4E              	ld c,(HL)
8bitsDePoder_ 004945  673F  23              	inc hl
8bitsDePoder_ 004946  6740  46              	ld b, (HL)
8bitsDePoder_ 004947  6741  ED 43 F8 FF     	ld (SOR_buffer),bc
8bitsDePoder_ 004958  6745  2B              	dec hl
8bitsDePoder_ 004965  6746  ED 5B F6 FF     	ld de, (SOR_sig)
8bitsDePoder_ 004966  674A  73              	ld (HL), e
8bitsDePoder_ 004967  674B  23              	inc hl
8bitsDePoder_ 004968  674C  72              	ld (HL), d
8bitsDePoder_ 004973  674D  EB              	ex de,hl
8bitsDePoder_ 004975  674E  01 0C 00        	ld bc,12
8bitsDePoder_ 004976  6751  09              	add hl, bc
8bitsDePoder_ 004978  6752  5E              	ld e, (HL)
8bitsDePoder_ 004979  6753  23              	inc hl
8bitsDePoder_ 004980  6754  56              	ld d,(HL)
8bitsDePoder_ 004982  6755  2A F4 FF        	ld hl, (SOR_ant)
8bitsDePoder_ 004983  6758  01 0C 00        	ld bc, 12
8bitsDePoder_ 004984  675B  09              	add hl, bc
8bitsDePoder_ 004985  675C  73              	ld (HL), e
8bitsDePoder_ 004986  675D  23              	inc hl
8bitsDePoder_ 004987  675E  72              	ld (hl), d
8bitsDePoder_ 004991  675F  2A F6 FF        	ld HL, (SOR_sig)
8bitsDePoder_ 004992  6762  01 0A 00        	ld bc, 10
8bitsDePoder_ 004993  6765  09              	add hl, bc
8bitsDePoder_ 004994  6766  ED 4B F8 FF     	ld bc, (SOR_buffer)
8bitsDePoder_ 004995  676A  71              	ld (HL), c
8bitsDePoder_ 004996  676B  23              	inc hl
8bitsDePoder_ 004997  676C  70              	ld (HL), b
8bitsDePoder_ 005006  676D  23              	inc hl
8bitsDePoder_ 005009  676E  ED 4B F4 FF     	ld bc, (SOR_ant)
8bitsDePoder_ 005010  6772  71              	ld (HL), c
8bitsDePoder_ 005011  6773  23              	inc hl
8bitsDePoder_ 005012  6774  70              	ld (HL), b
8bitsDePoder_ 005016  6775  2A F4 FF        	ld HL, (SOR_ant)
8bitsDePoder_ 005017  6778  01 0C 00        	ld bc, 12
8bitsDePoder_ 005018  677B  09              	add hl, bc
8bitsDePoder_ 005019  677C  5E              	ld e,(HL)
8bitsDePoder_ 005020  677D  23              	inc hl
8bitsDePoder_ 005021  677E  56              	ld d,(HL)
8bitsDePoder_ 005023  677F  EB              	ex hl, de
8bitsDePoder_ 005024  6780  01 00 00        	ld bc,0
8bitsDePoder_ 005025  6783  A7              	and a
8bitsDePoder_ 005026  6784  ED 42           	sbc HL, bc
8bitsDePoder_ 005027  6786  28 0B           	JR Z,SOR_end
8bitsDePoder_ 005029  6788  01 0A 00        	ld bc, 10
8bitsDePoder_ 005030  678B  09              	add hl, bc
8bitsDePoder_ 005032  678C  ED 5B F4 FF     	ld de, (SOR_ant)
8bitsDePoder_ 005033  6790  73              	ld (HL), e
8bitsDePoder_ 005034  6791  23              	inc HL
8bitsDePoder_ 005035  6792  72              	ld (HL), d
8bitsDePoder_ 005037  6793                  	SOR_end
8bitsDePoder_ 005039  6793  3E 01           	ld a,1
8bitsDePoder_ 005040  6795  C9              	ret
8bitsDePoder_ 005063  6796                  	_SET_LIMITS
8bitsDePoder_ 005067  6796  DD 66 07        	ld h, (IX+7)
8bitsDePoder_ 005068  6799  DD 6E 06        	ld l,(IX+6)
8bitsDePoder_ 005069  679C  22 81 6C        	ld (SPR_MIN_X), hl
8bitsDePoder_ 005071  679F  44              	ld B, H
8bitsDePoder_ 005072  67A0  4D              	ld c,l
8bitsDePoder_ 005074  67A1  DD 66 05        	ld h, (IX+5)
8bitsDePoder_ 005075  67A4  DD 6E 04        	ld l,(IX+4)
8bitsDePoder_ 005076  67A7  22 83 6C        	ld (SPR_MAX_X), hl
8bitsDePoder_ 005078  67AA  A7              	and a
8bitsDePoder_ 005079  67AB  ED 42           	SBC HL,BC
8bitsDePoder_ 005080  67AD  7D              	ld a,l
8bitsDePoder_ 005081  67AE  32 89 6C        	ld (SPR_DIFX),a
8bitsDePoder_ 005083  67B1  DD 66 03        	ld h, (IX+3)
8bitsDePoder_ 005084  67B4  DD 6E 02        	ld l,(IX+2)
8bitsDePoder_ 005085  67B7  22 85 6C        	ld (SPR_MIN_Y), hl
8bitsDePoder_ 005087  67BA  44              	ld B, H
8bitsDePoder_ 005088  67BB  4D              	ld c,l
8bitsDePoder_ 005091  67BC  DD 66 01        	ld h, (IX+1)
8bitsDePoder_ 005092  67BF  DD 6E 00        	ld l,(IX+0)
8bitsDePoder_ 005097  67C2  22 87 6C        	ld (SPR_MAX_Y), hl
8bitsDePoder_ 005099  67C5  A7              	and a
8bitsDePoder_ 005100  67C6  ED 42           	SBC HL,BC
8bitsDePoder_ 005101  67C8  7D              	ld a,l
8bitsDePoder_ 005102  67C9  32 8A 6C        	ld (SPR_DIFY),a
8bitsDePoder_ 005105  67CC  C9              	ret
8bitsDePoder_ 005114  67CD  21 D1 F7        	_resetruta  ld HL,_ROUTE_TABLE
8bitsDePoder_ 005115  67D0  FE 10           	cp 16
8bitsDePoder_ 005116  67D2  FA DA 67        	jp M, SET_0a16
8bitsDePoder_ 005117  67D5  21 D0 FF        	ld HL,_ROUTE_TABLE_16a31
8bitsDePoder_ 005118  67D8  D6 10           	sub 16
8bitsDePoder_ 005119  67DA  06 00           	SET_0a16  ld b,0
8bitsDePoder_ 005121  67DC  87              	add a,a
8bitsDePoder_ 005122  67DD  4F              	ld c,a
8bitsDePoder_ 005123  67DE  09              	add HL, BC
8bitsDePoder_ 005127  67DF  36 00           	ld (HL),0
8bitsDePoder_ 005129  67E1  23              	inc hl
8bitsDePoder_ 005131  67E2  36 00           	ld (HL),0
8bitsDePoder_ 005132  67E4  C9              	ret
8bitsDePoder_ 005141  67E5                  	if ASSEMBLING_OPTION  = 0
8bitsDePoder_ 005142  67E5                  	_END_27000_partial
8bitsDePoder_ 005143  67E5                  	endif
8bitsDePoder_ 005147  67E5                  	if ASSEMBLING_OPTION  = 4
8bitsDePoder_ 005149  67E5                  	endif
8bitsDePoder_ 005154  67E5                  	ifnot ASSEMBLING_OPTION  = 0
8bitsDePoder_ 005156  67E5                  	endif
8bitsDePoder_ 005162  6978                  	org 27000
8bitsDePoder_ 005163  6978                  	_SPRITES_DATA
8bitsDePoder_ 005169  6978                  	NUM_SPRITES equ 32
8bitsDePoder_ 005172  6978                  	SEQUENCES equ _SEQUENCES_LIST
8bitsDePoder_ 005177  6978                  	_SPR_SPRITES_TABLE
8bitsDePoder_ 005180  6978  01              	sp0    db 1
8bitsDePoder_ 005199  6979  32 00           	dw 50
8bitsDePoder_ 005200  697B  32 00           	dw 50
8bitsDePoder_ 005201  697D  00              	db 0
8bitsDePoder_ 005202  697E  00              	db 0
8bitsDePoder_ 005203  697F  02              	sp0_seq    db 2
8bitsDePoder_ 005205  6980  00              	sp0_frame  db 0
8bitsDePoder_ 005207  6981  D0 84           	sp0img    dw 34000
8bitsDePoder_ 005216  6983  00 00           	dw 0
8bitsDePoder_ 005217  6985  00 00           	dw 0
8bitsDePoder_ 005218  6987  00              	db 0
8bitsDePoder_ 005220  6988                  	sprite_size   equ sp1-sp0
8bitsDePoder_ 005221  6988                  	sp_seq_offset  equ sp0_seq-sp0
8bitsDePoder_ 005222  6988                  	sp_frame_offset equ sp0_frame-sp0
8bitsDePoder_ 005226  6988                  	sp1  let COUNTER = NUM_SPRITES-1
8bitsDePoder_ 005228  6988  00              	db 0
8bitsDePoder_ 005229  6989  00 00           	dw 0
8bitsDePoder_ 005230  698B  00 00           	dw 0
8bitsDePoder_ 005231  698D  00              	db 0
8bitsDePoder_ 005232  698E  00              	db 0
8bitsDePoder_ 005233  698F  01              	db 1
8bitsDePoder_ 005234  6990  00              	db 0
8bitsDePoder_ 005235  6991  D0 84           	dw 34000
8bitsDePoder_ 005236  6993  00 00           	dw 0
8bitsDePoder_ 005237  6995  00 00           	dw 0
8bitsDePoder_ 005238  6997  00              	db 0
8bitsDePoder_ 005239  6998                  	let COUNTER = COUNTER-1
8bitsDePoder_ 005228  6998  00              	db 0
8bitsDePoder_ 005229  6999  00 00           	dw 0
8bitsDePoder_ 005230  699B  00 00           	dw 0
8bitsDePoder_ 005231  699D  00              	db 0
8bitsDePoder_ 005232  699E  00              	db 0
8bitsDePoder_ 005233  699F  01              	db 1
8bitsDePoder_ 005234  69A0  00              	db 0
8bitsDePoder_ 005235  69A1  D0 84           	dw 34000
8bitsDePoder_ 005236  69A3  00 00           	dw 0
8bitsDePoder_ 005237  69A5  00 00           	dw 0
8bitsDePoder_ 005238  69A7  00              	db 0
8bitsDePoder_ 005239  69A8                  	let COUNTER = COUNTER-1
8bitsDePoder_ 005228  69A8  00              	db 0
8bitsDePoder_ 005229  69A9  00 00           	dw 0
8bitsDePoder_ 005230  69AB  00 00           	dw 0
8bitsDePoder_ 005231  69AD  00              	db 0
8bitsDePoder_ 005232  69AE  00              	db 0
8bitsDePoder_ 005233  69AF  01              	db 1
8bitsDePoder_ 005234  69B0  00              	db 0
8bitsDePoder_ 005235  69B1  D0 84           	dw 34000
8bitsDePoder_ 005236  69B3  00 00           	dw 0
8bitsDePoder_ 005237  69B5  00 00           	dw 0
8bitsDePoder_ 005238  69B7  00              	db 0
8bitsDePoder_ 005239  69B8                  	let COUNTER = COUNTER-1
8bitsDePoder_ 005228  69B8  00              	db 0
8bitsDePoder_ 005229  69B9  00 00           	dw 0
8bitsDePoder_ 005230  69BB  00 00           	dw 0
8bitsDePoder_ 005231  69BD  00              	db 0
8bitsDePoder_ 005232  69BE  00              	db 0
8bitsDePoder_ 005233  69BF  01              	db 1
8bitsDePoder_ 005234  69C0  00              	db 0
8bitsDePoder_ 005235  69C1  D0 84           	dw 34000
8bitsDePoder_ 005236  69C3  00 00           	dw 0
8bitsDePoder_ 005237  69C5  00 00           	dw 0
8bitsDePoder_ 005238  69C7  00              	db 0
8bitsDePoder_ 005239  69C8                  	let COUNTER = COUNTER-1
8bitsDePoder_ 005228  69C8  00              	db 0
8bitsDePoder_ 005229  69C9  00 00           	dw 0
8bitsDePoder_ 005230  69CB  00 00           	dw 0
8bitsDePoder_ 005231  69CD  00              	db 0
8bitsDePoder_ 005232  69CE  00              	db 0
8bitsDePoder_ 005233  69CF  01              	db 1
8bitsDePoder_ 005234  69D0  00              	db 0
8bitsDePoder_ 005235  69D1  D0 84           	dw 34000
8bitsDePoder_ 005236  69D3  00 00           	dw 0
8bitsDePoder_ 005237  69D5  00 00           	dw 0
8bitsDePoder_ 005238  69D7  00              	db 0
8bitsDePoder_ 005239  69D8                  	let COUNTER = COUNTER-1
8bitsDePoder_ 005228  69D8  00              	db 0
8bitsDePoder_ 005229  69D9  00 00           	dw 0
8bitsDePoder_ 005230  69DB  00 00           	dw 0
8bitsDePoder_ 005231  69DD  00              	db 0
8bitsDePoder_ 005232  69DE  00              	db 0
8bitsDePoder_ 005233  69DF  01              	db 1
8bitsDePoder_ 005234  69E0  00              	db 0
8bitsDePoder_ 005235  69E1  D0 84           	dw 34000
8bitsDePoder_ 005236  69E3  00 00           	dw 0
8bitsDePoder_ 005237  69E5  00 00           	dw 0
8bitsDePoder_ 005238  69E7  00              	db 0
8bitsDePoder_ 005239  69E8                  	let COUNTER = COUNTER-1
8bitsDePoder_ 005228  69E8  00              	db 0
8bitsDePoder_ 005229  69E9  00 00           	dw 0
8bitsDePoder_ 005230  69EB  00 00           	dw 0
8bitsDePoder_ 005231  69ED  00              	db 0
8bitsDePoder_ 005232  69EE  00              	db 0
8bitsDePoder_ 005233  69EF  01              	db 1
8bitsDePoder_ 005234  69F0  00              	db 0
8bitsDePoder_ 005235  69F1  D0 84           	dw 34000
8bitsDePoder_ 005236  69F3  00 00           	dw 0
8bitsDePoder_ 005237  69F5  00 00           	dw 0
8bitsDePoder_ 005238  69F7  00              	db 0
8bitsDePoder_ 005239  69F8                  	let COUNTER = COUNTER-1
8bitsDePoder_ 005228  69F8  00              	db 0
8bitsDePoder_ 005229  69F9  00 00           	dw 0
8bitsDePoder_ 005230  69FB  00 00           	dw 0
8bitsDePoder_ 005231  69FD  00              	db 0
8bitsDePoder_ 005232  69FE  00              	db 0
8bitsDePoder_ 005233  69FF  01              	db 1
8bitsDePoder_ 005234  6A00  00              	db 0
8bitsDePoder_ 005235  6A01  D0 84           	dw 34000
8bitsDePoder_ 005236  6A03  00 00           	dw 0
8bitsDePoder_ 005237  6A05  00 00           	dw 0
8bitsDePoder_ 005238  6A07  00              	db 0
8bitsDePoder_ 005239  6A08                  	let COUNTER = COUNTER-1
8bitsDePoder_ 005228  6A08  00              	db 0
8bitsDePoder_ 005229  6A09  00 00           	dw 0
8bitsDePoder_ 005230  6A0B  00 00           	dw 0
8bitsDePoder_ 005231  6A0D  00              	db 0
8bitsDePoder_ 005232  6A0E  00              	db 0
8bitsDePoder_ 005233  6A0F  01              	db 1
8bitsDePoder_ 005234  6A10  00              	db 0
8bitsDePoder_ 005235  6A11  D0 84           	dw 34000
8bitsDePoder_ 005236  6A13  00 00           	dw 0
8bitsDePoder_ 005237  6A15  00 00           	dw 0
8bitsDePoder_ 005238  6A17  00              	db 0
8bitsDePoder_ 005239  6A18                  	let COUNTER = COUNTER-1
8bitsDePoder_ 005228  6A18  00              	db 0
8bitsDePoder_ 005229  6A19  00 00           	dw 0
8bitsDePoder_ 005230  6A1B  00 00           	dw 0
8bitsDePoder_ 005231  6A1D  00              	db 0
8bitsDePoder_ 005232  6A1E  00              	db 0
8bitsDePoder_ 005233  6A1F  01              	db 1
8bitsDePoder_ 005234  6A20  00              	db 0
8bitsDePoder_ 005235  6A21  D0 84           	dw 34000
8bitsDePoder_ 005236  6A23  00 00           	dw 0
8bitsDePoder_ 005237  6A25  00 00           	dw 0
8bitsDePoder_ 005238  6A27  00              	db 0
8bitsDePoder_ 005239  6A28                  	let COUNTER = COUNTER-1
8bitsDePoder_ 005228  6A28  00              	db 0
8bitsDePoder_ 005229  6A29  00 00           	dw 0
8bitsDePoder_ 005230  6A2B  00 00           	dw 0
8bitsDePoder_ 005231  6A2D  00              	db 0
8bitsDePoder_ 005232  6A2E  00              	db 0
8bitsDePoder_ 005233  6A2F  01              	db 1
8bitsDePoder_ 005234  6A30  00              	db 0
8bitsDePoder_ 005235  6A31  D0 84           	dw 34000
8bitsDePoder_ 005236  6A33  00 00           	dw 0
8bitsDePoder_ 005237  6A35  00 00           	dw 0
8bitsDePoder_ 005238  6A37  00              	db 0
8bitsDePoder_ 005239  6A38                  	let COUNTER = COUNTER-1
8bitsDePoder_ 005228  6A38  00              	db 0
8bitsDePoder_ 005229  6A39  00 00           	dw 0
8bitsDePoder_ 005230  6A3B  00 00           	dw 0
8bitsDePoder_ 005231  6A3D  00              	db 0
8bitsDePoder_ 005232  6A3E  00              	db 0
8bitsDePoder_ 005233  6A3F  01              	db 1
8bitsDePoder_ 005234  6A40  00              	db 0
8bitsDePoder_ 005235  6A41  D0 84           	dw 34000
8bitsDePoder_ 005236  6A43  00 00           	dw 0
8bitsDePoder_ 005237  6A45  00 00           	dw 0
8bitsDePoder_ 005238  6A47  00              	db 0
8bitsDePoder_ 005239  6A48                  	let COUNTER = COUNTER-1
8bitsDePoder_ 005228  6A48  00              	db 0
8bitsDePoder_ 005229  6A49  00 00           	dw 0
8bitsDePoder_ 005230  6A4B  00 00           	dw 0
8bitsDePoder_ 005231  6A4D  00              	db 0
8bitsDePoder_ 005232  6A4E  00              	db 0
8bitsDePoder_ 005233  6A4F  01              	db 1
8bitsDePoder_ 005234  6A50  00              	db 0
8bitsDePoder_ 005235  6A51  D0 84           	dw 34000
8bitsDePoder_ 005236  6A53  00 00           	dw 0
8bitsDePoder_ 005237  6A55  00 00           	dw 0
8bitsDePoder_ 005238  6A57  00              	db 0
8bitsDePoder_ 005239  6A58                  	let COUNTER = COUNTER-1
8bitsDePoder_ 005228  6A58  00              	db 0
8bitsDePoder_ 005229  6A59  00 00           	dw 0
8bitsDePoder_ 005230  6A5B  00 00           	dw 0
8bitsDePoder_ 005231  6A5D  00              	db 0
8bitsDePoder_ 005232  6A5E  00              	db 0
8bitsDePoder_ 005233  6A5F  01              	db 1
8bitsDePoder_ 005234  6A60  00              	db 0
8bitsDePoder_ 005235  6A61  D0 84           	dw 34000
8bitsDePoder_ 005236  6A63  00 00           	dw 0
8bitsDePoder_ 005237  6A65  00 00           	dw 0
8bitsDePoder_ 005238  6A67  00              	db 0
8bitsDePoder_ 005239  6A68                  	let COUNTER = COUNTER-1
8bitsDePoder_ 005228  6A68  00              	db 0
8bitsDePoder_ 005229  6A69  00 00           	dw 0
8bitsDePoder_ 005230  6A6B  00 00           	dw 0
8bitsDePoder_ 005231  6A6D  00              	db 0
8bitsDePoder_ 005232  6A6E  00              	db 0
8bitsDePoder_ 005233  6A6F  01              	db 1
8bitsDePoder_ 005234  6A70  00              	db 0
8bitsDePoder_ 005235  6A71  D0 84           	dw 34000
8bitsDePoder_ 005236  6A73  00 00           	dw 0
8bitsDePoder_ 005237  6A75  00 00           	dw 0
8bitsDePoder_ 005238  6A77  00              	db 0
8bitsDePoder_ 005239  6A78                  	let COUNTER = COUNTER-1
8bitsDePoder_ 005228  6A78  00              	db 0
8bitsDePoder_ 005229  6A79  00 00           	dw 0
8bitsDePoder_ 005230  6A7B  00 00           	dw 0
8bitsDePoder_ 005231  6A7D  00              	db 0
8bitsDePoder_ 005232  6A7E  00              	db 0
8bitsDePoder_ 005233  6A7F  01              	db 1
8bitsDePoder_ 005234  6A80  00              	db 0
8bitsDePoder_ 005235  6A81  D0 84           	dw 34000
8bitsDePoder_ 005236  6A83  00 00           	dw 0
8bitsDePoder_ 005237  6A85  00 00           	dw 0
8bitsDePoder_ 005238  6A87  00              	db 0
8bitsDePoder_ 005239  6A88                  	let COUNTER = COUNTER-1
8bitsDePoder_ 005228  6A88  00              	db 0
8bitsDePoder_ 005229  6A89  00 00           	dw 0
8bitsDePoder_ 005230  6A8B  00 00           	dw 0
8bitsDePoder_ 005231  6A8D  00              	db 0
8bitsDePoder_ 005232  6A8E  00              	db 0
8bitsDePoder_ 005233  6A8F  01              	db 1
8bitsDePoder_ 005234  6A90  00              	db 0
8bitsDePoder_ 005235  6A91  D0 84           	dw 34000
8bitsDePoder_ 005236  6A93  00 00           	dw 0
8bitsDePoder_ 005237  6A95  00 00           	dw 0
8bitsDePoder_ 005238  6A97  00              	db 0
8bitsDePoder_ 005239  6A98                  	let COUNTER = COUNTER-1
8bitsDePoder_ 005228  6A98  00              	db 0
8bitsDePoder_ 005229  6A99  00 00           	dw 0
8bitsDePoder_ 005230  6A9B  00 00           	dw 0
8bitsDePoder_ 005231  6A9D  00              	db 0
8bitsDePoder_ 005232  6A9E  00              	db 0
8bitsDePoder_ 005233  6A9F  01              	db 1
8bitsDePoder_ 005234  6AA0  00              	db 0
8bitsDePoder_ 005235  6AA1  D0 84           	dw 34000
8bitsDePoder_ 005236  6AA3  00 00           	dw 0
8bitsDePoder_ 005237  6AA5  00 00           	dw 0
8bitsDePoder_ 005238  6AA7  00              	db 0
8bitsDePoder_ 005239  6AA8                  	let COUNTER = COUNTER-1
8bitsDePoder_ 005228  6AA8  00              	db 0
8bitsDePoder_ 005229  6AA9  00 00           	dw 0
8bitsDePoder_ 005230  6AAB  00 00           	dw 0
8bitsDePoder_ 005231  6AAD  00              	db 0
8bitsDePoder_ 005232  6AAE  00              	db 0
8bitsDePoder_ 005233  6AAF  01              	db 1
8bitsDePoder_ 005234  6AB0  00              	db 0
8bitsDePoder_ 005235  6AB1  D0 84           	dw 34000
8bitsDePoder_ 005236  6AB3  00 00           	dw 0
8bitsDePoder_ 005237  6AB5  00 00           	dw 0
8bitsDePoder_ 005238  6AB7  00              	db 0
8bitsDePoder_ 005239  6AB8                  	let COUNTER = COUNTER-1
8bitsDePoder_ 005228  6AB8  00              	db 0
8bitsDePoder_ 005229  6AB9  00 00           	dw 0
8bitsDePoder_ 005230  6ABB  00 00           	dw 0
8bitsDePoder_ 005231  6ABD  00              	db 0
8bitsDePoder_ 005232  6ABE  00              	db 0
8bitsDePoder_ 005233  6ABF  01              	db 1
8bitsDePoder_ 005234  6AC0  00              	db 0
8bitsDePoder_ 005235  6AC1  D0 84           	dw 34000
8bitsDePoder_ 005236  6AC3  00 00           	dw 0
8bitsDePoder_ 005237  6AC5  00 00           	dw 0
8bitsDePoder_ 005238  6AC7  00              	db 0
8bitsDePoder_ 005239  6AC8                  	let COUNTER = COUNTER-1
8bitsDePoder_ 005228  6AC8  00              	db 0
8bitsDePoder_ 005229  6AC9  00 00           	dw 0
8bitsDePoder_ 005230  6ACB  00 00           	dw 0
8bitsDePoder_ 005231  6ACD  00              	db 0
8bitsDePoder_ 005232  6ACE  00              	db 0
8bitsDePoder_ 005233  6ACF  01              	db 1
8bitsDePoder_ 005234  6AD0  00              	db 0
8bitsDePoder_ 005235  6AD1  D0 84           	dw 34000
8bitsDePoder_ 005236  6AD3  00 00           	dw 0
8bitsDePoder_ 005237  6AD5  00 00           	dw 0
8bitsDePoder_ 005238  6AD7  00              	db 0
8bitsDePoder_ 005239  6AD8                  	let COUNTER = COUNTER-1
8bitsDePoder_ 005228  6AD8  00              	db 0
8bitsDePoder_ 005229  6AD9  00 00           	dw 0
8bitsDePoder_ 005230  6ADB  00 00           	dw 0
8bitsDePoder_ 005231  6ADD  00              	db 0
8bitsDePoder_ 005232  6ADE  00              	db 0
8bitsDePoder_ 005233  6ADF  01              	db 1
8bitsDePoder_ 005234  6AE0  00              	db 0
8bitsDePoder_ 005235  6AE1  D0 84           	dw 34000
8bitsDePoder_ 005236  6AE3  00 00           	dw 0
8bitsDePoder_ 005237  6AE5  00 00           	dw 0
8bitsDePoder_ 005238  6AE7  00              	db 0
8bitsDePoder_ 005239  6AE8                  	let COUNTER = COUNTER-1
8bitsDePoder_ 005228  6AE8  00              	db 0
8bitsDePoder_ 005229  6AE9  00 00           	dw 0
8bitsDePoder_ 005230  6AEB  00 00           	dw 0
8bitsDePoder_ 005231  6AED  00              	db 0
8bitsDePoder_ 005232  6AEE  00              	db 0
8bitsDePoder_ 005233  6AEF  01              	db 1
8bitsDePoder_ 005234  6AF0  00              	db 0
8bitsDePoder_ 005235  6AF1  D0 84           	dw 34000
8bitsDePoder_ 005236  6AF3  00 00           	dw 0
8bitsDePoder_ 005237  6AF5  00 00           	dw 0
8bitsDePoder_ 005238  6AF7  00              	db 0
8bitsDePoder_ 005239  6AF8                  	let COUNTER = COUNTER-1
8bitsDePoder_ 005228  6AF8  00              	db 0
8bitsDePoder_ 005229  6AF9  00 00           	dw 0
8bitsDePoder_ 005230  6AFB  00 00           	dw 0
8bitsDePoder_ 005231  6AFD  00              	db 0
8bitsDePoder_ 005232  6AFE  00              	db 0
8bitsDePoder_ 005233  6AFF  01              	db 1
8bitsDePoder_ 005234  6B00  00              	db 0
8bitsDePoder_ 005235  6B01  D0 84           	dw 34000
8bitsDePoder_ 005236  6B03  00 00           	dw 0
8bitsDePoder_ 005237  6B05  00 00           	dw 0
8bitsDePoder_ 005238  6B07  00              	db 0
8bitsDePoder_ 005239  6B08                  	let COUNTER = COUNTER-1
8bitsDePoder_ 005228  6B08  00              	db 0
8bitsDePoder_ 005229  6B09  00 00           	dw 0
8bitsDePoder_ 005230  6B0B  00 00           	dw 0
8bitsDePoder_ 005231  6B0D  00              	db 0
8bitsDePoder_ 005232  6B0E  00              	db 0
8bitsDePoder_ 005233  6B0F  01              	db 1
8bitsDePoder_ 005234  6B10  00              	db 0
8bitsDePoder_ 005235  6B11  D0 84           	dw 34000
8bitsDePoder_ 005236  6B13  00 00           	dw 0
8bitsDePoder_ 005237  6B15  00 00           	dw 0
8bitsDePoder_ 005238  6B17  00              	db 0
8bitsDePoder_ 005239  6B18                  	let COUNTER = COUNTER-1
8bitsDePoder_ 005228  6B18  00              	db 0
8bitsDePoder_ 005229  6B19  00 00           	dw 0
8bitsDePoder_ 005230  6B1B  00 00           	dw 0
8bitsDePoder_ 005231  6B1D  00              	db 0
8bitsDePoder_ 005232  6B1E  00              	db 0
8bitsDePoder_ 005233  6B1F  01              	db 1
8bitsDePoder_ 005234  6B20  00              	db 0
8bitsDePoder_ 005235  6B21  D0 84           	dw 34000
8bitsDePoder_ 005236  6B23  00 00           	dw 0
8bitsDePoder_ 005237  6B25  00 00           	dw 0
8bitsDePoder_ 005238  6B27  00              	db 0
8bitsDePoder_ 005239  6B28                  	let COUNTER = COUNTER-1
8bitsDePoder_ 005228  6B28  00              	db 0
8bitsDePoder_ 005229  6B29  00 00           	dw 0
8bitsDePoder_ 005230  6B2B  00 00           	dw 0
8bitsDePoder_ 005231  6B2D  00              	db 0
8bitsDePoder_ 005232  6B2E  00              	db 0
8bitsDePoder_ 005233  6B2F  01              	db 1
8bitsDePoder_ 005234  6B30  00              	db 0
8bitsDePoder_ 005235  6B31  D0 84           	dw 34000
8bitsDePoder_ 005236  6B33  00 00           	dw 0
8bitsDePoder_ 005237  6B35  00 00           	dw 0
8bitsDePoder_ 005238  6B37  00              	db 0
8bitsDePoder_ 005239  6B38                  	let COUNTER = COUNTER-1
8bitsDePoder_ 005228  6B38  00              	db 0
8bitsDePoder_ 005229  6B39  00 00           	dw 0
8bitsDePoder_ 005230  6B3B  00 00           	dw 0
8bitsDePoder_ 005231  6B3D  00              	db 0
8bitsDePoder_ 005232  6B3E  00              	db 0
8bitsDePoder_ 005233  6B3F  01              	db 1
8bitsDePoder_ 005234  6B40  00              	db 0
8bitsDePoder_ 005235  6B41  D0 84           	dw 34000
8bitsDePoder_ 005236  6B43  00 00           	dw 0
8bitsDePoder_ 005237  6B45  00 00           	dw 0
8bitsDePoder_ 005238  6B47  00              	db 0
8bitsDePoder_ 005239  6B48                  	let COUNTER = COUNTER-1
8bitsDePoder_ 005228  6B48  00              	db 0
8bitsDePoder_ 005229  6B49  00 00           	dw 0
8bitsDePoder_ 005230  6B4B  00 00           	dw 0
8bitsDePoder_ 005231  6B4D  00              	db 0
8bitsDePoder_ 005232  6B4E  00              	db 0
8bitsDePoder_ 005233  6B4F  01              	db 1
8bitsDePoder_ 005234  6B50  00              	db 0
8bitsDePoder_ 005235  6B51  D0 84           	dw 34000
8bitsDePoder_ 005236  6B53  00 00           	dw 0
8bitsDePoder_ 005237  6B55  00 00           	dw 0
8bitsDePoder_ 005238  6B57  00              	db 0
8bitsDePoder_ 005239  6B58                  	let COUNTER = COUNTER-1
8bitsDePoder_ 005228  6B58  00              	db 0
8bitsDePoder_ 005229  6B59  00 00           	dw 0
8bitsDePoder_ 005230  6B5B  00 00           	dw 0
8bitsDePoder_ 005231  6B5D  00              	db 0
8bitsDePoder_ 005232  6B5E  00              	db 0
8bitsDePoder_ 005233  6B5F  01              	db 1
8bitsDePoder_ 005234  6B60  00              	db 0
8bitsDePoder_ 005235  6B61  D0 84           	dw 34000
8bitsDePoder_ 005236  6B63  00 00           	dw 0
8bitsDePoder_ 005237  6B65  00 00           	dw 0
8bitsDePoder_ 005238  6B67  00              	db 0
8bitsDePoder_ 005239  6B68                  	let COUNTER = COUNTER-1
8bitsDePoder_ 005228  6B68  00              	db 0
8bitsDePoder_ 005229  6B69  00 00           	dw 0
8bitsDePoder_ 005230  6B6B  00 00           	dw 0
8bitsDePoder_ 005231  6B6D  00              	db 0
8bitsDePoder_ 005232  6B6E  00              	db 0
8bitsDePoder_ 005233  6B6F  01              	db 1
8bitsDePoder_ 005234  6B70  00              	db 0
8bitsDePoder_ 005235  6B71  D0 84           	dw 34000
8bitsDePoder_ 005236  6B73  00 00           	dw 0
8bitsDePoder_ 005237  6B75  00 00           	dw 0
8bitsDePoder_ 005238  6B77  00              	db 0
8bitsDePoder_ 005239  6B78                  	let COUNTER = COUNTER-1
8bitsDePoder_ 005243  6B78                  	org 27000+512
8bitsDePoder_ 005250  6B78                  	_INSTALL_RSX
8bitsDePoder_ 005256  6B78                  	_INSTALL_RSX2
8bitsDePoder_ 005257  6B78  01 94 6B        	ld bc, RSX_TABLE
8bitsDePoder_ 005258  6B7B  21 E3 6B        	ld HL, RSX_space
8bitsDePoder_ 005259  6B7E  CD D1 BC        	call &bcd1
8bitsDePoder_ 005266  6B81  3E 36           	ld a, &36
8bitsDePoder_ 005267  6B83  32 96 66        	ld (SOR_RESET),a
8bitsDePoder_ 005268  6B86  CD 85 66        	CALL _SORTY
8bitsDePoder_ 005269  6B89  AF              	xor a
8bitsDePoder_ 005270  6B8A  32 96 66        	ld (SOR_RESET),a
8bitsDePoder_ 005271  6B8D  32 3D 60        	LD (SOR_DIRSTART),a
8bitsDePoder_ 005272  6B90  32 3E 60        	LD (SOR_DIRSTART+1),a
8bitsDePoder_ 005273  6B93  C9              	ret
8bitsDePoder_ 005276  6B94  E7 6B           	RSX_TABLE  defw RSX_NAMETB
8bitsDePoder_ 005277  6B96  C3 00 62        	DIR_PRINTSPALL  JP _PRINT_SPRITES
8bitsDePoder_ 005278  6B99  C3 E8 72        	DIR_COLSPALL  JP _COLSPALL
8bitsDePoder_ 005279  6B9C  C3 3E 70        	DIR_AUTO_ALL  JP _AUTO_ALL
8bitsDePoder_ 005280  6B9F  C3 E1 73        	DIR_MOVER_ALL  JP _MOVER_ALL
8bitsDePoder_ 005281  6BA2  C3 E6 67        	DIR_MAP2SP  JP _MAP2SP
8bitsDePoder_ 005282  6BA5  C3 73 71        	DIR_STARS  JP _SCROLL_STARS
8bitsDePoder_ 005283  6BA8  C3 DB 74        	DIR_COLAY  JP _COLISION_LAYOUT
8bitsDePoder_ 005284  6BAB  C3 7E 6F        	DIR_SETUPSP  JP _SETUP_SPRITE
8bitsDePoder_ 005285  6BAE  C3 80 6D        	DIR_LOCATESP  JP _LOCATE_SPRITE
8bitsDePoder_ 005286  6BB1  C3 A3 6D        	DIR_PEEK  JP _PEEK
8bitsDePoder_ 005287  6BB4  C3 B4 6D        	DIR_POKE  JP _POKE
8bitsDePoder_ 005288  6BB7  C3 C3 6E        	DIR_ANIMASP  JP _ANIMA_SP
8bitsDePoder_ 005289  6BBA  C3 E1 70        	DIR_COLSP  JP _COLISION_SPRITES
8bitsDePoder_ 005290  6BBD  C3 67 73        	DIR_RINK  JP _RINK
8bitsDePoder_ 005291  6BC0  C3 75 72        	DIR_MOVER  JP _MOVER
8bitsDePoder_ 005292  6BC3  C3 A1 64        	DIR_PRINTSP  JP _PRINT_SPRITE
8bitsDePoder_ 005293  6BC6  C3 48 61        	DIR_PRINTAT  JP _PRINTAT
8bitsDePoder_ 005295  6BC9  C3 F0 6F        	DIR_AUTO  JP _AUTO_SPRITE
8bitsDePoder_ 005296  6BCC  C3 3B 63        	DIR_ROUTESP  JP _ROUTE_SP
8bitsDePoder_ 005297  6BCF  C3 8B 5F        	DIR_UMAP  JP _UPDATE_MAP
8bitsDePoder_ 005299  6BD2  C3 1A 63        	DIR_ROUTEALL  JP _ROUTEALL
8bitsDePoder_ 005300  6BD5  C3 AF 75        	DIR_LAYOUT  JP _PRINT_LAYOUT
8bitsDePoder_ 005302  6BD8  C3 4F 6E        	DIR_MUSIC  JP _MUSIC_ON
8bitsDePoder_ 005304  6BDB  C3 96 67        	DIR_SETLIMITS  JP _SET_LIMITS
8bitsDePoder_ 005305  6BDE  C3 58 5F        	DIR_3D    JP _3D_RENDER3D
8bitsDePoder_ 005308  6BE1  52 83           	GET_IMAGE_LIST  DW    IMAGE_LIST
8bitsDePoder_ 005309  6BE3  00 00 00 00     	RSX_space  db 0,0,0,0
8bitsDePoder_ 005311  6BE7                  	RSX_NAMETB
8bitsDePoder_ 005313  6BE7  50 52 49 4E 54 ..	defM "PRINTSPAL"
8bitsDePoder_ 005314  6BF0  CC              	db "L"+&80
8bitsDePoder_ 005315  6BF1  43 4F 4C 53 50 ..	defM "COLSPAL"
8bitsDePoder_ 005316  6BF8  CC              	db "L"+&80
8bitsDePoder_ 005317  6BF9  41 55 54 4F 41 ..	defM "AUTOAL"
8bitsDePoder_ 005318  6BFF  CC              	db "L"+&80
8bitsDePoder_ 005319  6C00  4D 4F 56 45 52 ..	defM "MOVERAL"
8bitsDePoder_ 005320  6C07  CC              	db "L"+&80
8bitsDePoder_ 005321  6C08  4D 41 50 32 53  	defM "MAP2S"
8bitsDePoder_ 005322  6C0D  D0              	db "P"+&80
8bitsDePoder_ 005323  6C0E  53 54 41 52     	defM "STAR"
8bitsDePoder_ 005324  6C12  D3              	db "S"+&80
8bitsDePoder_ 005325  6C13  43 4F 4C 41     	defM "COLA"
8bitsDePoder_ 005326  6C17  D9              	db "Y"+&80
8bitsDePoder_ 005327  6C18  53 45 54 55 50 ..	defM "SETUPS"
8bitsDePoder_ 005328  6C1E  D0              	db "P"+&80
8bitsDePoder_ 005329  6C1F  4C 4F 43 41 54 ..	defM "LOCATES"
8bitsDePoder_ 005330  6C26  D0              	db "P"+&80
8bitsDePoder_ 005331  6C27  50 45 45        	defM "PEE"
8bitsDePoder_ 005332  6C2A  CB              	db "K"+&80
8bitsDePoder_ 005333  6C2B  50 4F 4B        	defM "POK"
8bitsDePoder_ 005334  6C2E  C5              	db "E"+&80
8bitsDePoder_ 005335  6C2F  41 4E 49 4D     	defM "ANIM"
8bitsDePoder_ 005336  6C33  C1              	db "A"+&80
8bitsDePoder_ 005337  6C34  43 4F 4C 53     	defM "COLS"
8bitsDePoder_ 005338  6C38  D0              	db "P"+&80
8bitsDePoder_ 005339  6C39  52 49 4E        	defM "RIN"
8bitsDePoder_ 005340  6C3C  CB              	db "K"+&80
8bitsDePoder_ 005341  6C3D  4D 4F 56 45     	defM "MOVE"
8bitsDePoder_ 005342  6C41  D2              	db "R"+&80
8bitsDePoder_ 005343  6C42  50 52 49 4E 54 ..	defM "PRINTS"
8bitsDePoder_ 005344  6C48  D0              	db "P"+&80
8bitsDePoder_ 005345  6C49  50 52 49 4E 54 ..	defM "PRINTA"
8bitsDePoder_ 005346  6C4F  D4              	db "T"+&80
8bitsDePoder_ 005351  6C50  41 55 54        	defM "AUT"
8bitsDePoder_ 005352  6C53  CF              	db "O"+&80
8bitsDePoder_ 005353  6C54  52 4F 55 54 45 ..	defM "ROUTES"
8bitsDePoder_ 005354  6C5A  D0              	db "P"+&80
8bitsDePoder_ 005355  6C5B  55 4D 41        	defM "UMA"
8bitsDePoder_ 005356  6C5E  D0              	db "P"+&80
8bitsDePoder_ 005359  6C5F  52 4F 55 54 45 ..	defM "ROUTEAL"
8bitsDePoder_ 005360  6C66  CC              	db "L"+&80
8bitsDePoder_ 005361  6C67  4C 41 59 4F 55  	defM "LAYOU"
8bitsDePoder_ 005362  6C6C  D4              	db "T"+&80
8bitsDePoder_ 005365  6C6D  4D 55 53 49     	defM "MUSI"
8bitsDePoder_ 005366  6C71  C3              	db "C"+&80
8bitsDePoder_ 005369  6C72  53 45 54 4C 49 ..	defM "SETLIMIT"
8bitsDePoder_ 005370  6C7A  D3              	db "S"+&80
8bitsDePoder_ 005371  6C7B  33              	defM "3"
8bitsDePoder_ 005372  6C7C  C4              	db "D"+&80
8bitsDePoder_ 005375  6C7D  00              	db 0
8bitsDePoder_ 005376  6C7E                  	ENDRSX
8bitsDePoder_ 005377  6C7E                  	_INSTALL_RSX_end
8bitsDePoder_ 005384  6C7E  00 00           	sal_dir    dw 0
8bitsDePoder_ 005385  6C80  00              	sal_done  db 0
8bitsDePoder_ 005391  6C81                  	LIMITS
8bitsDePoder_ 005392  6C81                  	SPR_MIN_X
8bitsDePoder_ 005393  6C81  00 00           	dw 0
8bitsDePoder_ 005394  6C83                  	SPR_MAX_X
8bitsDePoder_ 005395  6C83  50 00           	dw 80
8bitsDePoder_ 005396  6C85                  	SPR_MIN_Y
8bitsDePoder_ 005397  6C85  00 00           	dw 0
8bitsDePoder_ 005398  6C87                  	SPR_MAX_Y
8bitsDePoder_ 005399  6C87  C8 00           	dw 200
8bitsDePoder_ 005402  6C89  50              	SPR_DIFX  db 80
8bitsDePoder_ 005403  6C8A  C8              	SPR_DIFY  db 200
8bitsDePoder_ 005483  6C8B                  	_PAINT
8bitsDePoder_ 005486  6C8B                  	PNT
8bitsDePoder_ 005487  6C8B  ED 5B E2 C7     	ld de,(SPR_imagefinal)
8bitsDePoder_ 005488  6C8F  3A DE C7        	ld a, (SPR_ancho)
8bitsDePoder_ 005489  6C92  ED 4B E0 C7     	ld bc,(SPR_anchoaltofinal)
8bitsDePoder_ 005490  6C96  91              	sub c
8bitsDePoder_ 005491  6C97  32 E9 C7        	ld (PNT_restoancho),a
8bitsDePoder_ 005493  6C9A  2A E4 C7        	ld hl, (SPR_dirpant)
8bitsDePoder_ 005499  6C9D  EB              	ex de,hl
8bitsDePoder_ 005502  6C9E  79              	ld a,c
8bitsDePoder_ 005506  6C9F                  	PNT_loop_alto
8bitsDePoder_ 005507  6C9F  C5              	push bc
8bitsDePoder_ 005508  6CA0  D5              	push de
8bitsDePoder_ 005510  6CA1                  	PNT_loop_ancho
8bitsDePoder_ 005512  6CA1  06 00           	ld b,0
8bitsDePoder_ 005515  6CA3                  	PNT_scanh
8bitsDePoder_ 005516  6CA3  C3 A6 6C        	JP PNT_NORMAL
8bitsDePoder_ 005530  6CA6                  	PNT_NORMAL
8bitsDePoder_ 005531  6CA6  ED B0           	ldir
8bitsDePoder_ 005535  6CA8                  	PNT_PAINTED
8bitsDePoder_ 005539  6CA8  ED 5B E9 C7     	ld de,(PNT_restoancho)
8bitsDePoder_ 005540  6CAC  19              	add HL,de
8bitsDePoder_ 005542  6CAD  D1              	pop DE
8bitsDePoder_ 005543  6CAE  7A              	ld A,D
8bitsDePoder_ 005544  6CAF  C6 08           	add &08
8bitsDePoder_ 005546  6CB1  57              	ld D,A
8bitsDePoder_ 005547  6CB2  D6 C0           	sub &C0
8bitsDePoder_ 005549  6CB4  30 06           	jr nc,PNT_sig_linea
8bitsDePoder_ 005559  6CB6  EB              	ex de,hl
8bitsDePoder_ 005560  6CB7  01 50 C0        	ld bc,&c050
8bitsDePoder_ 005561  6CBA  09              	add HL,BC
8bitsDePoder_ 005562  6CBB  EB              	ex de,hl
8bitsDePoder_ 005563  6CBC                  	PNT_sig_linea
8bitsDePoder_ 005564  6CBC  C1              	pop bc
8bitsDePoder_ 005568  6CBD  10 E0           	djnz PNT_loop_alto
8bitsDePoder_ 005573  6CBF  AF              	xor a
8bitsDePoder_ 005574  6CC0  32 FD E7        	ld (flip_flag),a
8bitsDePoder_ 005576  6CC3  C9              	ret
8bitsDePoder_ 005583  6CC4                  	PNT_TRANSP
8bitsDePoder_ 005585  6CC4  79              	ld a,c
8bitsDePoder_ 005586  6CC5  47              	ld b,a
8bitsDePoder_ 005587  6CC6                  	PTR2_scanh
8bitsDePoder_ 005588  6CC6  7E              	ld a, (HL)
8bitsDePoder_ 005589  6CC7  4F              	ld c, a
8bitsDePoder_ 005590  6CC8  E6 C0           	PTR2_bin1  and a,%11000000
8bitsDePoder_ 005592  6CCA  28 19           	JR Z,PTR2_fondo
8bitsDePoder_ 005595  6CCC  FE C0           	PTR2_bin2  cp %11000000
8bitsDePoder_ 005596  6CCE  28 1A           	JR Z,PTR2_transp
8bitsDePoder_ 005600  6CD0  79              	ld a,c
8bitsDePoder_ 005601  6CD1  CB 71           	bit 6,c
8bitsDePoder_ 005602  6CD3  28 09           	JR Z, PTR2_izq
8bitsDePoder_ 005605  6CD5  CB B1           	res 6,c
8bitsDePoder_ 005606  6CD7  1A              	ld a, (DE)
8bitsDePoder_ 005607  6CD8  E6 55           	PTR2_and  and a, %01010101
8bitsDePoder_ 005608  6CDA  B1              	or  a,c
8bitsDePoder_ 005609  6CDB  4F              	ld c,a
8bitsDePoder_ 005611  6CDC  18 07           	JR PTR2_fondo
8bitsDePoder_ 005613  6CDE  CB B9           	PTR2_izq   res 7,c
8bitsDePoder_ 005614  6CE0  1A              	ld a, (DE)
8bitsDePoder_ 005615  6CE1  E6 AA           	and a, %10101010
8bitsDePoder_ 005616  6CE3  B1              	or a,c
8bitsDePoder_ 005617  6CE4  4F              	ld c,a
8bitsDePoder_ 005621  6CE5  1A              	PTR2_fondo  ld a, (DE)
8bitsDePoder_ 005622  6CE6  E6 C0           	PTR2_bin3  AND A,%11000000
8bitsDePoder_ 005624  6CE8  B1              	or a,c
8bitsDePoder_ 005626  6CE9  12              	PTR2_pinta  ld (DE), a
8bitsDePoder_ 005628  6CEA  13              	PTR2_transp  inc de
8bitsDePoder_ 005629  6CEB  23              	inc hl
8bitsDePoder_ 005630  6CEC  10 D8           	djnz PTR2_scanh
8bitsDePoder_ 005631  6CEE  18 B8           	jr PNT_PAINTED
8bitsDePoder_ 005642  6CF0                  	PNT_FLIP_TRANSP
8bitsDePoder_ 005647  6CF0  06 00           	ld b,0
8bitsDePoder_ 005648  6CF2  09              	add hl,bc
8bitsDePoder_ 005649  6CF3  2B              	dec hl
8bitsDePoder_ 005650  6CF4  41              	ld b,c
8bitsDePoder_ 005651  6CF5                  	PNTF_scanh
8bitsDePoder_ 005653  6CF5  7E              	ld a, (HL)
8bitsDePoder_ 005654  6CF6  E6 AA           	and %10101010
8bitsDePoder_ 005655  6CF8  CB 3F           	srl a
8bitsDePoder_ 005656  6CFA  4F              	ld c,a
8bitsDePoder_ 005657  6CFB  7E              	ld a, (HL)
8bitsDePoder_ 005658  6CFC  E6 55           	and %01010101
8bitsDePoder_ 005659  6CFE  87              	ADD A,A
8bitsDePoder_ 005660  6CFF  B1              	or c
8bitsDePoder_ 005661  6D00  4F              	ld c,a
8bitsDePoder_ 005663  6D01  E6 C0           	PNTF_bin1  and a,%11000000
8bitsDePoder_ 005664  6D03  28 17           	JR Z,PNTF_fondo
8bitsDePoder_ 005667  6D05  FE C0           	PNTF_bin2  cp %11000000
8bitsDePoder_ 005668  6D07  28 18           	JR Z,PNTF_transp
8bitsDePoder_ 005671  6D09  79              	ld a,c
8bitsDePoder_ 005672  6D0A  CB 71           	bit 6,c
8bitsDePoder_ 005673  6D0C  28 07           	JR Z, PNTF_izq
8bitsDePoder_ 005676  6D0E  CB B1           	res 6,c
8bitsDePoder_ 005677  6D10  1A              	ld a, (DE)
8bitsDePoder_ 005678  6D11  E6 55           	and a, %01010101
8bitsDePoder_ 005679  6D13  B1              	or  a,c
8bitsDePoder_ 005680  6D14  4F              	ld c,a
8bitsDePoder_ 005682  6D15  CB B9           	PNTF_izq   res 7,c
8bitsDePoder_ 005683  6D17  1A              	ld a, (DE)
8bitsDePoder_ 005684  6D18  E6 AA           	and a, %10101010
8bitsDePoder_ 005685  6D1A  B1              	or a,c
8bitsDePoder_ 005686  6D1B  4F              	ld c,a
8bitsDePoder_ 005688  6D1C  1A              	PNTF_fondo  ld a, (DE)
8bitsDePoder_ 005689  6D1D  E6 C0           	PNTF_bin3  AND A,%11000000
8bitsDePoder_ 005691  6D1F  B1              	or a,c
8bitsDePoder_ 005693  6D20  12              	PNTF_pinta  ld (DE), a
8bitsDePoder_ 005695  6D21  13              	PNTF_transp  inc de
8bitsDePoder_ 005699  6D22  2B              	dec hl
8bitsDePoder_ 005703  6D23  10 D0           	djnz PNTF_scanh
8bitsDePoder_ 005706  6D25  3A E0 C7        	ld a,(SPR_anchofinal)
8bitsDePoder_ 005707  6D28  06 00           	ld b,0
8bitsDePoder_ 005708  6D2A  4F              	ld c,a
8bitsDePoder_ 005709  6D2B  09              	add hl,bc
8bitsDePoder_ 005710  6D2C  23              	inc hl
8bitsDePoder_ 005711  6D2D  C3 A8 6C        	Jp PNT_PAINTED
8bitsDePoder_ 005715  6D30                  	PNT_FLIPN
8bitsDePoder_ 005723  6D30  06 00           	ld b,0
8bitsDePoder_ 005724  6D32  09              	add hl,bc
8bitsDePoder_ 005725  6D33  2B              	dec hl
8bitsDePoder_ 005726  6D34  41              	ld b,c
8bitsDePoder_ 005727  6D35                  	PNTFN_scanh
8bitsDePoder_ 005729  6D35  7E              	ld a, (HL)
8bitsDePoder_ 005730  6D36  E6 AA           	and %10101010
8bitsDePoder_ 005731  6D38  CB 3F           	srl a
8bitsDePoder_ 005732  6D3A  4F              	ld c,a
8bitsDePoder_ 005733  6D3B  7E              	ld a, (HL)
8bitsDePoder_ 005734  6D3C  E6 55           	and %01010101
8bitsDePoder_ 005735  6D3E  87              	ADD A,A
8bitsDePoder_ 005736  6D3F  B1              	or c
8bitsDePoder_ 005740  6D40  12              	PNTFN_pinta  ld (DE), a
8bitsDePoder_ 005742  6D41  13              	PNTFN_transp  inc de
8bitsDePoder_ 005746  6D42  2B              	dec hl
8bitsDePoder_ 005750  6D43  10 F0           	djnz PNTFN_scanh
8bitsDePoder_ 005753  6D45  3A E0 C7        	ld a,(SPR_anchofinal)
8bitsDePoder_ 005754  6D48  06 00           	ld b,0
8bitsDePoder_ 005755  6D4A  4F              	ld c,a
8bitsDePoder_ 005756  6D4B  09              	add hl,bc
8bitsDePoder_ 005757  6D4C  23              	inc hl
8bitsDePoder_ 005758  6D4D  C3 A8 6C        	jp PNT_PAINTED
8bitsDePoder_ 005770  6D50                  	_MUL8bit
8bitsDePoder_ 005774  6D50  16 00           	ld d,0
8bitsDePoder_ 005775  6D52  6A              	ld l,d
8bitsDePoder_ 005776  6D53  06 08           	ld b,8
8bitsDePoder_ 005777  6D55                  	MUL_Loop
8bitsDePoder_ 005778  6D55  29              	add hl,hl
8bitsDePoder_ 005779  6D56  30 01           	jr nc,MUL_Skip
8bitsDePoder_ 005780  6D58  19              	add hl,de
8bitsDePoder_ 005781  6D59                  	MUL_Skip
8bitsDePoder_ 005782  6D59  10 FA           	djnz MUL_Loop
8bitsDePoder_ 005787  6D5B  C9              	_NOP    ret
8bitsDePoder_ 005798  6D5C                  	_DELSP
8bitsDePoder_ 005860  6D5C                  	SCS_paint
8bitsDePoder_ 005861  6D5C  E5              	push HL
8bitsDePoder_ 005862  6D5D  DD E5           	push ix
8bitsDePoder_ 005868  6D5F  E5              	push HL
8bitsDePoder_ 005869  6D60  DD E1           	pop ix
8bitsDePoder_ 005872  6D62  DD 7E 00        	ld a, (ix+0)
8bitsDePoder_ 005873  6D65  32 DA C7        	ld (SPR_coordy), a
8bitsDePoder_ 005874  6D68  DD 7E 01        	ld a, (ix+1)
8bitsDePoder_ 005875  6D6B  32 DC C7        	ld (SPR_coordx), a
8bitsDePoder_ 005877  6D6E  CD 2D 6E        	call _compute_dirpant
8bitsDePoder_ 005880  6D71  4E              	ld c, (HL)
8bitsDePoder_ 005881  6D72  3A F3 CF        	ld a, (SCS_check)
8bitsDePoder_ 005882  6D75  B9              	cp c
8bitsDePoder_ 005883  6D76  20 04           	Jr NZ , SCS_nopinta
8bitsDePoder_ 005884  6D78  3A F2 CF        	ld a, (SCS_pen)
8bitsDePoder_ 005885  6D7B  77              	SCS_pinta  ld (HL),a
8bitsDePoder_ 005886  6D7C                  	SCS_nopinta
8bitsDePoder_ 005887  6D7C  DD E1           	pop ix
8bitsDePoder_ 005888  6D7E  E1              	pop HL
8bitsDePoder_ 005892  6D7F  C9              	ret
8bitsDePoder_ 005910  6D80                  	_LOCATE_SPRITE
8bitsDePoder_ 005914  6D80  DD 7E 04        	ld a,(IX+4)
8bitsDePoder_ 005918  6D83  CD C4 6D        	call _get_dir_sp
8bitsDePoder_ 005921  6D86  23              	inc hl
8bitsDePoder_ 005923  6D87                  	_AT
8bitsDePoder_ 005924  6D87  DD 46 03        	ld b, (IX+3)
8bitsDePoder_ 005925  6D8A  DD 4E 02        	ld c,(IX+2)
8bitsDePoder_ 005928  6D8D  ED 43 DA C7     	ld (SPR_coordy), bc
8bitsDePoder_ 005931  6D91  71              	ld (HL),C
8bitsDePoder_ 005932  6D92  23              	inc hl
8bitsDePoder_ 005933  6D93  70              	ld (HL),B
8bitsDePoder_ 005935  6D94  23              	inc HL
8bitsDePoder_ 005936  6D95  DD 46 01        	ld b, (IX+1)
8bitsDePoder_ 005937  6D98  DD 4E 00        	ld c,(IX+0)
8bitsDePoder_ 005939  6D9B  ED 43 DC C7     	ld (SPR_coordx), bc
8bitsDePoder_ 005941  6D9F  71              	ld (HL),C
8bitsDePoder_ 005942  6DA0  23              	inc hl
8bitsDePoder_ 005943  6DA1  70              	ld (HL),B
8bitsDePoder_ 005944  6DA2  C9              	ret
8bitsDePoder_ 005954  6DA3                  	_PEEK
8bitsDePoder_ 005955  6DA3  DD 6E 02        	ld l,(ix+2)
8bitsDePoder_ 005956  6DA6  DD 66 03        	ld h,(ix+3)
8bitsDePoder_ 005958  6DA9  4E              	ld c,(hl)
8bitsDePoder_ 005959  6DAA  23              	inc hl
8bitsDePoder_ 005960  6DAB  46              	ld b,(hl)
8bitsDePoder_ 005963  6DAC  DD 6E 00        	ld l,(IX+0)
8bitsDePoder_ 005964  6DAF  DD 66 01        	ld h,(IX+1)
8bitsDePoder_ 005966  6DB2  18 0C           	JR peekpoke_comun
8bitsDePoder_ 005979  6DB4                  	_POKE
8bitsDePoder_ 005980  6DB4  DD 4E 00        	ld c,(IX+0)
8bitsDePoder_ 005981  6DB7  DD 46 01        	ld b,(IX+1)
8bitsDePoder_ 005982  6DBA  DD 6E 02        	ld l,(ix+2)
8bitsDePoder_ 005983  6DBD  DD 66 03        	ld h,(ix+3)
8bitsDePoder_ 005985  6DC0  71              	peekpoke_comun  ld (hl),c
8bitsDePoder_ 005986  6DC1  23              	inc hl
8bitsDePoder_ 005987  6DC2  70              	ld (hl),b
8bitsDePoder_ 005988  6DC3  C9              	ret
8bitsDePoder_ 005994  6DC4                  	_get_dir_sp
8bitsDePoder_ 006008  6DC4  07              	RLCA
8bitsDePoder_ 006009  6DC5  07              	RLCA
8bitsDePoder_ 006010  6DC6  07              	RLCA
8bitsDePoder_ 006011  6DC7  6F              	ld l,a
8bitsDePoder_ 006012  6DC8  26 00           	ld h,0
8bitsDePoder_ 006013  6DCA  29              	add hl,hl
8bitsDePoder_ 006014  6DCB  01 78 69        	ld bc, _SPR_SPRITES_TABLE
8bitsDePoder_ 006015  6DCE  09              	add HL,bc
8bitsDePoder_ 006018  6DCF  C9              	ret
8bitsDePoder_ 006043  6DD0                  	_SALTO_INT
8bitsDePoder_ 006044  6DD0  3A 80 6C        	ld a,(sal_done)
8bitsDePoder_ 006045  6DD3  A7              	and a
8bitsDePoder_ 006046  6DD4  C0              	ret NZ
8bitsDePoder_ 006048  6DD5  3C              	inc a
8bitsDePoder_ 006049  6DD6  32 80 6C        	ld (sal_done),a
8bitsDePoder_ 006050  6DD9  2A 39 00        	ld hl,(&39)
8bitsDePoder_ 006051  6DDC  22 7E 6C        	ld (sal_dir),hl
8bitsDePoder_ 006052  6DDF  22 C0 6E        	ld (INS_JP+1), HL
8bitsDePoder_ 006053  6DE2  C9              	ret
8bitsDePoder_ 006065  6DE3                  	CHECK_DOUBLE_LIMITS
8bitsDePoder_ 006066  6DE3  A7              	and a
8bitsDePoder_ 006067  6DE4  ED 42           	sbc hl, bc
8bitsDePoder_ 006068  6DE6  D0              	ret nc
8bitsDePoder_ 006070  6DE7  69              	ld l,c
8bitsDePoder_ 006071  6DE8  60              	ld h,b
8bitsDePoder_ 006073  6DE9  A7              	and a
8bitsDePoder_ 006074  6DEA  ED 52           	sbc hl,de
8bitsDePoder_ 006077  6DEC                  	CHEK_IN
8bitsDePoder_ 006078  6DEC  C9              	CHECK_OUT  ret
8bitsDePoder_ 006090  6DED  1F              	add_counter db 31
8bitsDePoder_ 006091  6DEE                  	_SUB_HEIGHTS
8bitsDePoder_ 006092  6DEE  21 ED 42        	ld hl, &42ed
8bitsDePoder_ 006093  6DF1  22 12 6E        	ld (add_oper) , hl
8bitsDePoder_ 006094  6DF4  18 06           	jr _OPER_HEIGHTS
8bitsDePoder_ 006096  6DF6                  	_ADD_HEIGHTS
8bitsDePoder_ 006097  6DF6  21 09 00        	ld hl, 09
8bitsDePoder_ 006098  6DF9  22 12 6E        	ld (add_oper) , hl
8bitsDePoder_ 006101  6DFC                  	_OPER_HEIGHTS
8bitsDePoder_ 006102  6DFC  3E 1F           	ld a,31
8bitsDePoder_ 006103  6DFE  32 ED 6D        	ld (add_counter),a
8bitsDePoder_ 006106  6E01  11 79 69        	ld de, _SPR_SPRITES_TABLE+1
8bitsDePoder_ 006107  6E04  21 F1 76        	ld hl, _SPRITE_HEIGHTS_TABLE
8bitsDePoder_ 006109  6E07                  	add_bucle
8bitsDePoder_ 006111  6E07  E5              	push hl
8bitsDePoder_ 006112  6E08  06 00           	ld b,0
8bitsDePoder_ 006113  6E0A  4E              	ld c, (hl)
8bitsDePoder_ 006115  6E0B  EB              	ex hl, de
8bitsDePoder_ 006116  6E0C  E5              	push hl
8bitsDePoder_ 006117  6E0D  7E              	ld a, (hl)
8bitsDePoder_ 006118  6E0E  23              	inc hl
8bitsDePoder_ 006119  6E0F  66              	ld h, (HL)
8bitsDePoder_ 006120  6E10  6F              	ld l,a
8bitsDePoder_ 006123  6E11  A7              	and a
8bitsDePoder_ 006124  6E12                  	add_oper
8bitsDePoder_ 006128  6E12  00              	nop
8bitsDePoder_ 006129  6E13  00              	nop
8bitsDePoder_ 006133  6E14  EB              	ex de,hl
8bitsDePoder_ 006134  6E15  E1              	pop hl
8bitsDePoder_ 006135  6E16  73              	ld (hl),e
8bitsDePoder_ 006136  6E17  23              	inc hl
8bitsDePoder_ 006137  6E18  72              	ld (hl),d
8bitsDePoder_ 006138  6E19  3A ED 6D        	ld a, (add_counter)
8bitsDePoder_ 006139  6E1C  3D              	dec a
8bitsDePoder_ 006140  6E1D  28 0C           	jr z, add_fin
8bitsDePoder_ 006141  6E1F  32 ED 6D        	ld (add_counter),a
8bitsDePoder_ 006142  6E22  01 0F 00        	ld bc, 15
8bitsDePoder_ 006143  6E25  09              	add hl, bc
8bitsDePoder_ 006144  6E26  EB              	ex de, hl
8bitsDePoder_ 006145  6E27  E1              	pop hl
8bitsDePoder_ 006146  6E28  23              	inc hl
8bitsDePoder_ 006147  6E29  18 DC           	JR add_bucle
8bitsDePoder_ 006149  6E2B                  	add_fin
8bitsDePoder_ 006150  6E2B  E1              	pop hl
8bitsDePoder_ 006151  6E2C  C9              	ret
8bitsDePoder_ 006169  6E2D                  	_COMPUTE_DIRPANT
8bitsDePoder_ 006170  6E2D                  	COP
8bitsDePoder_ 006171  6E2D  3A DA C7        	ld a, (SPR_coordy)
8bitsDePoder_ 006172  6E30  5F              	ld e,a
8bitsDePoder_ 006173  6E31  E6 07           	and %111
8bitsDePoder_ 006175  6E33  CB 3B           	srl e
8bitsDePoder_ 006176  6E35  CB 3B           	srl e
8bitsDePoder_ 006177  6E37  CB 3B           	srl e
8bitsDePoder_ 006179  6E39  26 50           	ld H, 80
8bitsDePoder_ 006180  6E3B  CD 50 6D        	call _MUL8bit
8bitsDePoder_ 006184  6E3E  A7              	and a
8bitsDePoder_ 006185  6E3F  28 05           	jr Z, COP_nosuma
8bitsDePoder_ 006192  6E41  87              	add a,a
8bitsDePoder_ 006193  6E42  87              	add a,a
8bitsDePoder_ 006194  6E43  87              	add a,a
8bitsDePoder_ 006197  6E44  84              	add a,h
8bitsDePoder_ 006198  6E45  67              	ld h,a
8bitsDePoder_ 006200  6E46                  	COP_nosuma
8bitsDePoder_ 006202  6E46  06 C0           	ld b, &c0
8bitsDePoder_ 006203  6E48  3A DC C7        	ld a, (SPR_coordx)
8bitsDePoder_ 006204  6E4B  4F              	ld c,a
8bitsDePoder_ 006205  6E4C  09              	add HL, bc
8bitsDePoder_ 006206  6E4D  C9              	ret
8bitsDePoder_ 006224  6E4E  00              	INS_LOOP  db 0
8bitsDePoder_ 006228  6E4F                  	_MUSIC_ON
8bitsDePoder_ 006229  6E4F                  	_INSTALL_INTERRUPT
8bitsDePoder_ 006230  6E4F  B7              	or a
8bitsDePoder_ 006231  6E50  CA CD 74        	JP Z, _music_off
8bitsDePoder_ 006233  6E53  21 67 78        	ld hl,CANAL_C_LIBRE+1
8bitsDePoder_ 006234  6E56  FE 04           	cp 4
8bitsDePoder_ 006235  6E58  20 0B           	jr nz, INS1
8bitsDePoder_ 006237  6E5A  DD 7E 06        	ld a,(ix+6)
8bitsDePoder_ 006238  6E5D  B7              	or a
8bitsDePoder_ 006239  6E5E  28 05           	JR z,INS1
8bitsDePoder_ 006240  6E60  01 69 78        	ld bc,begin_no_tocar_c
8bitsDePoder_ 006241  6E63  18 03           	JR INS2
8bitsDePoder_ 006244  6E65                  	INS1
8bitsDePoder_ 006245  6E65  01 77 78        	ld bc,fin_no_tocar_c
8bitsDePoder_ 006246  6E68  71              	INS2    ld (hl),c
8bitsDePoder_ 006247  6E69  23              	inc hl
8bitsDePoder_ 006248  6E6A  70              	ld (hl),b
8bitsDePoder_ 006250  6E6B                  	INS
8bitsDePoder_ 006251  6E6B  F3              	di
8bitsDePoder_ 006252  6E6C  CD D0 6D        	call _SALTO_INT
8bitsDePoder_ 006257  6E6F  DD 7E 00        	ld a,(ix+0)
8bitsDePoder_ 006258  6E72  32 41 60        	ld (INS_speed),a
8bitsDePoder_ 006259  6E75  DD 7E 02        	ld a,(ix+2)
8bitsDePoder_ 006260  6E78  32 40 60        	ld (INS_cancion),a
8bitsDePoder_ 006261  6E7B  DD 7E 04        	ld a,(ix+4)
8bitsDePoder_ 006262  6E7E  32 4E 6E        	ld (INS_LOOP),a
8bitsDePoder_ 006264  6E81  CD 11 77        	call player
8bitsDePoder_ 006266  6E84  3A 4E 6E        	ld a, (INS_LOOP)
8bitsDePoder_ 006267  6E87  B7              	or a
8bitsDePoder_ 006268  6E88  28 05           	JR Z, INS_init
8bitsDePoder_ 006269  6E8A  3E 02           	ld a,2
8bitsDePoder_ 006270  6E8C  32 E2 7C        	ld (INTERR),a
8bitsDePoder_ 006273  6E8F  21 97 6E        	INS_init  ld hl,INS_rutina
8bitsDePoder_ 006274  6E92  22 39 00        	ld ( &39 ), hl
8bitsDePoder_ 006276  6E95  FB              	ei
8bitsDePoder_ 006277  6E96  C9              	ret
8bitsDePoder_ 006280  6E97                  	INS_rutina
8bitsDePoder_ 006281  6E97  F5              	push af
8bitsDePoder_ 006282  6E98  C5              	push bc
8bitsDePoder_ 006283  6E99  D5              	push de
8bitsDePoder_ 006284  6E9A  E5              	push hl
8bitsDePoder_ 006289  6E9B  DD E5           	push ix
8bitsDePoder_ 006290  6E9D  FD E5           	push iy
8bitsDePoder_ 006295  6E9F  3A 41 60        	ld a, (INS_speed)
8bitsDePoder_ 006296  6EA2  4F              	ld c, a
8bitsDePoder_ 006298  6EA3  3A 3F 60        	LD a, (INS_counter)
8bitsDePoder_ 006299  6EA6  47              	ld b,a
8bitsDePoder_ 006301  6EA7  CD 0D BD        	call &bd0d
8bitsDePoder_ 006303  6EAA  7D              	ld a, l
8bitsDePoder_ 006304  6EAB  90              	sub b
8bitsDePoder_ 006306  6EAC  A7              	and a
8bitsDePoder_ 006307  6EAD  B9              	cp c
8bitsDePoder_ 006309  6EAE  38 07           	JR C, INS_FIN
8bitsDePoder_ 006319  6EB0  7D              	ld a,l
8bitsDePoder_ 006322  6EB1  32 3F 60        	LD (INS_counter),a
8bitsDePoder_ 006328  6EB4                  	tocar
8bitsDePoder_ 006329  6EB4  CD 9C 77        	call INICIO
8bitsDePoder_ 006336  6EB7                  	INS_fin
8bitsDePoder_ 006342  6EB7  FD E1           	pop iy
8bitsDePoder_ 006343  6EB9  DD E1           	pop ix
8bitsDePoder_ 006348  6EBB  E1              	pop hl
8bitsDePoder_ 006349  6EBC  D1              	pop de
8bitsDePoder_ 006350  6EBD  C1              	pop bc
8bitsDePoder_ 006351  6EBE  F1              	pop af
8bitsDePoder_ 006356  6EBF  C3 00 00        	INS_JP    JP &0000
8bitsDePoder_ 006357  6EC2  C9              	ret
8bitsDePoder_ 006373  6EC3                  	_ANIMA_SP
8bitsDePoder_ 006374  6EC3  DD 7E 00        	ld a, (IX+0)
8bitsDePoder_ 006375  6EC6                  	ANS_a
8bitsDePoder_ 006378  6EC6  CD C4 6D        	ANS_again  call _get_dir_sp
8bitsDePoder_ 006379  6EC9  18 04           	jr ans_sigue
8bitsDePoder_ 006381  6ECB  7E              	ANS_uno    ld a, (HL)
8bitsDePoder_ 006382  6ECC  E6 04           	AND %00000100
8bitsDePoder_ 006383  6ECE  C8              	RET Z
8bitsDePoder_ 006384  6ECF                  	ANS_sigue
8bitsDePoder_ 006385  6ECF  22 ED C7        	ld (ANS_spaddress), HL
8bitsDePoder_ 006386  6ED2  01 07 00        	ld bc, sp_seq_offset
8bitsDePoder_ 006387  6ED5  09              	add HL, bc
8bitsDePoder_ 006388  6ED6  7E              	ld A, (HL)
8bitsDePoder_ 006390  6ED7  A7              	and a
8bitsDePoder_ 006391  6ED8  C8              	ret Z
8bitsDePoder_ 006394  6ED9  FE 20           	cp 32
8bitsDePoder_ 006395  6EDB  38 05           	JR C, ANS_nomacro
8bitsDePoder_ 006396  6EDD  CD 4D 64        	CALL _MACROSEQ
8bitsDePoder_ 006397  6EE0  A7              	and a
8bitsDePoder_ 006398  6EE1  C8              	ret Z
8bitsDePoder_ 006401  6EE2                  	ANS_nomacro
8bitsDePoder_ 006402  6EE2  3D              	dec a
8bitsDePoder_ 006403  6EE3  32 EF C7        	ld (ANS_seq_id), a
8bitsDePoder_ 006404  6EE6  23              	inc HL
8bitsDePoder_ 006405  6EE7  7E              	ld a, (HL)
8bitsDePoder_ 006406  6EE8  32 F0 C7        	ld (ANS_frameid), a
8bitsDePoder_ 006409  6EEB  3A EF C7        	ld a, (ANS_seq_id)
8bitsDePoder_ 006410  6EEE  5F              	ld E, a
8bitsDePoder_ 006411  6EEF  26 10           	ld h,16
8bitsDePoder_ 006413  6EF1  CD 50 6D        	call _MUL8bit
8bitsDePoder_ 006414  6EF4  01 40 83        	ld BC, SEQUENCES
8bitsDePoder_ 006415  6EF7  09              	add HL,BC
8bitsDePoder_ 006417  6EF8  22 F2 C7        	ld (ANS_seqadd), HL
8bitsDePoder_ 006419  6EFB  3A F0 C7        	ld a, (ANS_frameid)
8bitsDePoder_ 006420  6EFE  FE 07           	cp a,7
8bitsDePoder_ 006421  6F00  28 1E           	jr Z, ANS_fin_seq
8bitsDePoder_ 006422  6F02  3C              	inc a
8bitsDePoder_ 006423  6F03  32 F1 C7        	ld (ANS_newframeid), a
8bitsDePoder_ 006425  6F06  87              	add a,a
8bitsDePoder_ 006426  6F07  06 00           	ld b,0
8bitsDePoder_ 006427  6F09  4F              	ld c, a
8bitsDePoder_ 006428  6F0A  09              	add HL, bc
8bitsDePoder_ 006430  6F0B  4E              	ld c, (HL)
8bitsDePoder_ 006431  6F0C  23              	inc HL
8bitsDePoder_ 006432  6F0D  46              	ld b, (HL)
8bitsDePoder_ 006433  6F0E  ED 43 F4 C7     	ld (ANS_newfradd), bc
8bitsDePoder_ 006435  6F12  60              	ld h,b
8bitsDePoder_ 006436  6F13  69              	ld l,c
8bitsDePoder_ 006443  6F14  01 00 00        	ld bc, 0
8bitsDePoder_ 006444  6F17  ED 4A           	adc HL,bc
8bitsDePoder_ 006445  6F19  28 05           	Jr z, ANS_fin_seq
8bitsDePoder_ 006447  6F1B  22 F4 C7        	ld (ANS_newfradd), HL
8bitsDePoder_ 006448  6F1E  18 0F           	Jr ANS_nextframe
8bitsDePoder_ 006450  6F20  3E 00           	ANS_fin_seq  ld a, 0
8bitsDePoder_ 006451  6F22  32 F1 C7        	ld (ANS_newframeid), a
8bitsDePoder_ 006452  6F25  2A F2 C7        	ld HL, (ANS_seqadd)
8bitsDePoder_ 006453  6F28  4E              	ld c, (HL)
8bitsDePoder_ 006454  6F29  23              	inc hl
8bitsDePoder_ 006455  6F2A  46              	ld b,(hl)
8bitsDePoder_ 006456  6F2B  ED 43 F4 C7     	ld (ANS_newfradd), bc
8bitsDePoder_ 006459  6F2F                  	ANS_nextframe
8bitsDePoder_ 006465  6F2F  2A F4 C7        	ld HL, (ANS_newfradd)
8bitsDePoder_ 006466  6F32  01 FF 00        	ld bc,255
8bitsDePoder_ 006467  6F35  ED 42           	sbc HL,bc
8bitsDePoder_ 006469  6F37  30 31           	JR NC,ANS_normal
8bitsDePoder_ 006472  6F39  09              	add hl,bc
8bitsDePoder_ 006473  6F3A  7D              	ld a,l
8bitsDePoder_ 006474  6F3B  FE 01           	cp 1
8bitsDePoder_ 006475  6F3D  28 06           	JR Z, ANS_muerte
8bitsDePoder_ 006476  6F3F  FE 02           	cp 2
8bitsDePoder_ 006477  6F41  28 0E           	JR Z, ANS_fin
8bitsDePoder_ 006478  6F43  18 14           	JR ANS_otraseq
8bitsDePoder_ 006480  6F45                  	ANS_muerte
8bitsDePoder_ 006481  6F45  2A ED C7        	ld HL, (ANS_spaddress)
8bitsDePoder_ 006482  6F48  36 00           	ld (hl),0
8bitsDePoder_ 006484  6F4A  01 08 00        	ld bc,8
8bitsDePoder_ 006485  6F4D  09              	add hl, bc
8bitsDePoder_ 006486  6F4E  36 00           	ld (hl),0
8bitsDePoder_ 006487  6F50  C9              	ret
8bitsDePoder_ 006490  6F51                  	ANS_fin
8bitsDePoder_ 006491  6F51  2A ED C7        	ld HL, (ANS_spaddress)
8bitsDePoder_ 006492  6F54  7E              	ld a, (hl)
8bitsDePoder_ 006493  6F55  E6 F7           	and a, %11110111
8bitsDePoder_ 006494  6F57  77              	ld (hl),A
8bitsDePoder_ 006495  6F58  C9              	ret
8bitsDePoder_ 006497  6F59                  	ANS_otraseq
8bitsDePoder_ 006498  6F59  2A ED C7        	ld hl, (ANS_spaddress)
8bitsDePoder_ 006499  6F5C  01 07 00        	ld bc,7
8bitsDePoder_ 006500  6F5F  09              	add hl,bc
8bitsDePoder_ 006502  6F60  77              	ld (HL),a
8bitsDePoder_ 006504  6F61  23              	inc hl
8bitsDePoder_ 006506  6F62  36 00           	ld (HL), 0
8bitsDePoder_ 006509  6F64  2A ED C7        	ld hl, (ANS_spaddress)
8bitsDePoder_ 006510  6F67  C3 CF 6E        	Jp ANS_sigue
8bitsDePoder_ 006514  6F6A  2A ED C7        	ANS_normal  ld HL, (ANS_spaddress)
8bitsDePoder_ 006515  6F6D  01 08 00        	ld bc , sp_frame_offset
8bitsDePoder_ 006516  6F70  09              	add hl, bc
8bitsDePoder_ 006517  6F71  3A F1 C7        	ld a, (ANS_newframeid)
8bitsDePoder_ 006518  6F74  77              	ld (HL), a
8bitsDePoder_ 006520  6F75  23              	inc hl
8bitsDePoder_ 006521  6F76  ED 4B F4 C7     	ld BC, (ANS_newfradd)
8bitsDePoder_ 006522  6F7A  71              	ld (HL),C
8bitsDePoder_ 006523  6F7B  23              	inc hl
8bitsDePoder_ 006524  6F7C  70              	ld (HL), b
8bitsDePoder_ 006525  6F7D  C9              	ret
8bitsDePoder_ 006554  6F7E                  	_SETUP_SPRITE
8bitsDePoder_ 006556  6F7E  FE 04           	cp 4
8bitsDePoder_ 006557  6F80  20 14           	JR NZ, SET3param
8bitsDePoder_ 006558  6F82                  	SET4param
8bitsDePoder_ 006559  6F82  DD 7E 06        	ld a,(ix+6)
8bitsDePoder_ 006560  6F85  CD C4 6D        	call _get_dir_sp
8bitsDePoder_ 006565  6F88  01 05 00        	ld bc, 5
8bitsDePoder_ 006567  6F8B  09              	add HL,bc
8bitsDePoder_ 006568  6F8C  DD 7E 02        	ld a, (IX+2)
8bitsDePoder_ 006569  6F8F  77              	ld (HL), a
8bitsDePoder_ 006570  6F90  23              	inc HL
8bitsDePoder_ 006571  6F91  DD 7E 00        	ld a, (IX+0)
8bitsDePoder_ 006572  6F94  77              	ld (HL), a
8bitsDePoder_ 006573  6F95  C9              	ret
8bitsDePoder_ 006575  6F96                  	SET3param
8bitsDePoder_ 006576  6F96  DD 7E 04        	ld a,(IX+4)
8bitsDePoder_ 006580  6F99  CD C4 6D        	call _get_dir_sp
8bitsDePoder_ 006583  6F9C  DD 4E 02        	ld c, (IX+2)
8bitsDePoder_ 006584  6F9F  06 00           	ld b,0
8bitsDePoder_ 006585  6FA1  09              	add HL,bc
8bitsDePoder_ 006588  6FA2  DD 7E 00        	ld a, (IX+0)
8bitsDePoder_ 006589  6FA5  77              	ld (HL), a
8bitsDePoder_ 006591  6FA6  DD 7E 02        	ld a, (IX+2)
8bitsDePoder_ 006592  6FA9  FE 09           	cp 9
8bitsDePoder_ 006594  6FAB  20 08           	JR NZ,SET_7
8bitsDePoder_ 006595  6FAD  23              	inc HL
8bitsDePoder_ 006596  6FAE  DD 7E 01        	ld a, (IX+1)
8bitsDePoder_ 006597  6FB1  77              	ld (HL), a
8bitsDePoder_ 006601  6FB2  2B              	dec hl
8bitsDePoder_ 006605  6FB3  18 17           	JR _check_image_list
8bitsDePoder_ 006608  6FB5  FE 07           	SET_7    cp 7
8bitsDePoder_ 006609  6FB7  20 0A           	Jr NZ,SET15
8bitsDePoder_ 006612  6FB9  23              	inc hl
8bitsDePoder_ 006613  6FBA  3E 07           	ld a,7
8bitsDePoder_ 006614  6FBC  77              	ld (HL), a
8bitsDePoder_ 006616  6FBD  DD 7E 04        	ld a, (IX+4)
8bitsDePoder_ 006619  6FC0  C3 C6 6E        	Jp ANS_a
8bitsDePoder_ 006625  6FC3  FE 0F           	SET15    cp 15
8bitsDePoder_ 006626  6FC5  C0              	RET NZ
8bitsDePoder_ 006632  6FC6  DD 7E 04        	ld a, (IX+4)
8bitsDePoder_ 006635  6FC9  C3 CD 67        	JP _resetruta
8bitsDePoder_ 006642  6FCC                  	_check_image_list
8bitsDePoder_ 006645  6FCC  C5              	push bc
8bitsDePoder_ 006647  6FCD  E5              	push hl
8bitsDePoder_ 006648  6FCE  4E              	ld c, (hl)
8bitsDePoder_ 006649  6FCF  23              	inc hl
8bitsDePoder_ 006650  6FD0  46              	ld b,(hl)
8bitsDePoder_ 006651  6FD1  C5              	push bc
8bitsDePoder_ 006660  6FD2  78              	ld a,b
8bitsDePoder_ 006661  6FD3  B7              	or a
8bitsDePoder_ 006662  6FD4  20 16           	JR NZ,CIL_imagedir
8bitsDePoder_ 006673  6FD6  E1              	pop hl
8bitsDePoder_ 006675  6FD7  01 10 00        	ld bc, 16
8bitsDePoder_ 006676  6FDA  A7              	and a
8bitsDePoder_ 006677  6FDB  ED 42           	sbc hl,bc
8bitsDePoder_ 006678  6FDD  29              	add hl, hl
8bitsDePoder_ 006679  6FDE  01 52 83        	ld bc, IMAGE_LIST
8bitsDePoder_ 006680  6FE1  09              	add hl,bc
8bitsDePoder_ 006681  6FE2  4E              	ld c,(hl)
8bitsDePoder_ 006682  6FE3  23              	inc hl
8bitsDePoder_ 006683  6FE4  46              	ld b, (Hl)
8bitsDePoder_ 006684  6FE5  E1              	pop hl
8bitsDePoder_ 006686  6FE6  71              	ld (hl),c
8bitsDePoder_ 006687  6FE7  23              	inc hl
8bitsDePoder_ 006688  6FE8  70              	ld (hl),b
8bitsDePoder_ 006689  6FE9  2B              	dec hl
8bitsDePoder_ 006690  6FEA  18 02           	jr cil_end
8bitsDePoder_ 006692  6FEC  C1              	CIL_imagedir  pop bc
8bitsDePoder_ 006693  6FED  E1              	pop hl
8bitsDePoder_ 006696  6FEE                  	CIL_END
8bitsDePoder_ 006697  6FEE  C1              	pop bc
8bitsDePoder_ 006701  6FEF  C9              	ret
8bitsDePoder_ 006702  6FF0                  	__CACA
8bitsDePoder_ 006772  6FF0                  	_AUTO_SPRITE
8bitsDePoder_ 006773  6FF0  DD 7E 00        	ld a, (IX+0)
8bitsDePoder_ 006774  6FF3  32 F8 C7        	ld (MOV_id), a
8bitsDePoder_ 006777  6FF6  CD C4 6D        	call _get_dir_sp
8bitsDePoder_ 006778  6FF9  18 04           	JR MOV_uno
8bitsDePoder_ 006780  6FFB  7E              	_MOV_i    ld a, (HL)
8bitsDePoder_ 006782  6FFC  E6 08           	AND %1000
8bitsDePoder_ 006783  6FFE  C8              	RET Z
8bitsDePoder_ 006793  6FFF  22 F9 C7        	MOV_uno    ld (MOV_address),hl
8bitsDePoder_ 006796  7002  01 05 00        	ld bc, 5
8bitsDePoder_ 006797  7005  09              	add hl,bc
8bitsDePoder_ 006798  7006  4E              	ld c , (HL)
8bitsDePoder_ 006799  7007  06 00           	ld b,0
8bitsDePoder_ 006800  7009  CB 79           	bit 7,c
8bitsDePoder_ 006801  700B  28 01           	jr Z, MOV_positivoY
8bitsDePoder_ 006802  700D  05              	dec b
8bitsDePoder_ 006803  700E  2A F9 C7        	MOV_positivoY   ld hl, (MOV_address)
8bitsDePoder_ 006804  7011  23              	inc hl
8bitsDePoder_ 006805  7012  E5              	push HL
8bitsDePoder_ 006806  7013  5E              	ld e, (Hl)
8bitsDePoder_ 006807  7014  23              	inc hl
8bitsDePoder_ 006808  7015  56              	ld d, (HL)
8bitsDePoder_ 006810  7016  EB              	ex de,hl
8bitsDePoder_ 006811  7017  09              	add HL,BC
8bitsDePoder_ 006813  7018  EB              	ex de,hl
8bitsDePoder_ 006814  7019  E1              	pop HL
8bitsDePoder_ 006816  701A  73              	ld (HL), e
8bitsDePoder_ 006817  701B  23              	inc hl
8bitsDePoder_ 006818  701C  72              	ld (HL), d
8bitsDePoder_ 006821  701D  2A F9 C7        	ld hl, (MOV_address)
8bitsDePoder_ 006822  7020  01 06 00        	ld bc, 6
8bitsDePoder_ 006823  7023  09              	add hl,bc
8bitsDePoder_ 006824  7024  4E              	ld c , (HL)
8bitsDePoder_ 006825  7025  06 00           	ld b,0
8bitsDePoder_ 006826  7027  CB 79           	bit 7,c
8bitsDePoder_ 006827  7029  28 01           	jr Z, MOV_positivoX
8bitsDePoder_ 006828  702B  05              	dec b
8bitsDePoder_ 006829  702C  2A F9 C7        	MOV_positivoX  ld hl, (MOV_address)
8bitsDePoder_ 006830  702F  23              	inc hl
8bitsDePoder_ 006831  7030  23              	inc hl
8bitsDePoder_ 006832  7031  23              	inc hl
8bitsDePoder_ 006833  7032  E5              	push HL
8bitsDePoder_ 006834  7033  5E              	ld e, (Hl)
8bitsDePoder_ 006835  7034  23              	inc hl
8bitsDePoder_ 006836  7035  56              	ld d, (HL)
8bitsDePoder_ 006838  7036  EB              	ex de,hl
8bitsDePoder_ 006839  7037  09              	add HL,BC
8bitsDePoder_ 006841  7038  EB              	ex de,hl
8bitsDePoder_ 006842  7039  E1              	pop HL
8bitsDePoder_ 006844  703A  73              	ld (HL), e
8bitsDePoder_ 006845  703B  23              	inc hl
8bitsDePoder_ 006846  703C  72              	ld (HL), d
8bitsDePoder_ 006848  703D  C9              	ret
8bitsDePoder_ 006870  703E                  	_AUTO_ALL
8bitsDePoder_ 006874  703E  A7              	and a
8bitsDePoder_ 006875  703F  28 06           	JR Z,MOA_noparam
8bitsDePoder_ 006876  7041  DD 7E 00        	ld a, (IX+0)
8bitsDePoder_ 006877  7044  32 4D 74        	MOA_inteno  ld (MOA_flag_route),a
8bitsDePoder_ 006878  7047  3A 4D 74        	MOA_noparam  ld a, (MOA_flag_route)
8bitsDePoder_ 006884  704A  3D              	dec a
8bitsDePoder_ 006885  704B  CC 1A 63        	CALL Z, _ROUTEALL
8bitsDePoder_ 006889  704E  3E 1F           	ld a, NUM_SPRITES-1
8bitsDePoder_ 006890  7050  32 FB C7        	ld (MOA_spid), a
8bitsDePoder_ 006892  7053  21 68 6B        	ld hl,27496
8bitsDePoder_ 006893  7056  E5              	push hl
8bitsDePoder_ 006894  7057                  	MOA_bucle
8bitsDePoder_ 006897  7057  CD FB 6F        	call _MOV_i
8bitsDePoder_ 006903  705A  21 FB C7        	ld hl, MOA_spid
8bitsDePoder_ 006904  705D  35              	dec (HL)
8bitsDePoder_ 006906  705E  FA 6B 70        	JP M, MOA_fin
8bitsDePoder_ 006907  7061  E1              	pop hl
8bitsDePoder_ 006908  7062  01 10 00        	ld bc,sprite_size
8bitsDePoder_ 006909  7065  A7              	and a
8bitsDePoder_ 006910  7066  ED 42           	sbc hl,bc
8bitsDePoder_ 006911  7068  E5              	push hl
8bitsDePoder_ 006912  7069  18 EC           	JR MOA_bucle
8bitsDePoder_ 006914  706B                  	MOA_fin
8bitsDePoder_ 006916  706B  E1              	pop hl
8bitsDePoder_ 006917  706C  C9              	ret
8bitsDePoder_ 006933  706D                  	_COLISION_2_SPRITES
8bitsDePoder_ 006935  706D  3A E0 CF        	ld a, (CO2_sp1)
8bitsDePoder_ 006937  7070  CD C4 6D        	call _get_dir_sp
8bitsDePoder_ 006942  7073  DD E5           	push ix
8bitsDePoder_ 006943  7075  DD 21 E2 CF     	ld ix, CO2_sp1data
8bitsDePoder_ 006944  7079  CD 4E 76        	call _fill_sp_data
8bitsDePoder_ 006945  707C  DD E1           	pop ix
8bitsDePoder_ 006947  707E  3A E1 CF        	CO2_i    ld a, (CO2_sp2)
8bitsDePoder_ 006949  7081  CD C4 6D        	call _get_dir_sp
8bitsDePoder_ 006950  7084  7E              	CO2_j    ld a, (HL)
8bitsDePoder_ 006951  7085  E6 02           	and %010
8bitsDePoder_ 006952  7087  28 54           	JR Z,CO2_NOCHOCA
8bitsDePoder_ 006953  7089  DD E5           	push ix
8bitsDePoder_ 006954  708B  DD 21 EA CF     	ld ix, CO2_sp2data
8bitsDePoder_ 006955  708F  CD 4E 76        	call _fill_sp_data
8bitsDePoder_ 006956  7092  DD E1           	pop ix
8bitsDePoder_ 006961  7094  01 02 00        	CO2_MARGENY  ld bc,2
8bitsDePoder_ 006964  7097  2A EA CF        	ld hl,(CO2y2ini)
8bitsDePoder_ 006965  709A  09              	add HL,bc
8bitsDePoder_ 006966  709B  ED 5B E6 CF     	ld de, (CO2y1fin)
8bitsDePoder_ 006967  709F  A7              	and a
8bitsDePoder_ 006968  70A0  ED 52           	sbc hl, de
8bitsDePoder_ 006970  70A2  28 03           	JR Z, CO2_AUNNOCHOCA
8bitsDePoder_ 006972  70A4  F2 DD 70        	JP P, CO2_NOCHOCA
8bitsDePoder_ 006974  70A7                  	CO2_AUNNOCHOCA
8bitsDePoder_ 006976  70A7  2A E2 CF        	ld hl,(CO2y1ini)
8bitsDePoder_ 006977  70AA  09              	add HL,bc
8bitsDePoder_ 006978  70AB  ED 5B EE CF     	ld de, (CO2y2fin)
8bitsDePoder_ 006979  70AF  A7              	and a
8bitsDePoder_ 006980  70B0  ED 52           	sbc hl, de
8bitsDePoder_ 006982  70B2  28 03           	JR Z,CO2_MARGENX
8bitsDePoder_ 006984  70B4  F2 DD 70        	JP P, CO2_NOCHOCA
8bitsDePoder_ 006993  70B7  01 01 00        	CO2_MARGENX  ld bc,1
8bitsDePoder_ 006995  70BA  2A EC CF        	ld hl,(CO2x2ini)
8bitsDePoder_ 006996  70BD  09              	add HL,bc
8bitsDePoder_ 006997  70BE  ED 5B E8 CF     	ld de, (CO2x1fin)
8bitsDePoder_ 006998  70C2  A7              	and a
8bitsDePoder_ 006999  70C3  ED 52           	sbc hl, de
8bitsDePoder_ 007002  70C5  28 03           	JR Z,  CO2_QUIZASCHOCA
8bitsDePoder_ 007003  70C7  F2 DD 70        	JP P,  CO2_NOCHOCA
8bitsDePoder_ 007009  70CA  2A E4 CF        	CO2_QUIZASCHOCA  ld hl,(CO2x1ini)
8bitsDePoder_ 007010  70CD  09              	add HL,bc
8bitsDePoder_ 007011  70CE  ED 5B F0 CF     	ld de, (CO2x2fin)
8bitsDePoder_ 007012  70D2  A7              	and a
8bitsDePoder_ 007013  70D3  ED 52           	sbc hl, de
8bitsDePoder_ 007016  70D5  28 03           	JR Z,  CO2_CHOCA
8bitsDePoder_ 007018  70D7  F2 DD 70        	JP P,  CO2_NOCHOCA
8bitsDePoder_ 007021  70DA  3E 01           	CO2_CHOCA  ld a,1
8bitsDePoder_ 007022  70DC  C9              	ret
8bitsDePoder_ 007024  70DD  AF              	CO2_NOCHOCA  xor a
8bitsDePoder_ 007025  70DE  C9              	ret
8bitsDePoder_ 007043  70DF  00 00           	COS_return_var  dw 0
8bitsDePoder_ 007047  70E1                  	_colsp
8bitsDePoder_ 007048  70E1                  	_COLISION_SPRITES
8bitsDePoder_ 007052  70E1  3D              	dec a
8bitsDePoder_ 007053  70E2  28 05           	JR Z, COS1param
8bitsDePoder_ 007056  70E4  3D              	dec a
8bitsDePoder_ 007057  70E5  28 07           	JR Z,COS2param
8bitsDePoder_ 007059  70E7  18 0A           	JR COS3param
8bitsDePoder_ 007061  70E9                  	COS1param
8bitsDePoder_ 007062  70E9  DD 7E 00        	ld a, (ix+0)
8bitsDePoder_ 007063  70EC  18 38           	JR COS_OK2
8bitsDePoder_ 007065  70EE                  	COS2param
8bitsDePoder_ 007068  70EE  DD 7E 02        	ld a, (ix+2)
8bitsDePoder_ 007069  70F1  18 27           	JR COS_OK
8bitsDePoder_ 007071  70F3                  	COS3param
8bitsDePoder_ 007074  70F3  DD 7E 04        	ld a, (IX+4)
8bitsDePoder_ 007075  70F6  FE 22           	cp 34
8bitsDePoder_ 007076  70F8  28 13           	JR Z,COSajusteYX
8bitsDePoder_ 007080  70FA  DD 7E 02        	ld a, (IX+2)
8bitsDePoder_ 007081  70FD  32 5B 71        	ld (COS_LIMIT_INI+1),a
8bitsDePoder_ 007082  7100  DD 7E 00        	ld a, (IX+0)
8bitsDePoder_ 007083  7103  32 38 71        	ld (COS_LIMIT_FIN+1),a
8bitsDePoder_ 007086  7106  CD C4 6D        	call _get_dir_sp
8bitsDePoder_ 007087  7109  22 3D 71        	ld (COS_DIR_FIN+1),HL
8bitsDePoder_ 007088  710C  C9              	ret
8bitsDePoder_ 007091  710D                  	COSajusteYX
8bitsDePoder_ 007092  710D  DD 7E 00        	ld a, (IX+0)
8bitsDePoder_ 007093  7110  32 B8 70        	ld (CO2_MARGENX+1),a
8bitsDePoder_ 007094  7113  DD 7E 02        	ld a, (IX+2)
8bitsDePoder_ 007095  7116  32 95 70        	ld (CO2_MARGENY+1),a
8bitsDePoder_ 007096  7119  C9              	ret
8bitsDePoder_ 007099  711A                  	COS_OK
8bitsDePoder_ 007100  711A  DD 6E 00        	ld l, (IX+0)
8bitsDePoder_ 007101  711D  DD 66 01        	ld h, (IX+1)
8bitsDePoder_ 007107  7120  22 DF 70        	ld (COS_return_var),hl
8bitsDePoder_ 007108  7123  FE 21           	cp 33
8bitsDePoder_ 007109  7125  C8              	RET Z
8bitsDePoder_ 007111  7126  32 E0 CF        	COS_OK2    ld (CO2_sp1), a
8bitsDePoder_ 007114  7129  CD C4 6D        	call _get_dir_sp
8bitsDePoder_ 007115  712C  DD E5           	push ix
8bitsDePoder_ 007116  712E  DD 21 E2 CF     	ld ix, CO2_sp1data
8bitsDePoder_ 007117  7132  CD 4E 76        	call _fill_sp_data
8bitsDePoder_ 007118  7135  DD E1           	pop ix
8bitsDePoder_ 007121  7137  3E 1F           	COS_LIMIT_FIN  ld a, NUM_SPRITES-1
8bitsDePoder_ 007122  7139  32 E1 CF        	ld (CO2_sp2), a
8bitsDePoder_ 007123  713C  21 68 6B        	COS_DIR_FIN  ld HL, 27496
8bitsDePoder_ 007124  713F  E5              	push HL
8bitsDePoder_ 007125  7140  CD 84 70        	call CO2_j
8bitsDePoder_ 007126  7143  18 0B           	jr COS_1
8bitsDePoder_ 007127  7145                  	COS_bucle
8bitsDePoder_ 007128  7145  E1              	pop HL
8bitsDePoder_ 007129  7146  01 10 00        	LD BC,sprite_size
8bitsDePoder_ 007130  7149  A7              	AND A
8bitsDePoder_ 007131  714A  ED 42           	SBC HL,BC
8bitsDePoder_ 007132  714C  E5              	push HL
8bitsDePoder_ 007133  714D  CD 84 70        	call CO2_j
8bitsDePoder_ 007135  7150  A7              	COS_1    and a
8bitsDePoder_ 007136  7151  20 15           	JR NZ, COS_CHOCA
8bitsDePoder_ 007138  7153  3A E1 CF        	COS_sig    ld a, (CO2_sp2)
8bitsDePoder_ 007139  7156  3D              	dec a
8bitsDePoder_ 007140  7157  32 E1 CF        	ld (CO2_sp2), a
8bitsDePoder_ 007146  715A  FE 00           	COS_LIMIT_INI  cp 0
8bitsDePoder_ 007147  715C  FA 61 71        	JP M, COS_NOCHOCA
8bitsDePoder_ 007148  715F  18 E4           	JR COS_bucle
8bitsDePoder_ 007150  7161                  	COS_NOCHOCA
8bitsDePoder_ 007151  7161  2A DF 70        	ld HL , (COS_return_var)
8bitsDePoder_ 007155  7164  36 20           	ld (hl),32
8bitsDePoder_ 007156  7166  E1              	pop HL
8bitsDePoder_ 007157  7167  C9              	ret
8bitsDePoder_ 007159  7168                  	COS_CHOCA
8bitsDePoder_ 007160  7168  3A E1 CF        	ld a, (CO2_sp2)
8bitsDePoder_ 007161  716B  2A DF 70        	ld HL , (COS_return_var)
8bitsDePoder_ 007164  716E  77              	ld (hl),a
8bitsDePoder_ 007165  716F  E1              	pop HL
8bitsDePoder_ 007166  7170  C9              	ret
8bitsDePoder_ 007203  7171  00              	bkgd_color  db 0
8bitsDePoder_ 007204  7172  00              	SCS_initstar  db 0
8bitsDePoder_ 007209  7173                  	_SCROLL_STARS
8bitsDePoder_ 007210  7173                  	SCS
8bitsDePoder_ 007212  7173  A7              	and a
8bitsDePoder_ 007213  7174  20 0A           	jr nz, SCS_sigue
8bitsDePoder_ 007214  7176  3A F7 CF        	LD A, (SCS_number)
8bitsDePoder_ 007215  7179  A7              	and a
8bitsDePoder_ 007216  717A  C8              	ret Z
8bitsDePoder_ 007217  717B  3A 72 71        	ld a, (SCS_initstar)
8bitsDePoder_ 007218  717E  18 46           	jr SCS_START
8bitsDePoder_ 007220  7180                  	SCS_sigue
8bitsDePoder_ 007221  7180  DD 7E 06        	ld a, (ix+6)
8bitsDePoder_ 007222  7183  32 F7 CF        	ld (SCS_number),a
8bitsDePoder_ 007223  7186  32 F6 CF        	ld (SCS_counter),a
8bitsDePoder_ 007224  7189  A7              	and a
8bitsDePoder_ 007225  718A  C8              	ret Z
8bitsDePoder_ 007227  718B  DD 7E 00        	LD A, (ix+0)
8bitsDePoder_ 007228  718E  32 F5 CF        	ld (SCS_incx), a
8bitsDePoder_ 007229  7191  DD 7E 02        	LD A, (ix+2)
8bitsDePoder_ 007230  7194  32 F4 CF        	ld (SCS_incy), a
8bitsDePoder_ 007231  7197  DD 7E 04        	LD A, (ix+4)
8bitsDePoder_ 007237  719A  06 00           	ld b,0
8bitsDePoder_ 007238  719C  CB 47           	bit 0,a
8bitsDePoder_ 007239  719E  28 02           	jr Z, bit2
8bitsDePoder_ 007240  71A0  CB F0           	set 6,b
8bitsDePoder_ 007241  71A2  CB 4F           	bit2    bit 1,a
8bitsDePoder_ 007242  71A4  28 02           	jr Z, bit4
8bitsDePoder_ 007243  71A6  CB D0           	set 2,b
8bitsDePoder_ 007244  71A8  CB 57           	bit4    bit 2,a
8bitsDePoder_ 007245  71AA  28 02           	jr Z, bit6
8bitsDePoder_ 007246  71AC  CB E0           	set 4,b
8bitsDePoder_ 007247  71AE  CB 5F           	bit6    bit 3,a
8bitsDePoder_ 007248  71B0  28 02           	jr Z, finbit
8bitsDePoder_ 007249  71B2  CB C0           	set 0,b
8bitsDePoder_ 007250  71B4  78              	finbit    ld a,b
8bitsDePoder_ 007251  71B5  32 F8 CF        	ld (star_color), a
8bitsDePoder_ 007262  71B8  AF              	xor a
8bitsDePoder_ 007263  71B9  32 DB C7        	ld (SPR_coordy+1), a
8bitsDePoder_ 007264  71BC  AF              	xor a
8bitsDePoder_ 007265  71BD  32 DD C7        	ld (SPR_coordx+1), a
8bitsDePoder_ 007268  71C0  DD 7E 08        	ld a, (IX+8)
8bitsDePoder_ 007269  71C3  32 72 71        	ld (SCS_initstar),a
8bitsDePoder_ 007275  71C6  87              	SCS_START  ADD A,A
8bitsDePoder_ 007276  71C7  4F              	ld c,a
8bitsDePoder_ 007277  71C8  06 00           	ld b,0
8bitsDePoder_ 007278  71CA  21 2C A6        	ld HL, STARS0
8bitsDePoder_ 007279  71CD  09              	add HL,bc
8bitsDePoder_ 007280  71CE  18 00           	JR SCS_bucle
8bitsDePoder_ 007285  71D0  3A F8 CF        	SCS_bucle  ld a, (star_color)
8bitsDePoder_ 007286  71D3  32 F2 CF        	ld (SCS_pen),a
8bitsDePoder_ 007287  71D6  3A F2 CF        	ld a, (SCS_pen)
8bitsDePoder_ 007288  71D9  32 F3 CF        	ld (SCS_check),a
8bitsDePoder_ 007289  71DC  3A 71 71        	ld a, (bkgd_color)
8bitsDePoder_ 007290  71DF  32 F2 CF        	ld (SCS_pen),a
8bitsDePoder_ 007297  71E2  CD 5C 6D        	call SCS_paint
8bitsDePoder_ 007306  71E5  E5              	push hl
8bitsDePoder_ 007307  71E6  3A F4 CF        	ld a, (SCS_incy)
8bitsDePoder_ 007309  71E9  CB 7F           	bit 7,a
8bitsDePoder_ 007310  71EB  28 19           	jr Z,  SCS_incypos
8bitsDePoder_ 007314  71ED  4F              	SCS_incyneg  ld c, a
8bitsDePoder_ 007315  71EE  7E              	ld a, (HL)
8bitsDePoder_ 007318  71EF  81              	add a, c
8bitsDePoder_ 007321  71F0  30 0D           	jr nc,SCS_Ycycle
8bitsDePoder_ 007325  71F2  4F              	ld c,a
8bitsDePoder_ 007326  71F3  0C              	inc c
8bitsDePoder_ 007327  71F4  3A 85 6C        	ld a,(SPR_MIN_Y)
8bitsDePoder_ 007328  71F7  A7              	and a
8bitsDePoder_ 007329  71F8  B9              	cp c
8bitsDePoder_ 007330  71F9  30 04           	jr nc,  SCS_Ycycle
8bitsDePoder_ 007331  71FB  0D              	dec c
8bitsDePoder_ 007333  71FC  79              	ld a,c
8bitsDePoder_ 007334  71FD  18 1A           	Jr SCS_finwritey
8bitsDePoder_ 007336  71FF                  	SCS_Ycycle
8bitsDePoder_ 007344  71FF  21 8A 6C        	ld HL,SPR_DIFY
8bitsDePoder_ 007345  7202  86              	add a,(HL)
8bitsDePoder_ 007349  7203  3D              	dec a
8bitsDePoder_ 007350  7204  18 13           	jr SCS_finwritey
8bitsDePoder_ 007354  7206  4F              	SCS_incypos  ld c, a
8bitsDePoder_ 007355  7207  7E              	ld a, (HL)
8bitsDePoder_ 007357  7208  81              	add a, c
8bitsDePoder_ 007359  7209  21 87 6C        	ld HL,  SPR_MAX_Y
8bitsDePoder_ 007360  720C  4E              	ld c, (hl)
8bitsDePoder_ 007361  720D  A7              	and a
8bitsDePoder_ 007362  720E  B9              	cp c
8bitsDePoder_ 007363  720F  38 08           	jr C, SCS_finwritey
8bitsDePoder_ 007367  7211  21 87 6C        	LD HL,SPR_MAX_Y
8bitsDePoder_ 007368  7214  96              	sub (HL)
8bitsDePoder_ 007369  7215  21 85 6C        	ld HL, SPR_MIN_Y
8bitsDePoder_ 007370  7218  86              	add (HL)
8bitsDePoder_ 007375  7219  E1              	SCS_finwritey    pop hl
8bitsDePoder_ 007377  721A  77              	ld (HL),a
8bitsDePoder_ 007381  721B  23              	inc hl
8bitsDePoder_ 007382  721C  E5              	push hl
8bitsDePoder_ 007385  721D  3A F5 CF        	ld a, (SCS_incx)
8bitsDePoder_ 007387  7220  CB 7F           	bit 7,a
8bitsDePoder_ 007388  7222  28 19           	jr Z,  SCS_incxpos
8bitsDePoder_ 007392  7224  4F              	SCS_incxneg  ld c, a
8bitsDePoder_ 007393  7225  7E              	ld a, (HL)
8bitsDePoder_ 007395  7226  81              	add a, c
8bitsDePoder_ 007398  7227  30 0D           	JR nc, SCS_Xcycle
8bitsDePoder_ 007402  7229  4F              	ld c,a
8bitsDePoder_ 007403  722A  0C              	inc c
8bitsDePoder_ 007405  722B  3A 81 6C        	ld a,(SPR_MIN_X)
8bitsDePoder_ 007406  722E  A7              	and a
8bitsDePoder_ 007408  722F  B9              	cp c
8bitsDePoder_ 007409  7230  30 04           	jr nc,  SCS_Xcycle
8bitsDePoder_ 007411  7232  0D              	dec c
8bitsDePoder_ 007413  7233  79              	ld a,c
8bitsDePoder_ 007414  7234  18 1A           	Jr SCS_finwritex
8bitsDePoder_ 007416  7236                  	SCS_Xcycle
8bitsDePoder_ 007422  7236  21 89 6C        	ld HL,SPR_DIFX
8bitsDePoder_ 007423  7239  86              	add a,(HL)
8bitsDePoder_ 007428  723A  3D              	dec a
8bitsDePoder_ 007429  723B  18 13           	jr SCS_finwritex
8bitsDePoder_ 007433  723D  4F              	SCS_incxpos  ld c, a
8bitsDePoder_ 007434  723E  7E              	ld a, (HL)
8bitsDePoder_ 007436  723F  81              	add a, c
8bitsDePoder_ 007438  7240  21 83 6C        	ld HL,  SPR_MAX_X
8bitsDePoder_ 007439  7243  4E              	ld c, (hl)
8bitsDePoder_ 007440  7244  A7              	and a
8bitsDePoder_ 007441  7245  B9              	cp c
8bitsDePoder_ 007442  7246  38 08           	jr C, SCS_finwritex
8bitsDePoder_ 007446  7248  21 83 6C        	LD HL,SPR_MAX_X
8bitsDePoder_ 007447  724B  96              	sub (HL)
8bitsDePoder_ 007448  724C  21 81 6C        	ld HL, SPR_MIN_X
8bitsDePoder_ 007449  724F  86              	add (HL)
8bitsDePoder_ 007454  7250  E1              	SCS_finwritex  pop hl
8bitsDePoder_ 007455  7251  77              	ld (HL),a
8bitsDePoder_ 007460  7252  2B              	SCS_pintar  dec hl
8bitsDePoder_ 007461  7253  3A 71 71        	ld a, (bkgd_color)
8bitsDePoder_ 007462  7256  32 F3 CF        	ld (SCS_check),a
8bitsDePoder_ 007463  7259  3A F8 CF        	ld a, (star_color)
8bitsDePoder_ 007464  725C  32 F2 CF        	ld (SCS_pen),a
8bitsDePoder_ 007466  725F  CD 5C 6D        	call SCS_paint
8bitsDePoder_ 007467  7262  23              	inc hl
8bitsDePoder_ 007468  7263  23              	inc hl
8bitsDePoder_ 007472  7264  3A F6 CF        	ld a, (SCS_counter)
8bitsDePoder_ 007473  7267  3D              	dec a
8bitsDePoder_ 007474  7268  32 F6 CF        	ld (SCS_counter),a
8bitsDePoder_ 007478  726B  C2 D0 71        	Jp NZ,SCS_bucle
8bitsDePoder_ 007479  726E  3A F7 CF        	ld a,(SCS_number)
8bitsDePoder_ 007480  7271  32 F6 CF        	ld (SCS_counter),a
8bitsDePoder_ 007484  7274  C9              	ret
8bitsDePoder_ 007514  7275                  	_MOVER
8bitsDePoder_ 007517  7275  3D              	dec a
8bitsDePoder_ 007518  7276  20 08           	JR NZ, MOR_params
8bitsDePoder_ 007519  7278  CD D3 72        	call get_offsets_from_pointers
8bitsDePoder_ 007520  727B  DD 4E 00        	ld c, (IX+0)
8bitsDePoder_ 007521  727E  18 06           	JR MOR_noparams
8bitsDePoder_ 007523  7280                  	MOR_params
8bitsDePoder_ 007525  7280  CD C0 72        	call get_offsets
8bitsDePoder_ 007529  7283  DD 4E 04        	ld c, (ix+4)
8bitsDePoder_ 007531  7286                  	MOR_noparams
8bitsDePoder_ 007533  7286  79              	ld a,c
8bitsDePoder_ 007534  7287  FE 20           	cp 32
8bitsDePoder_ 007535  7289  20 0D           	JR NZ, MOR_param
8bitsDePoder_ 007537  728B  2A D9 D7        	LD hl,(MOR_y)
8bitsDePoder_ 007543  728E  22 42 60        	ld (MOR_ypointer),HL
8bitsDePoder_ 007545  7291  2A DB D7        	LD hl,(MOR_x)
8bitsDePoder_ 007550  7294  22 44 60        	ld (MOR_xpointer),HL
8bitsDePoder_ 007551  7297  C9              	ret
8bitsDePoder_ 007554  7298                  	MOR_param
8bitsDePoder_ 007555  7298  CD C4 6D        	call _get_dir_sp
8bitsDePoder_ 007556  729B  18 04           	jr MOR_uno
8bitsDePoder_ 007558  729D                  	MOVER_i
8bitsDePoder_ 007559  729D  7E              	ld a, (HL)
8bitsDePoder_ 007560  729E  E6 10           	and %10000
8bitsDePoder_ 007561  72A0  C8              	ret Z
8bitsDePoder_ 007565  72A1  23              	MOR_uno    inc HL
8bitsDePoder_ 007566  72A2  5E              	ld e,(HL)
8bitsDePoder_ 007567  72A3  23              	inc hl
8bitsDePoder_ 007568  72A4  56              	ld d,(HL)
8bitsDePoder_ 007570  72A5  EB              	ex DE,HL
8bitsDePoder_ 007571  72A6  ED 4B D9 D7     	ld bc, (MOR_y)
8bitsDePoder_ 007572  72AA  09              	add HL, bc
8bitsDePoder_ 007573  72AB  EB              	ex DE, HL
8bitsDePoder_ 007574  72AC  2B              	dec HL
8bitsDePoder_ 007575  72AD  73              	ld (HL), e
8bitsDePoder_ 007576  72AE  23              	inc hl
8bitsDePoder_ 007577  72AF  72              	ld (HL), d
8bitsDePoder_ 007581  72B0  23              	inc HL
8bitsDePoder_ 007582  72B1  5E              	ld e,(HL)
8bitsDePoder_ 007583  72B2  23              	inc hl
8bitsDePoder_ 007584  72B3  56              	ld d,(HL)
8bitsDePoder_ 007586  72B4  EB              	ex DE,HL
8bitsDePoder_ 007587  72B5  ED 4B DB D7     	ld bc, (MOR_x)
8bitsDePoder_ 007588  72B9  09              	add HL, bc
8bitsDePoder_ 007589  72BA  EB              	ex DE, HL
8bitsDePoder_ 007590  72BB  2B              	dec HL
8bitsDePoder_ 007591  72BC  73              	ld (HL), e
8bitsDePoder_ 007592  72BD  23              	inc hl
8bitsDePoder_ 007593  72BE  72              	ld (HL), d
8bitsDePoder_ 007595  72BF  C9              	ret
8bitsDePoder_ 007599  72C0                  	get_offsets
8bitsDePoder_ 007601  72C0  DD 6E 00        	ld l, (IX+0)
8bitsDePoder_ 007602  72C3  DD 66 01        	ld h, (IX+1)
8bitsDePoder_ 007608  72C6  22 DB D7        	ld (MOR_x),HL
8bitsDePoder_ 007609  72C9  DD 6E 02        	ld l, (IX+2)
8bitsDePoder_ 007610  72CC  DD 66 03        	ld h, (IX+3)
8bitsDePoder_ 007611  72CF  22 D9 D7        	ld (MOR_y),HL
8bitsDePoder_ 007612  72D2  C9              	ret
8bitsDePoder_ 007614  72D3                  	get_offsets_from_pointers
8bitsDePoder_ 007615  72D3  2A 42 60        	ld HL, (MOR_ypointer)
8bitsDePoder_ 007616  72D6  7E              	ld a,(hl)
8bitsDePoder_ 007617  72D7  23              	inc hl
8bitsDePoder_ 007618  72D8  66              	ld h,(hl)
8bitsDePoder_ 007619  72D9  6F              	ld l,a
8bitsDePoder_ 007620  72DA  22 D9 D7        	ld (MOR_y),hl
8bitsDePoder_ 007623  72DD  2A 44 60        	ld HL, (MOR_xpointer)
8bitsDePoder_ 007624  72E0  7E              	ld a,(hl)
8bitsDePoder_ 007625  72E1  23              	inc hl
8bitsDePoder_ 007626  72E2  66              	ld h,(hl)
8bitsDePoder_ 007627  72E3  6F              	ld l,a
8bitsDePoder_ 007628  72E4  22 DB D7        	ld (MOR_x),hl
8bitsDePoder_ 007648  72E7  C9              	ret
8bitsDePoder_ 007672  72E8                  	_COLSPALL
8bitsDePoder_ 007674  72E8                  	COA
8bitsDePoder_ 007677  72E8  B7              	or a
8bitsDePoder_ 007678  72E9  28 42           	JR Z, COA_START
8bitsDePoder_ 007680  72EB                  	COA1param
8bitsDePoder_ 007681  72EB  3D              	dec a
8bitsDePoder_ 007682  72EC  20 23           	JR NZ, COA2param
8bitsDePoder_ 007683  72EE  DD 7E 00        	ld a,(ix+0)
8bitsDePoder_ 007684  72F1  3D              	dec a
8bitsDePoder_ 007685  72F2  32 2E 73        	ld (COA_START+1),a
8bitsDePoder_ 007686  72F5  5F              	ld e,a
8bitsDePoder_ 007687  72F6  26 10           	ld h,16
8bitsDePoder_ 007688  72F8  CD 50 6D        	call _MUL8bit
8bitsDePoder_ 007689  72FB  01 78 69        	ld bc,27000
8bitsDePoder_ 007690  72FE  09              	add hl,bc
8bitsDePoder_ 007691  72FF  22 33 73        	ld (COA_DIR_FIN+1),hl
8bitsDePoder_ 007692  7302  CD 2D 73        	call COA_START
8bitsDePoder_ 007694  7305  21 68 6B        	ld hl,27496
8bitsDePoder_ 007695  7308  22 33 73        	ld (COA_DIR_FIN+1),hl
8bitsDePoder_ 007696  730B  3E 1F           	ld a,31
8bitsDePoder_ 007697  730D  32 2E 73        	ld (COA_START+1),a
8bitsDePoder_ 007698  7310  C9              	ret
8bitsDePoder_ 007700  7311                  	COA2param
8bitsDePoder_ 007702  7311  DD 6E 02        	ld l, (IX+2)
8bitsDePoder_ 007703  7314  DD 66 03        	ld h, (IX+3)
8bitsDePoder_ 007704  7317  22 47 74        	ld (COA_colider),hl
8bitsDePoder_ 007706  731A  DD 6E 02        	ld l, (IX+2)
8bitsDePoder_ 007707  731D  DD 66 03        	ld h, (IX+3)
8bitsDePoder_ 007708  7320  22 47 74        	ld (COA_colider),hl
8bitsDePoder_ 007710  7323  DD 6E 00        	ld l, (IX+0)
8bitsDePoder_ 007711  7326  DD 66 01        	ld h, (IX+1)
8bitsDePoder_ 007714  7329  22 DF 70        	ld (COS_return_var),hl
8bitsDePoder_ 007715  732C  C9              	ret
8bitsDePoder_ 007720  732D  3E 1F           	COA_START  ld a, NUM_SPRITES-1
8bitsDePoder_ 007721  732F  32 F0 FF        	ld (COA_spid), a
8bitsDePoder_ 007722  7332  21 68 6B        	COA_DIR_FIN  ld HL, 27496
8bitsDePoder_ 007723  7335  E5              	COA_bucle  push HL
8bitsDePoder_ 007725  7336  7E              	ld a, (HL)
8bitsDePoder_ 007727  7337  E6 20           	and %00100000
8bitsDePoder_ 007728  7339  28 17           	Jr Z, COA_next
8bitsDePoder_ 007731  733B  3A F0 FF        	ld a, (COA_spid)
8bitsDePoder_ 007732  733E  CD 26 71        	call COS_OK2
8bitsDePoder_ 007733  7341  2A DF 70        	ld hl,(COS_return_var)
8bitsDePoder_ 007734  7344  7E              	ld a, (hl)
8bitsDePoder_ 007735  7345  FE 20           	cp 32
8bitsDePoder_ 007736  7347  28 09           	JR Z, COA_next
8bitsDePoder_ 007737  7349  E1              	pop hl
8bitsDePoder_ 007739  734A  3A F0 FF        	ld a, (COA_spid)
8bitsDePoder_ 007740  734D  2A 47 74        	ld HL , (COA_colider)
8bitsDePoder_ 007741  7350  77              	ld (hl),a
8bitsDePoder_ 007742  7351  C9              	ret
8bitsDePoder_ 007744  7352                  	COA_next
8bitsDePoder_ 007750  7352  21 F0 FF        	ld hl, COA_spid
8bitsDePoder_ 007751  7355  35              	dec (HL)
8bitsDePoder_ 007752  7356  E1              	pop hl
8bitsDePoder_ 007754  7357                  	COA_LIMIT_INI
8bitsDePoder_ 007755  7357  FA 61 73        	JP M, COA_fin
8bitsDePoder_ 007758  735A  01 10 00        	ld bc, sprite_size
8bitsDePoder_ 007759  735D  ED 42           	sbc HL, bc
8bitsDePoder_ 007760  735F  18 D4           	JR COA_bucle
8bitsDePoder_ 007762  7361                  	COA_fin
8bitsDePoder_ 007764  7361  2A 47 74        	ld HL , (COA_colider)
8bitsDePoder_ 007766  7364  36 20           	ld (hl),32
8bitsDePoder_ 007767  7366  C9              	ret
8bitsDePoder_ 007809  7367                  	_RINK
8bitsDePoder_ 007812  7367  3D              	dec a
8bitsDePoder_ 007813  7368  28 22           	jr z, ink_noparam
8bitsDePoder_ 007816  736A  DD E5           	push IX
8bitsDePoder_ 007819  736C  32 FC E7        	ld (ink_patron_len),a
8bitsDePoder_ 007820  736F  57              	ld d,a
8bitsDePoder_ 007822  7370  21 F3 E7        	ld Hl,ink_t1
8bitsDePoder_ 007823  7373  4F              	ld c,a
8bitsDePoder_ 007824  7374  06 00           	ld b,0
8bitsDePoder_ 007825  7376  0D              	dec c
8bitsDePoder_ 007826  7377  09              	add hl,bc
8bitsDePoder_ 007828  7378  44              	ld b,h
8bitsDePoder_ 007829  7379  4D              	ld c,l
8bitsDePoder_ 007831  737A                  	_inkbuc
8bitsDePoder_ 007834  737A  AF              	xor a
8bitsDePoder_ 007835  737B  32 F1 E7        	ld (ink_index),a
8bitsDePoder_ 007836  737E  E1              	pop hl
8bitsDePoder_ 007838  737F                  	_inkbuc_N
8bitsDePoder_ 007842  737F  7E              	ld a,(hl)
8bitsDePoder_ 007843  7380  02              	ld (BC),a
8bitsDePoder_ 007844  7381  23              	inc hl
8bitsDePoder_ 007845  7382  23              	inc hl
8bitsDePoder_ 007846  7383  0B              	dec bc
8bitsDePoder_ 007847  7384  15              	dec d
8bitsDePoder_ 007849  7385  20 F8           	JR nz,_inkbuc_N
8bitsDePoder_ 007852  7387  7E              	ld a,(hl)
8bitsDePoder_ 007853  7388  32 F2 E7        	ld (ink_tini),a
8bitsDePoder_ 007855  738B  C9              	ret
8bitsDePoder_ 007857  738C                  	ink_noparam
8bitsDePoder_ 007858  738C  3A FC E7        	ld a,(ink_patron_len)
8bitsDePoder_ 007859  738F  57              	ld d,a
8bitsDePoder_ 007861  7390  DD 7E 00        	ld a,(ix+0)
8bitsDePoder_ 007862  7393  32 FB E7        	ld (ink_step),a
8bitsDePoder_ 007863  7396  47              	ld b,a
8bitsDePoder_ 007865  7397  3A F1 E7        	ld a, (ink_index)
8bitsDePoder_ 007866  739A  80              	add b
8bitsDePoder_ 007867  739B                  	ink_and1
8bitsDePoder_ 007869  739B  A7              	ink_nc1    and a
8bitsDePoder_ 007870  739C  BA              	cp d
8bitsDePoder_ 007871  739D  38 03           	JR C, INK_menor
8bitsDePoder_ 007872  739F  92              	sub d
8bitsDePoder_ 007873  73A0  18 F9           	jr ink_nc1
8bitsDePoder_ 007875  73A2                  	INK_menor
8bitsDePoder_ 007877  73A2  32 F1 E7        	ld (ink_index),a
8bitsDePoder_ 007878  73A5  3A FC E7        	ld a, (ink_patron_len)
8bitsDePoder_ 007879  73A8  32 EF E7        	ld (ink_counter), a
8bitsDePoder_ 007881  73AB  3A F2 E7        	ld a,(ink_tini)
8bitsDePoder_ 007882  73AE  3D              	dec a
8bitsDePoder_ 007883  73AF  32 F0 E7        	ld (ink_cambiar),a
8bitsDePoder_ 007887  73B2                  	ink_bucle
8bitsDePoder_ 007895  73B2  21 F0 E7        	ld hl, ink_cambiar
8bitsDePoder_ 007896  73B5  34              	inc (HL)
8bitsDePoder_ 007899  73B6  3A F1 E7        	ld a, (ink_index)
8bitsDePoder_ 007900  73B9  3C              	inc a
8bitsDePoder_ 007901  73BA                  	ink_and2
8bitsDePoder_ 007904  73BA  A7              	and a
8bitsDePoder_ 007905  73BB  BA              	ink_nc2    cp d
8bitsDePoder_ 007906  73BC  38 03           	JR C, INK_menor2
8bitsDePoder_ 007907  73BE  92              	sub d
8bitsDePoder_ 007908  73BF  18 FA           	jr ink_nc2
8bitsDePoder_ 007910  73C1                  	INK_menor2
8bitsDePoder_ 007911  73C1  32 F1 E7        	ld (ink_index),a
8bitsDePoder_ 007912  73C4  4F              	ld c,a
8bitsDePoder_ 007913  73C5  06 00           	ld b,0
8bitsDePoder_ 007914  73C7  21 F3 E7        	ld hl, ink_t1
8bitsDePoder_ 007915  73CA  09              	add hl, bc
8bitsDePoder_ 007916  73CB  7E              	ld a,(hl)
8bitsDePoder_ 007917  73CC  47              	ld b,a
8bitsDePoder_ 007918  73CD  48              	ld c,b
8bitsDePoder_ 007920  73CE  3A F0 E7        	ld a,(ink_cambiar)
8bitsDePoder_ 007921  73D1  CD 32 BC        	call &bc32
8bitsDePoder_ 007923  73D4  3A FC E7        	ld a,(ink_patron_len)
8bitsDePoder_ 007924  73D7  57              	ld d,a
8bitsDePoder_ 007926  73D8                  	ink_finbucle
8bitsDePoder_ 007932  73D8  21 EF E7        	ld hl, ink_counter
8bitsDePoder_ 007933  73DB  35              	dec (HL)
8bitsDePoder_ 007934  73DC  28 02           	JR z, ink_fin
8bitsDePoder_ 007937  73DE  18 D2           	jr ink_bucle
8bitsDePoder_ 007939  73E0                  	ink_fin
8bitsDePoder_ 007941  73E0  C9              	ret
8bitsDePoder_ 007963  73E1                  	_MOVER_ALL
8bitsDePoder_ 007965  73E1  A7              	and a
8bitsDePoder_ 007966  73E2  20 05           	JR NZ,MRA_param
8bitsDePoder_ 007968  73E4  CD D3 72        	call get_offsets_from_pointers
8bitsDePoder_ 007969  73E7  18 03           	JR MRA_noparam
8bitsDePoder_ 007972  73E9  CD C0 72        	MRA_param  call get_offsets
8bitsDePoder_ 007973  73EC                  	MRA_noparam
8bitsDePoder_ 007976  73EC  3E 1F           	ld a, NUM_SPRITES-1
8bitsDePoder_ 007977  73EE  32 D8 D7        	ld (MRA_spid), a
8bitsDePoder_ 007978  73F1  21 78 69        	ld HL, _SPR_SPRITES_TABLE
8bitsDePoder_ 007979  73F4  E5              	MRA_bucle  push HL
8bitsDePoder_ 007982  73F5  CD 9D 72        	call MOVER_i
8bitsDePoder_ 007989  73F8  21 D8 D7        	ld hl, MRA_spid
8bitsDePoder_ 007990  73FB  35              	dec (hl)
8bitsDePoder_ 007991  73FC  E1              	pop hl
8bitsDePoder_ 007994  73FD  FA 06 74        	JP M, MRA_fin
8bitsDePoder_ 007998  7400  01 10 00        	ld bc, sprite_size
8bitsDePoder_ 007999  7403  09              	add HL, bc
8bitsDePoder_ 008000  7404  18 EE           	JR MRA_bucle
8bitsDePoder_ 008002  7406                  	MRA_fin
8bitsDePoder_ 008004  7406  C9              	ret
8bitsDePoder_ 008016  7407                  	_ANIMA_ALL
8bitsDePoder_ 008017  7407  3E 1F           	ld a, NUM_SPRITES-1
8bitsDePoder_ 008018  7409  32 F7 C7        	ld (ANI_spid), a
8bitsDePoder_ 008020  740C  21 78 69        	ld HL, _SPR_SPRITES_TABLE
8bitsDePoder_ 008021  740F  E5              	push hl
8bitsDePoder_ 008022  7410  18 06           	jr ani_call
8bitsDePoder_ 008023  7412                  	ANI_bucle
8bitsDePoder_ 008024  7412  E1              	pop HL
8bitsDePoder_ 008025  7413  01 10 00        	ld bc, sprite_size
8bitsDePoder_ 008026  7416  09              	add HL, bc
8bitsDePoder_ 008027  7417  E5              	push HL
8bitsDePoder_ 008029  7418  CD CB 6E        	ANI_call  call ANS_uno
8bitsDePoder_ 008035  741B  21 F7 C7        	ld hl, ANI_spid
8bitsDePoder_ 008036  741E  35              	dec (HL)
8bitsDePoder_ 008038  741F  FA 25 74        	JP M, ANI_fin
8bitsDePoder_ 008039  7422  C3 12 74        	JP ANI_bucle
8bitsDePoder_ 008041  7425                  	ANI_fin
8bitsDePoder_ 008043  7425  E1              	pop hl
8bitsDePoder_ 008044  7426  C9              	ret
8bitsDePoder_ 008046  7427                  	_CALL_COMBINADO
8bitsDePoder_ 008047  7427  3E 01           	ld a,1
8bitsDePoder_ 008048  7429  CD 44 70        	call MOA_inteno
8bitsDePoder_ 008049  742C  AF              	xor a
8bitsDePoder_ 008050  742D  CD 00 62        	call _printspall
8bitsDePoder_ 008051  7430  AF              	xor a
8bitsDePoder_ 008052  7431  CD E8 72        	call _colspall
8bitsDePoder_ 008053  7434  C9              	ret
8bitsDePoder_ 008056  7435                  	ROU_V34
8bitsDePoder_ 008057  7435  3A D0 C7        	ld a, (ROU_SPID)
8bitsDePoder_ 008058  7438  CD C6 6E        	CALL ANS_a
8bitsDePoder_ 008059  743B  C3 1D 64        	jP ROU_kkk
8bitsDePoder_ 008061  743E                  	ROU_INIRUTA
8bitsDePoder_ 008063  743E  3E FF           	ld a,255
8bitsDePoder_ 008064  7440  32 D2 C7        	ld (ROU_SEG),a
8bitsDePoder_ 008065  7443  AF              	xor a
8bitsDePoder_ 008067  7444  C3 9E 63        	Jp _UPDATE_SEGMENT
8bitsDePoder_ 008075  7447  00 00           	COA_colider  dw 0
8bitsDePoder_ 008079  7449  20              	COL_umbral  db 32
8bitsDePoder_ 008080  744A  00 00           	var_col    dw 0
8bitsDePoder_ 008081  744C  00              	col_numsp  db 0
8bitsDePoder_ 008090  744D  00              	MOA_flag_route  db 0
8bitsDePoder_ 008104  744E                  	BG_BITS
8bitsDePoder_ 008104  744E  01              	db 1
8bitsDePoder_ 008106  744F                  	BG_SPRITES
8bitsDePoder_ 008109  744F  21 1A 85        	ld HL, _BEGIN_BG_IMAGES-1
8bitsDePoder_ 008110  7452  11 1A 85        	ld DE, _END_BG_IMAGES-1
8bitsDePoder_ 008111  7455  CD E3 6D        	CALL CHECK_DOUBLE_LIMITS
8bitsDePoder_ 008113  7458  30 2A           	JR NC, BG_normal
8bitsDePoder_ 008138  745A                  	BG_fondo
8bitsDePoder_ 008140  745A  3A E6 C7        	ld a, (SPR_status)
8bitsDePoder_ 008141  745D  F6 40           	OR %01000000
8bitsDePoder_ 008142  745F  32 E6 C7        	ld (SPR_status),a
8bitsDePoder_ 008144  7462  0A              	ld a, (BC)
8bitsDePoder_ 008145  7463  03              	inc bc
8bitsDePoder_ 008146  7464  67              	ld h,a
8bitsDePoder_ 008147  7465  0A              	ld a, (BC)
8bitsDePoder_ 008148  7466  47              	ld b,a
8bitsDePoder_ 008149  7467  4C              	ld c,h
8bitsDePoder_ 008151  7468  1E 00           	ld e, 0
8bitsDePoder_ 008152  746A  3A F7 EF        	ld a,(GM_mode)
8bitsDePoder_ 008153  746D  FE 01           	cp 1
8bitsDePoder_ 008154  746F  20 04           	JR NZ, BG_fondo_mode0
8bitsDePoder_ 008157  7471                  	BG_fondo_mode1
8bitsDePoder_ 008158  7471  3E 0F           	ld a,%00001111
8bitsDePoder_ 008159  7473  18 2B           	JR  BG_confTR
8bitsDePoder_ 008161  7475                  	BG_fondo_mode0
8bitsDePoder_ 008162  7475  3A 4E 74        	ld a, (BG_BITS)
8bitsDePoder_ 008163  7478  FE 01           	cp 1
8bitsDePoder_ 008164  747A  20 04           	JR NZ , BG_fondo_m0_2bits
8bitsDePoder_ 008166  747C                  	BG_fondo_m0_1bits
8bitsDePoder_ 008168  747C  3E 3F           	ld a,%00111111
8bitsDePoder_ 008169  747E  18 20           	JR  BG_confTR
8bitsDePoder_ 008170  7480                  	BG_fondo_m0_2bits
8bitsDePoder_ 008172  7480  3E 33           	ld a,%00110011
8bitsDePoder_ 008173  7482  18 1C           	JR  BG_confTR
8bitsDePoder_ 008177  7484                  	BG_normal
8bitsDePoder_ 008178  7484  3A F7 EF        	ld a,(GM_mode)
8bitsDePoder_ 008179  7487  FE 01           	cp 1
8bitsDePoder_ 008180  7489  20 06           	JR NZ, BG_normal_mode0
8bitsDePoder_ 008182  748B                  	BG_normal_mode1
8bitsDePoder_ 008184  748B                  	BG_normal_m1_1bits
8bitsDePoder_ 008185  748B  3E F0           	ld a,%11110000
8bitsDePoder_ 008186  748D  1E F0           	ld e,%11110000
8bitsDePoder_ 008187  748F  18 0F           	JR  BG_confTR
8bitsDePoder_ 008189  7491                  	BG_normal_mode0
8bitsDePoder_ 008190  7491  1E C0           	ld e,%11000000
8bitsDePoder_ 008191  7493  3A 4E 74        	ld a, (BG_BITS)
8bitsDePoder_ 008192  7496  FE 01           	cp 1
8bitsDePoder_ 008193  7498  20 04           	JR NZ , BG_normal_m0_2bits
8bitsDePoder_ 008195  749A                  	BG_normal_m0_1bits
8bitsDePoder_ 008196  749A  3E C0           	ld a,%11000000
8bitsDePoder_ 008197  749C  18 02           	JR  BG_confTR
8bitsDePoder_ 008198  749E                  	BG_normal_m0_2bits
8bitsDePoder_ 008199  749E  3E CC           	ld a,%11001100
8bitsDePoder_ 008202  74A0                  	BG_confTR
8bitsDePoder_ 008204  74A0  32 E7 6C        	ld (PTR2_bin3+1),a
8bitsDePoder_ 008205  74A3  32 4D 5F        	ld (PSTR_bin3+1),a
8bitsDePoder_ 008206  74A6  32 1E 6D        	ld (PNTF_bin3+1),a
8bitsDePoder_ 008207  74A9  7B              	ld a,e
8bitsDePoder_ 008208  74AA  32 C9 6C        	ld (PTR2_bin1+1),a
8bitsDePoder_ 008209  74AD  32 34 5F        	ld (PSTR_bin1+1),a
8bitsDePoder_ 008210  74B0  32 02 6D        	ld (PNTF_bin1+1),a
8bitsDePoder_ 008211  74B3  C9              	ret
8bitsDePoder_ 008229  74B4                  	_SET_HEIGHT
8bitsDePoder_ 008230  74B4  E5              	push hl
8bitsDePoder_ 008233  74B5  2A E7 C7        	ld hl, (SPR_addr)
8bitsDePoder_ 008250  74B8  7D              	LD A, L
8bitsDePoder_ 008251  74B9  CB 3C           	SRL H
8bitsDePoder_ 008252  74BB  1F              	RRA
8bitsDePoder_ 008253  74BC  CB 3C           	SRL H
8bitsDePoder_ 008254  74BE  1F              	RRA
8bitsDePoder_ 008255  74BF  CB 3C           	SRL H
8bitsDePoder_ 008256  74C1  1F              	RRA
8bitsDePoder_ 008257  74C2  CB 3C           	SRL H
8bitsDePoder_ 008258  74C4  1F              	RRA
8bitsDePoder_ 008259  74C5  6F              	LD L, A
8bitsDePoder_ 008264  74C6  11 5A 70        	ld de,  _SPRITE_HEIGHTS_TABLE-1687
8bitsDePoder_ 008266  74C9  19              	add hl,de
8bitsDePoder_ 008268  74CA  70              	ld (hl), b
8bitsDePoder_ 008271  74CB  E1              	pop hl
8bitsDePoder_ 008272  74CC  C9              	ret
8bitsDePoder_ 008287  74CD                  	_MUSIC_OFF
8bitsDePoder_ 008288  74CD                  	_UNINSTALL_INTERRUPT
8bitsDePoder_ 008289  74CD                  	UNI
8bitsDePoder_ 008290  74CD  F3              	di
8bitsDePoder_ 008291  74CE  CD D0 6D        	call _SALTO_INT
8bitsDePoder_ 008292  74D1  2A 7E 6C        	ld hl, (sal_dir)
8bitsDePoder_ 008293  74D4  22 39 00        	ld (&39),hl
8bitsDePoder_ 008294  74D7  FB              	ei
8bitsDePoder_ 008298  74D8  C3 A7 BC        	JP &bca7
8bitsDePoder_ 008303  74DB                  	if capacidad_layout  = 1
8bitsDePoder_ 008329  74DB                  	_COLISION_LAYOUT
8bitsDePoder_ 008330  74DB  B7              	or a
8bitsDePoder_ 008331  74DC  28 1B           	JR Z, col_noparam
8bitsDePoder_ 008333  74DE  3D              	dec a
8bitsDePoder_ 008334  74DF  28 12           	JR Z, col_1param
8bitsDePoder_ 008336  74E1  3D              	dec a
8bitsDePoder_ 008337  74E2  28 06           	JR z, col_2param
8bitsDePoder_ 008340  74E4  DD 7E 04        	ld a, (IX+4)
8bitsDePoder_ 008341  74E7  32 49 74        	ld (COL_umbral),a
8bitsDePoder_ 008343  74EA                  	COL_2param
8bitsDePoder_ 008344  74EA  DD 6E 02        	ld l, (IX+2)
8bitsDePoder_ 008345  74ED  DD 66 03        	ld h,(IX+3)
8bitsDePoder_ 008346  74F0  22 4A 74        	ld (var_col),hl
8bitsDePoder_ 008348  74F3                  	COL_1param
8bitsDePoder_ 008350  74F3  DD 7E 00        	ld a, (IX+0)
8bitsDePoder_ 008351  74F6  32 4C 74        	ld (col_numsp),a
8bitsDePoder_ 008352  74F9  3A 4C 74        	col_noparam  ld a,(col_numsp)
8bitsDePoder_ 008353  74FC                  	COL_try
8bitsDePoder_ 008355  74FC  DD E5           	push ix
8bitsDePoder_ 008356  74FE  DD 21 D0 CF     	ld ix, COL_SPDATA
8bitsDePoder_ 008357  7502  CD C4 6D        	call _get_dir_sp
8bitsDePoder_ 008358  7505  CD 4E 76        	call _fill_sp_data
8bitsDePoder_ 008359  7508  DD E1           	pop ix
8bitsDePoder_ 008363  750A  2A D2 CF        	ld hl, (COL_xini)
8bitsDePoder_ 008364  750D  CD 7F 75        	call COL_adjustX
8bitsDePoder_ 008365  7510  CB 3F           	srl a
8bitsDePoder_ 008366  7512  CB 3F           	srl a
8bitsDePoder_ 008367  7514  32 DC CF        	ld (COL_char_xini),a
8bitsDePoder_ 008369  7517  2A D6 CF        	ld hl, (COL_xfin)
8bitsDePoder_ 008370  751A  CD 7F 75        	call COL_adjustX
8bitsDePoder_ 008371  751D  CB 3F           	srl a
8bitsDePoder_ 008372  751F  CB 3F           	srl a
8bitsDePoder_ 008373  7521  32 DD CF        	ld (COL_char_xfin),a
8bitsDePoder_ 008375  7524  2A D0 CF        	ld hl, (COL_yini)
8bitsDePoder_ 008376  7527  CD 8D 75        	call COL_adjustY
8bitsDePoder_ 008381  752A  0F              	rrca
8bitsDePoder_ 008382  752B  0F              	rrca
8bitsDePoder_ 008383  752C  0F              	rrca
8bitsDePoder_ 008384  752D  E6 1F           	and %00011111
8bitsDePoder_ 008387  752F  32 D9 CF        	ld (COL_char_yini),a
8bitsDePoder_ 008389  7532  2A D4 CF        	ld hl, (COL_yfin)
8bitsDePoder_ 008390  7535  CD 8D 75        	call COL_adjustY
8bitsDePoder_ 008395  7538  0F              	rrca
8bitsDePoder_ 008396  7539  0F              	rrca
8bitsDePoder_ 008397  753A  0F              	rrca
8bitsDePoder_ 008398  753B  E6 1F           	and %00011111
8bitsDePoder_ 008402  753D  32 DA CF        	ld (COL_char_yfin),a
8bitsDePoder_ 008409  7540  3A D9 CF        	ld a, (COL_char_yini)
8bitsDePoder_ 008410  7543  32 DE CF        	ld (COL_char_y),a
8bitsDePoder_ 008411  7546                  	COL_scany
8bitsDePoder_ 008414  7546  3A DC CF        	ld a, (COL_char_xini)
8bitsDePoder_ 008415  7549  32 DF CF        	ld (COL_char_x),a
8bitsDePoder_ 008417  754C                  	COL_scanx
8bitsDePoder_ 008420  754C  3A DE CF        	ld a, (COL_char_y)
8bitsDePoder_ 008421  754F  5F              	ld e,a
8bitsDePoder_ 008422  7550  3A DF CF        	ld a, (COL_char_x)
8bitsDePoder_ 008423  7553  4F              	ld c,a
8bitsDePoder_ 008424  7554  CD 9B 75        	call COL_checkChar
8bitsDePoder_ 008428  7557  38 20           	JR C,COL_CHOCA
8bitsDePoder_ 008433  7559  21 DF CF        	ld HL, COL_char_x
8bitsDePoder_ 008434  755C  46              	ld b, (HL)
8bitsDePoder_ 008435  755D  34              	inc (HL)
8bitsDePoder_ 008436  755E  3A DD CF        	ld a, (COL_char_xfin)
8bitsDePoder_ 008437  7561  B8              	cp b
8bitsDePoder_ 008438  7562  28 02           	jr Z, COL_finscanx
8bitsDePoder_ 008439  7564  30 E6           	jr NC, COL_scanx
8bitsDePoder_ 008442  7566  21 DE CF        	COL_finscanx  ld HL, COL_char_y
8bitsDePoder_ 008444  7569  46              	ld b, (HL)
8bitsDePoder_ 008445  756A  34              	inc (HL)
8bitsDePoder_ 008446  756B  3A DA CF        	ld a, (COL_char_yfin)
8bitsDePoder_ 008447  756E  B8              	cp b
8bitsDePoder_ 008448  756F  28 02           	jr Z, COL_finscan
8bitsDePoder_ 008449  7571  30 D3           	jr NC,COL_scany
8bitsDePoder_ 008454  7573                  	COL_finscan
8bitsDePoder_ 008456  7573                  	COL_NOCHOCA
8bitsDePoder_ 008463  7573  2A 4A 74        	ld hl, (var_col)
8bitsDePoder_ 008464  7576  36 00           	ld (hl),0
8bitsDePoder_ 008465  7578  C9              	ret
8bitsDePoder_ 008469  7579                  	COL_CHOCA
8bitsDePoder_ 008475  7579  2A 4A 74        	ld hl, (var_col)
8bitsDePoder_ 008476  757C  36 01           	ld (hl),1
8bitsDePoder_ 008477  757E  C9              	ret
8bitsDePoder_ 008483  757F                  	COL_adjustX
8bitsDePoder_ 008486  757F  CB 7C           	bit 7,h
8bitsDePoder_ 008487  7581  28 02           	jr Z , COL_xp
8bitsDePoder_ 008488  7583  AF              	xor a
8bitsDePoder_ 008489  7584  C9              	ret
8bitsDePoder_ 008491  7585  7D              	COL_xp    ld a,l
8bitsDePoder_ 008492  7586  FE 4F           	cp 79
8bitsDePoder_ 008493  7588  38 02           	Jr C, COL_xsigue
8bitsDePoder_ 008494  758A  3E 4F           	ld a,79
8bitsDePoder_ 008495  758C  C9              	COL_xsigue  ret
8bitsDePoder_ 008499  758D                  	COL_adjustY
8bitsDePoder_ 008502  758D  CB 7C           	bit 7,h
8bitsDePoder_ 008503  758F  28 02           	jr Z , COL_yp
8bitsDePoder_ 008504  7591  AF              	xor a
8bitsDePoder_ 008505  7592  C9              	ret
8bitsDePoder_ 008507  7593  7D              	COL_yp    ld a,l
8bitsDePoder_ 008508  7594  FE C7           	cp 199
8bitsDePoder_ 008509  7596  38 02           	Jr C, COL_ysigue
8bitsDePoder_ 008510  7598  3E C7           	ld a,199
8bitsDePoder_ 008511  759A  C9              	COL_ysigue  ret
8bitsDePoder_ 008516  759B                  	COL_checkChar
8bitsDePoder_ 008519  759B  26 14           	ld h,20
8bitsDePoder_ 008520  759D  CD 50 6D        	call _MUL8bit
8bitsDePoder_ 008521  75A0  11 38 A4        	ld de, LAYOUT
8bitsDePoder_ 008522  75A3  19              	add HL, de
8bitsDePoder_ 008523  75A4  06 00           	ld b,0
8bitsDePoder_ 008524  75A6  09              	add hl,bc
8bitsDePoder_ 008525  75A7  7E              	ld a,(hl)
8bitsDePoder_ 008527  75A8  4F              	ld c,a
8bitsDePoder_ 008528  75A9  A7              	and a
8bitsDePoder_ 008529  75AA  3A 49 74        	ld a, (COL_umbral)
8bitsDePoder_ 008530  75AD  91              	sub c
8bitsDePoder_ 008534  75AE  C9              	ret
8bitsDePoder_ 008536  75AF                  	_END_COLISION_LAYOUT
8bitsDePoder_ 008559  75AF                  	_PRINT_LAYOUT
8bitsDePoder_ 008563  75AF  DD 7E 04        	ld a, (IX+4)
8bitsDePoder_ 008564  75B2  32 F9 CF        	ld (LAY_coordychar),a
8bitsDePoder_ 008566  75B5  87              	add a,a
8bitsDePoder_ 008567  75B6  87              	add a,a
8bitsDePoder_ 008568  75B7  87              	add a,a
8bitsDePoder_ 008569  75B8  32 FA CF        	ld (LAY_coordy), a
8bitsDePoder_ 008573  75BB  DD 7E 02        	ld a, (IX+2)
8bitsDePoder_ 008574  75BE  32 FB CF        	ld (LAY_coordxchar),a
8bitsDePoder_ 008576  75C1  87              	add a,a
8bitsDePoder_ 008577  75C2  87              	LAY_PAT1  add a,a
8bitsDePoder_ 008578  75C3  32 FC CF        	ld (LAY_coordx), a
8bitsDePoder_ 008582  75C6  DD 6E 00        	ld l, (IX+0)
8bitsDePoder_ 008583  75C9  DD 66 01        	ld h, (IX+1)
8bitsDePoder_ 008588  75CC  7E              	ld a, (HL)
8bitsDePoder_ 008589  75CD  32 D0 D7        	ld (LAY_len), A
8bitsDePoder_ 008590  75D0  23              	inc HL
8bitsDePoder_ 008591  75D1  4E              	ld c,(HL)
8bitsDePoder_ 008592  75D2  23              	inc hl
8bitsDePoder_ 008593  75D3  46              	ld b, (HL)
8bitsDePoder_ 008594  75D4  ED 43 FD CF     	ld (LAY_chars), bc
8bitsDePoder_ 008596  75D8  2A FD CF        	ld HL, (LAY_chars)
8bitsDePoder_ 008597  75DB  7E              	LAY_buc    ld a, (HL)
8bitsDePoder_ 008600  75DC  CD 29 76        	LAY_PAT2  call LAY_update_map
8bitsDePoder_ 008602  75DF  FE 20           	cp 32
8bitsDePoder_ 008603  75E1  28 2C           	Jr Z, LAY_next
8bitsDePoder_ 008605  75E3  E5              	push hl
8bitsDePoder_ 008608  75E4  DD E5           	push ix
8bitsDePoder_ 008609  75E6  DD 21 D2 D7     	ld ix,LAY_buffer
8bitsDePoder_ 008617  75EA  D6 3B           	sub a, 59
8bitsDePoder_ 008630  75EC  DD 36 05 00     	ld (ix+5),0
8bitsDePoder_ 008631  75F0  DD 77 04        	ld (ix+4),a
8bitsDePoder_ 008633  75F3  3A FA CF        	ld a, (LAY_coordy)
8bitsDePoder_ 008634  75F6  DD 36 03 00     	ld (ix+3),0
8bitsDePoder_ 008635  75FA  DD 77 02        	ld (ix+2),a
8bitsDePoder_ 008637  75FD  3A FC CF        	ld a, (LAY_coordx)
8bitsDePoder_ 008638  7600  DD 36 01 00     	ld (ix+1),0
8bitsDePoder_ 008639  7604  DD 77 00        	ld (ix+0),a
8bitsDePoder_ 008641  7607  3E 03           	ld a,3
8bitsDePoder_ 008642  7609  CD A1 64        	call _PSP
8bitsDePoder_ 008645  760C  DD E1           	pop ix
8bitsDePoder_ 008646  760E  E1              	pop hl
8bitsDePoder_ 008649  760F  3A D0 D7        	LAY_next  ld a, (LAY_len)
8bitsDePoder_ 008650  7612  3D              	dec a
8bitsDePoder_ 008651  7613  C8              	ret z
8bitsDePoder_ 008652  7614  32 D0 D7        	ld (LAY_len), A
8bitsDePoder_ 008655  7617  3A FC CF        	ld a, (LAY_coordx)
8bitsDePoder_ 008656  761A  C6 04           	LAY_PAT3  add a, 4
8bitsDePoder_ 008657  761C  32 FC CF        	ld (LAY_coordx),a
8bitsDePoder_ 008658  761F  3A FB CF        	ld a, (LAY_coordxchar)
8bitsDePoder_ 008659  7622  3C              	inc a
8bitsDePoder_ 008660  7623  32 FB CF        	ld (LAY_coordxchar),a
8bitsDePoder_ 008661  7626  23              	inc hl
8bitsDePoder_ 008662  7627  18 B2           	jr LAY_buc
8bitsDePoder_ 008665  7629                  	LAY_update_map
8bitsDePoder_ 008669  7629  E5              	push HL
8bitsDePoder_ 008670  762A  C5              	push BC
8bitsDePoder_ 008671  762B  D5              	push DE
8bitsDePoder_ 008672  762C  32 D1 D7        	ld (LAY_char),a
8bitsDePoder_ 008673  762F  21 38 A4        	ld HL, LAYOUT
8bitsDePoder_ 008674  7632  11 14 00        	ld de, 20
8bitsDePoder_ 008675  7635  3A F9 CF        	ld a, (LAY_coordychar)
8bitsDePoder_ 008676  7638  A7              	and a
8bitsDePoder_ 008677  7639  28 04           	Jr Z, LAY_nosuma
8bitsDePoder_ 008678  763B  47              	ld b,a
8bitsDePoder_ 008679  763C  19              	LAY_suma  add HL, de
8bitsDePoder_ 008680  763D  10 FD           	DJNZ LAY_suma
8bitsDePoder_ 008681  763F                  	LAY_nosuma
8bitsDePoder_ 008682  763F  3A FB CF        	ld a, (LAY_coordxchar)
8bitsDePoder_ 008683  7642  4F              	ld c,a
8bitsDePoder_ 008684  7643  06 00           	ld b,0
8bitsDePoder_ 008685  7645  09              	add HL, bc
8bitsDePoder_ 008687  7646  3A D1 D7        	ld a, (LAY_char)
8bitsDePoder_ 008688  7649  77              	ld (HL), a
8bitsDePoder_ 008689  764A  D1              	pop de
8bitsDePoder_ 008690  764B  C1              	pop BC
8bitsDePoder_ 008691  764C  E1              	pop HL
8bitsDePoder_ 008692  764D  C9              	ret
8bitsDePoder_ 008693  764E                  	_END_PRINTLAYOUT
8bitsDePoder_ 008695  764E                  	endif
8bitsDePoder_ 008697  764E                  	__FREE_ZONE
8bitsDePoder_ 008712  764E                  	_fill_sp_data
8bitsDePoder_ 008719  764E  23              	inc hl
8bitsDePoder_ 008726  764F  7E              	ld a, (HL)
8bitsDePoder_ 008727  7650  DD 77 00        	ld (ix+0), a
8bitsDePoder_ 008728  7653  23              	inc hl
8bitsDePoder_ 008729  7654  7E              	ld a, (HL)
8bitsDePoder_ 008730  7655  DD 77 01        	ld (ix+1), a
8bitsDePoder_ 008735  7658  23              	inc hl
8bitsDePoder_ 008736  7659  7E              	ld a, (HL)
8bitsDePoder_ 008737  765A  DD 77 02        	ld (ix+2), a
8bitsDePoder_ 008738  765D  23              	inc hl
8bitsDePoder_ 008739  765E  7E              	ld a, (HL)
8bitsDePoder_ 008740  765F  DD 77 03        	ld (ix+3), a
8bitsDePoder_ 008744  7662  01 05 00        	ld bc, 5
8bitsDePoder_ 008745  7665  09              	add hl, bc
8bitsDePoder_ 008752  7666  CD CC 6F        	call _check_image_list
8bitsDePoder_ 008755  7669  5E              	ld e,(hl)
8bitsDePoder_ 008756  766A  23              	inc hl
8bitsDePoder_ 008757  766B  56              	ld d, (Hl)
8bitsDePoder_ 008758  766C  EB              	ex de,hl
8bitsDePoder_ 008767  766D  54              	ld d,h
8bitsDePoder_ 008768  766E  5D              	ld e,l
8bitsDePoder_ 008769  766F  01 1A 85        	ld bc, _END_FLIP_IMAGES-1
8bitsDePoder_ 008772  7672  AF              	xor a
8bitsDePoder_ 008773  7673  ED 42           	sbc hl, bc
8bitsDePoder_ 008774  7675  30 0E           	JR NC, fill_noflip
8bitsDePoder_ 008778  7677  AF              	xor a
8bitsDePoder_ 008779  7678  21 1A 85        	ld hl,_BEGIN_FLIP_IMAGES-1
8bitsDePoder_ 008784  767B  ED 52           	sbc hl,de
8bitsDePoder_ 008785  767D  30 06           	JR NC,fill_noflip
8bitsDePoder_ 008793  767F  1A              	ld a, (de)
8bitsDePoder_ 008794  7680  4F              	ld c,a
8bitsDePoder_ 008795  7681  13              	inc de
8bitsDePoder_ 008796  7682  1A              	ld a, (de)
8bitsDePoder_ 008797  7683  57              	ld d,a
8bitsDePoder_ 008798  7684  59              	ld e,c
8bitsDePoder_ 008800  7685  62              	fill_noflip  ld h,d
8bitsDePoder_ 008801  7686  6B              	ld l,e
8bitsDePoder_ 008809  7687  7E              	ld a,(hl)
8bitsDePoder_ 008810  7688  32 DB CF        	ld (COL_ancho), a
8bitsDePoder_ 008811  768B  23              	inc hl
8bitsDePoder_ 008812  768C  7E              	ld a, (HL)
8bitsDePoder_ 008813  768D  32 D8 CF        	ld (COL_alto), a
8bitsDePoder_ 008820  7690  DD 6E 00        	ld l, (ix+0)
8bitsDePoder_ 008821  7693  DD 66 01        	ld h, (ix+1)
8bitsDePoder_ 008826  7696  06 00           	ld b,0
8bitsDePoder_ 008828  7698  3D              	dec a
8bitsDePoder_ 008829  7699  4F              	ld c,a
8bitsDePoder_ 008830  769A  09              	add hl, bc
8bitsDePoder_ 008831  769B  DD 75 04        	ld (ix+4),l
8bitsDePoder_ 008832  769E  DD 74 05        	ld (ix+5),h
8bitsDePoder_ 008836  76A1  DD 6E 02        	ld l, (ix+2)
8bitsDePoder_ 008837  76A4  DD 66 03        	ld h, (ix+3)
8bitsDePoder_ 008839  76A7  3A DB CF        	ld a, (COL_ancho)
8bitsDePoder_ 008840  76AA  3D              	dec a
8bitsDePoder_ 008841  76AB  4F              	ld c,a
8bitsDePoder_ 008842  76AC  09              	add hl, bc
8bitsDePoder_ 008844  76AD  DD 75 06        	ld (ix+6),l
8bitsDePoder_ 008845  76B0  DD 74 07        	ld (ix+7),h
8bitsDePoder_ 008847  76B3  C9              	ret
8bitsDePoder_ 008848  76B4                  	_end_fill_sp_data
8bitsDePoder_ 008849  76B4                  	__END_FREE_ZONE
8bitsDePoder_ 008853  76B4  00              	PS2_flag_anim  db 0
8bitsDePoder_ 008854  76B5  00              	PS2_flag_sync  db 0
8bitsDePoder_ 008855  76B6  00              	PS2_orden  db 0
8bitsDePoder_ 008858  76B7                  	if ASSEMBLING_OPTION  = 0
8bitsDePoder_ 008859  76B7  00              	_END_30450  db 0
8bitsDePoder_ 008860  67E6                  	org _END_27000_partial+1
8bitsDePoder_ 008861  67E6                  	_end_27000_continue
8bitsDePoder_ 008862  67E6                  	endif
8bitsDePoder_ 008864  67E6                  	if capacidad_scrolling =1
8bitsDePoder_ 008869  67E6                  	_MAP2SP
8bitsDePoder_ 008875  67E6  3D              	dec a
8bitsDePoder_ 008876  67E7  20 21           	JR NZ, M2S_no1
8bitsDePoder_ 008878  67E9  DD 7E 00        	ld a, (IX+0)
8bitsDePoder_ 008879  67EC  21 87 68        	ld hl, _MAP2SP_STATUS+1
8bitsDePoder_ 008880  67EF  77              	ld (hl),a
8bitsDePoder_ 008883  67F0  E6 40           	and 64
8bitsDePoder_ 008884  67F2  20 0A           	JR NZ, M2S_PNTS_tr
8bitsDePoder_ 008885  67F4                  	if capacidad_pseudo3d   =1
8bitsDePoder_ 008886  67F4  21 ED B0        	ld hl, &B0ED
8bitsDePoder_ 008887  67F7  22 B3 5D        	ld (pnts_PINTA_NOTRANSP), hl
8bitsDePoder_ 008888  67FA  32 B5 5D        	ld (pnts_PINTA_NOTRANSP+2),a
8bitsDePoder_ 008889  67FD                  	endif
8bitsDePoder_ 008890  67FD  C9              	ret
8bitsDePoder_ 008892  67FE                  	M2S_PNTS_tr
8bitsDePoder_ 008893  67FE                  	if capacidad_pseudo3d  =1
8bitsDePoder_ 008894  67FE  3E CD           	ld a,&cd
8bitsDePoder_ 008895  6800  32 B3 5D        	ld (pnts_PINTA_NOTRANSP), a
8bitsDePoder_ 008896  6803  21 30 5F        	ld HL, PINTA_SEG_TR
8bitsDePoder_ 008897  6806  22 B4 5D        	ld (pnts_PINTA_NOTRANSP+1), HL
8bitsDePoder_ 008898  6809                  	endif
8bitsDePoder_ 008900  6809  C9              	ret
8bitsDePoder_ 008902  680A                  	M2S_no1
8bitsDePoder_ 008905  680A  2A 38 A4        	ld hl,(_MAP_TABLE)
8bitsDePoder_ 008906  680D  01 C7 00        	ld bc,199
8bitsDePoder_ 008907  6810  09              	add hl,bc
8bitsDePoder_ 008908  6811  22 28 69        	ld (M2SYMARGIN),hl
8bitsDePoder_ 008911  6814  ED 4B 3A A4     	ld bc, (_MAP_TABLE+2)
8bitsDePoder_ 008912  6818  ED 43 2A 69     	ld (M2SXoffset),bc
8bitsDePoder_ 008917  681C  2A 24 69        	ld hl,(M2S_ANCHOVISIBLE)
8bitsDePoder_ 008919  681F  A7              	and a
8bitsDePoder_ 008920  6820  ED 42           	sbc hl,bc
8bitsDePoder_ 008921  6822  22 26 69        	ld (M2SXMARGIN),hl
8bitsDePoder_ 008923  6825  21 78 69        	ld HL,_SPR_SPRITES_TABLE
8bitsDePoder_ 008924  6828  22 EA EF        	ld (M2S_SP_POINTER),hl
8bitsDePoder_ 008930  682B                  	M2S_2param
8bitsDePoder_ 008933  682B  DD 4E 00        	ld c,(IX+0)
8bitsDePoder_ 008934  682E  DD 46 01        	ld b,(IX+1)
8bitsDePoder_ 008939  6831  69              	ld l,c
8bitsDePoder_ 008940  6832  60              	ld h,b
8bitsDePoder_ 008941  6833  22 D6 DF        	ld (M2S_Xinput),hl
8bitsDePoder_ 008944  6836  2A 2A 69        	ld hl,(M2SXoffset)
8bitsDePoder_ 008945  6839  09              	add hl,bc
8bitsDePoder_ 008956  683A                  	M2S_xo
8bitsDePoder_ 008957  683A  22 D2 DF        	ld (M2S_Xorig),hl
8bitsDePoder_ 008962  683D  DD 4E 02        	ld c,(IX+2)
8bitsDePoder_ 008963  6840  DD 46 03        	ld b,(IX+3)
8bitsDePoder_ 008964  6843  ED 43 D4 DF     	ld (M2S_Yorig),bc
8bitsDePoder_ 008972  6847                  	M2S_3D
8bitsDePoder_ 008988  6847                  	M2S_NO3D
8bitsDePoder_ 008990  6847                  	M2S_run
8bitsDePoder_ 008995  6847  3A 3C A4        	ld a, (_MAP_TABLE+4)
8bitsDePoder_ 008996  684A  32 FE C7        	ld (M2S_counter),a
8bitsDePoder_ 008997  684D  A7              	and a
8bitsDePoder_ 008998  684E  C8              	ret Z
8bitsDePoder_ 009003  684F  3E 00           	ld a, 0
8bitsDePoder_ 009004  6851  32 EC EF        	ld (M2S_sprites),a
8bitsDePoder_ 009008  6854  21 3D A4        	ld HL,_MAP_TABLE+5
8bitsDePoder_ 009012  6857                  	M2S_bucle
8bitsDePoder_ 009014  6857  E5              	push HL
8bitsDePoder_ 009016  6858  4E              	ld c,(HL)
8bitsDePoder_ 009017  6859  23              	inc hl
8bitsDePoder_ 009018  685A  46              	ld b,(HL)
8bitsDePoder_ 009026  685B  E5              	push HL
8bitsDePoder_ 009027  685C  2A D4 DF        	ld hl, (M2S_Yorig)
8bitsDePoder_ 009029  685F  A7              	and a
8bitsDePoder_ 009030  6860  ED 42           	sbc HL,bc
8bitsDePoder_ 009033  6862  D2 E7 68        	JP NC, M2S_next
8bitsDePoder_ 009036  6865  ED 4B 28 69     	ld bc, (M2SYMARGIN)
8bitsDePoder_ 009037  6869  A7              	and a
8bitsDePoder_ 009038  686A  ED 4A           	adc HL,BC
8bitsDePoder_ 009040  686C  D2 E7 68        	JP NC, M2S_next
8bitsDePoder_ 009044  686F  E1              	pop HL
8bitsDePoder_ 009045  6870  E5              	push hl
8bitsDePoder_ 009046  6871  23              	inc HL
8bitsDePoder_ 009047  6872  4E              	ld c,(HL)
8bitsDePoder_ 009048  6873  23              	inc hl
8bitsDePoder_ 009049  6874  46              	ld b,(HL)
8bitsDePoder_ 009051  6875  2A D2 DF        	ld hl, (M2S_Xorig)
8bitsDePoder_ 009052  6878  A7              	and a
8bitsDePoder_ 009053  6879  ED 42           	sbc HL,bc
8bitsDePoder_ 009059  687B  ED 4B 26 69     	ld bc, (M2SXMARGIN)
8bitsDePoder_ 009060  687F  A7              	and a
8bitsDePoder_ 009061  6880  09              	add hl, bc
8bitsDePoder_ 009063  6881  30 64           	JR NC, M2S_next
8bitsDePoder_ 009074  6883  2A EA EF        	ld HL,(M2S_SP_POINTER)
8bitsDePoder_ 009078  6886                  	_MAP2SP_STATUS
8bitsDePoder_ 009081  6886  36 03           	ld (HL),%00000011
8bitsDePoder_ 009085  6888  23              	inc hl
8bitsDePoder_ 009086  6889  EB              	ex de,hl
8bitsDePoder_ 009089  688A  E1              	pop HL
8bitsDePoder_ 009090  688B  E5              	push HL
8bitsDePoder_ 009091  688C  2B              	dec hl
8bitsDePoder_ 009093  688D  4E              	ld c, (HL)
8bitsDePoder_ 009094  688E  23              	inc hl
8bitsDePoder_ 009095  688F  46              	ld b,(HL)
8bitsDePoder_ 009096  6890  69              	ld L,c
8bitsDePoder_ 009097  6891  60              	ld h,b
8bitsDePoder_ 009099  6892  ED 4B D4 DF     	ld bc, (M2S_Yorig)
8bitsDePoder_ 009100  6896  A7              	and a
8bitsDePoder_ 009101  6897  ED 42           	sbc HL,bc
8bitsDePoder_ 009102  6899  44              	ld b, h
8bitsDePoder_ 009103  689A  4D              	ld c,l
8bitsDePoder_ 009105  689B  21 C7 00        	ld hl,199
8bitsDePoder_ 009106  689E  A7              	and a
8bitsDePoder_ 009107  689F  ED 42           	sbc hl,bc
8bitsDePoder_ 009108  68A1  EB              	ex de, hl
8bitsDePoder_ 009110  68A2  73              	ld (HL),e
8bitsDePoder_ 009111  68A3  23              	inc hl
8bitsDePoder_ 009112  68A4  72              	ld (HL),d
8bitsDePoder_ 009115  68A5  23              	inc hl
8bitsDePoder_ 009116  68A6  EB              	ex de, hl
8bitsDePoder_ 009120  68A7  E1              	pop HL
8bitsDePoder_ 009121  68A8  E5              	push HL
8bitsDePoder_ 009122  68A9  23              	inc hl
8bitsDePoder_ 009124  68AA  4E              	ld c, (HL)
8bitsDePoder_ 009125  68AB  23              	inc hl
8bitsDePoder_ 009126  68AC  46              	ld b, (Hl)
8bitsDePoder_ 009127  68AD  69              	ld L,c
8bitsDePoder_ 009128  68AE  60              	ld h,b
8bitsDePoder_ 009130  68AF  ED 4B D2 DF     	ld bc, (M2S_Xorig)
8bitsDePoder_ 009131  68B3  A7              	and a
8bitsDePoder_ 009132  68B4  ED 42           	sbc HL,BC
8bitsDePoder_ 009133  68B6  ED 4B 2A 69     	ld bc, (M2SXoffset)
8bitsDePoder_ 009136  68BA  09              	add hl,bc
8bitsDePoder_ 009147  68BB                  	M2S_nosuma160
8bitsDePoder_ 009149  68BB  EB              	ex de,hl
8bitsDePoder_ 009150  68BC  73              	ld (HL),e
8bitsDePoder_ 009151  68BD  23              	inc hl
8bitsDePoder_ 009152  68BE  72              	ld (HL),d
8bitsDePoder_ 009155  68BF  23              	inc hl
8bitsDePoder_ 009158  68C0  36 00           	ld (HL),0
8bitsDePoder_ 009161  68C2  23              	inc hl
8bitsDePoder_ 009164  68C3  36 00           	ld (HL),0
8bitsDePoder_ 009167  68C5  23              	inc hl
8bitsDePoder_ 009170  68C6  36 00           	ld (HL),0
8bitsDePoder_ 009173  68C8  23              	inc hl
8bitsDePoder_ 009176  68C9  36 00           	ld (HL),0
8bitsDePoder_ 009177  68CB  23              	inc hl
8bitsDePoder_ 009183  68CC  EB              	ex de,hl
8bitsDePoder_ 009184  68CD  E1              	pop hl
8bitsDePoder_ 009185  68CE  E5              	push hl
8bitsDePoder_ 009186  68CF  23              	inc hl
8bitsDePoder_ 009187  68D0  23              	inc hl
8bitsDePoder_ 009188  68D1  23              	inc hl
8bitsDePoder_ 009192  68D2  4E              	ld c,(Hl)
8bitsDePoder_ 009193  68D3  23              	inc hl
8bitsDePoder_ 009194  68D4  46              	ld b,(HL)
8bitsDePoder_ 009195  68D5  EB              	ex de,hl
8bitsDePoder_ 009196  68D6  71              	ld (HL), c
8bitsDePoder_ 009197  68D7  23              	inc hl
8bitsDePoder_ 009198  68D8  70              	ld (HL),b
8bitsDePoder_ 009210  68D9  21 EC EF        	ld hl, M2S_sprites
8bitsDePoder_ 009211  68DC  34              	inc (hl)
8bitsDePoder_ 009214  68DD  2A EA EF        	ld HL,(M2S_SP_POINTER)
8bitsDePoder_ 009215  68E0  01 10 00        	ld bc,16
8bitsDePoder_ 009216  68E3  09              	add hl,bc
8bitsDePoder_ 009217  68E4  22 EA EF        	ld (M2S_SP_POINTER),hl
8bitsDePoder_ 009219  68E7  E1              	M2S_next  pop Hl
8bitsDePoder_ 009220  68E8  E1              	pop hl
8bitsDePoder_ 009221  68E9  01 06 00        	ld bc, 6
8bitsDePoder_ 009222  68EC  09              	add HL, BC
8bitsDePoder_ 009223  68ED  3A EC EF        	ld a, (M2S_sprites)
8bitsDePoder_ 009224  68F0  FE 20           	cp 32
8bitsDePoder_ 009225  68F2  28 0C           	JR Z, M2S_fin
8bitsDePoder_ 009226  68F4  3A FE C7        	ld a, (M2S_counter)
8bitsDePoder_ 009227  68F7  3D              	dec a
8bitsDePoder_ 009229  68F8  28 06           	JR Z, M2S_fin
8bitsDePoder_ 009230  68FA  32 FE C7        	ld (M2S_counter),a
8bitsDePoder_ 009231  68FD  C3 57 68        	JP M2S_bucle
8bitsDePoder_ 009233  6900                  	M2S_fin
8bitsDePoder_ 009237  6900  3A EC EF        	ld a, (M2S_sprites)
8bitsDePoder_ 009238  6903  47              	ld b,a
8bitsDePoder_ 009239  6904  3A 23 69        	ld a, (M2S_sprites_before)
8bitsDePoder_ 009240  6907  90              	sub b
8bitsDePoder_ 009241  6908  28 12           	JR Z, M2S_fin2
8bitsDePoder_ 009244  690A  38 10           	JR C,M2S_fin2
8bitsDePoder_ 009246  690C  57              	ld d, a
8bitsDePoder_ 009248  690D  2A EA EF        	M2S_finbuc  ld HL, (M2S_SP_POINTER)
8bitsDePoder_ 009251  6910  36 00           	ld (HL),0
8bitsDePoder_ 009253  6912  01 10 00        	ld bc, 16
8bitsDePoder_ 009254  6915  09              	add hl,bc
8bitsDePoder_ 009255  6916  22 EA EF        	ld (M2S_SP_POINTER),hl
8bitsDePoder_ 009256  6919  15              	dec d
8bitsDePoder_ 009257  691A  20 F1           	JR NZ,M2S_finbuc
8bitsDePoder_ 009258  691C                  	M2S_fin2
8bitsDePoder_ 009259  691C  3A EC EF        	ld a, (M2S_sprites)
8bitsDePoder_ 009260  691F  32 23 69        	ld (M2S_sprites_before),a
8bitsDePoder_ 009261  6922  C9              	ret
8bitsDePoder_ 009263  6923                  	_END_MAP2SP
8bitsDePoder_ 009277  6923                  	endif
8bitsDePoder_ 009282  6923                  	_FREE_ZONE
8bitsDePoder_ 009284  6923                  	if  capacidad_scrolling  = 1
8bitsDePoder_ 009290  6923  00              	M2S_sprites_before   db 0
8bitsDePoder_ 009291  6924  4F 00           	M2S_ANCHOVISIBLE  dw 79
8bitsDePoder_ 009292  6926  50 00           	M2SXMARGIN    dw 80
8bitsDePoder_ 009293  6928  C8 00           	M2SYMARGIN    dw 200
8bitsDePoder_ 009294  692A  00 00           	M2SXoffset    dw 0
8bitsDePoder_ 009297  692C                  	endif
8bitsDePoder_ 009298  692C                  	if ASSEMBLING_OPTION = 3
8bitsDePoder_ 009305  692C                  	endif
8bitsDePoder_ 009312  692C                  	_SET_FLAG_DEL
8bitsDePoder_ 009314  692C  DD 7E 00        	ld a,(IX+0)
8bitsDePoder_ 009315  692F  32 DF D7        	ld (SPR_flag_delete),a
8bitsDePoder_ 009316  6932  C9              	ret
8bitsDePoder_ 009320  6933                  	_SET_PNT_DEL
8bitsDePoder_ 009321  6933  21 39 69        	ld HL, PNT_DEL
8bitsDePoder_ 009322  6936  C3 7D 66        	JP PSP_go_paint
8bitsDePoder_ 009345  6939                  	PNT_DEL
8bitsDePoder_ 009347  6939  3A E6 C7        	ld a, (SPR_status)
8bitsDePoder_ 009348  693C  E6 40           	and a, %01000000
8bitsDePoder_ 009349  693E  28 13           	JR Z,DEL_NORMAL
8bitsDePoder_ 009351  6940  3A F7 EF        	ld a, (GM_mode)
8bitsDePoder_ 009352  6943  87              	add a, a
8bitsDePoder_ 009353  6944  6F              	ld l,a
8bitsDePoder_ 009354  6945  3A 4E 74        	ld a, (BG_BITS)
8bitsDePoder_ 009356  6948  85              	add l
8bitsDePoder_ 009358  6949  32 52 69        	ld (DEL_ASIGNA+2),a
8bitsDePoder_ 009359  694C  DD 21 5D 69     	ld ix, SPR_BG_MASK -1
8bitsDePoder_ 009360  6950                  	DEL_ASIGNA
8bitsDePoder_ 009361  6950  DD 7E 00        	ld a, (ix + 0)
8bitsDePoder_ 009363  6953                  	DEL_NORMAL
8bitsDePoder_ 009365  6953  41              	ld b,c
8bitsDePoder_ 009366  6954  6F              	ld l, a
8bitsDePoder_ 009367  6955  1A              	BUC_DEL    LD a,(DE)
8bitsDePoder_ 009368  6956  A5              	and l
8bitsDePoder_ 009369  6957  12              	ld (DE), a
8bitsDePoder_ 009370  6958  13              	inc de
8bitsDePoder_ 009371  6959  10 FA           	djnz BUC_DEL
8bitsDePoder_ 009372  695B  C3 A8 6C        	Jp PNT_PAINTED
8bitsDePoder_ 009375  695E  C0              	SPR_BG_MASK  db %11000000
8bitsDePoder_ 009376  695F  CC              	db %11001100
8bitsDePoder_ 009377  6960  F0              	db %11110000
8bitsDePoder_ 009379  6961                  	if ASSEMBLING_OPTION  = 0
8bitsDePoder_ 009380  6961                  	_end_27000
8bitsDePoder_ 009381  6961                  	endif
8bitsDePoder_ 009384  6961                  	if ASSEMBLING_OPTION  = 4
8bitsDePoder_ 009386  6961                  	endif
8bitsDePoder_ 009389  6961                  	ifnot ASSEMBLING_OPTION  = 0
8bitsDePoder_ 009391  6961                  	endif
8bitsDePoder_ 009395  76F1                  	ORG 30449
8bitsDePoder_ 009396  76F1  00 00 00 00 00 ..	_SPRITE_HEIGHTS_TABLE  ds 32
8bitsDePoder_ 009398  7711                  	_BEFORE_PLAYER
make_codigo_m 000017  7711                  	_PLAYER_WYZ
player_loader 000007  7711                  	mc_wait_flyback equ   &bd19
player_loader 000010  7711                  	PLAYER
player_loader 000010  7711  F3              	DI
player_loader 000013  7712  CD A6 78        	CALL  PLAYER_OFF
player_loader 000018  7715  11 18 00        	LD  DE,24
player_loader 000019  7718  21 32 77        	LD      HL,BUFFER_DEC
player_loader 000020  771B  22 EC 7C        	LD      (CANAL_A),HL
player_loader 000022  771E  19              	ADD     HL,DE
player_loader 000023  771F  22 EE 7C        	LD      (CANAL_B),HL
player_loader 000025  7722  19              	ADD     HL,DE
player_loader 000027  7723  22 F0 7C        	LD      (CANAL_C),HL
player_loader 000029  7726  19              	ADD     HL,DE
player_loader 000031  7727  22 18 7D        	LD      (CANAL_P),HL
player_loader 000034  772A  3A 40 60        	LD A,(INS_cancion)
player_loader 000035  772D  CD C9 78        	CALL    CARGA_CANCION
player_loader 000041  7730  FB              	EI
player_loader 000045  7731  C9              	RET
player_loader 000055  7732                  	BUFFER_DEC
player_loader 000057  7732  00 00 00 00 00 ..	ds   24*4
player_loader 000068  7792                  	TABLA_SONG
player_loader 000068  7792  6F 7E           	DW      SONG_0
player_loader 000069  7794  4D 7F           	DW  SONG_1
player_loader 000070  7796  4D 7F           	DW  SONG_2
player_loader 000071  7798  4D 7F           	DW  SONG_3
player_loader 000072  779A  4D 7F           	DW  SONG_4
WYZPROPLAY47c 000011  779C                  	WYZPLAYER_INIT
WYZPROPLAY47c 000026  779C                  	INICIO
WYZPROPLAY47c 000028  779C  CD 59 78        	CALL ROUT
WYZPROPLAY47c 000029  779F  21 2D 7D        	LD HL,PSG_REG
WYZPROPLAY47c 000030  77A2  11 3D 7D        	LD DE,PSG_REG_SEC
WYZPROPLAY47c 000031  77A5  01 0E 00        	LD BC,14
WYZPROPLAY47c 000032  77A8  ED B0           	LDIR
WYZPROPLAY47c 000034  77AA  CD CE 77        	CALL REPRODUCE_SONIDO
WYZPROPLAY47c 000035  77AD  CD 0F 7A        	CALL PLAY
WYZPROPLAY47c 000040  77B0  C9              	RET
WYZPROPLAY47c 000049  77B1                  	INICIA_SONIDO
WYZPROPLAY47c 000050  77B1  21 70 7D        	LD HL, TABLA_SONIDOS
WYZPROPLAY47c 000051  77B4  CD BE 7C        	CALL EXT_WORD
WYZPROPLAY47c 000053  77B7  ED 53 2B 7D     	LD (PUNTERO_SONIDO), DE
WYZPROPLAY47c 000054  77BB  21 E2 7C        	LD HL, INTERR
WYZPROPLAY47c 000055  77BE  CB D6           	SET 2, (HL)
WYZPROPLAY47c 000060  77C0  3A 20 7D        	ld a,(SELECT_CANAL_P)
WYZPROPLAY47c 000062  77C3  21 C7 7C        	LD HL, TABLA_DATOS_CANAL_SFX
WYZPROPLAY47c 000063  77C6  CD BE 7C        	CALL EXT_WORD
WYZPROPLAY47c 000064  77C9  ED 53 4F 7D     	LD (SONIDO_REGS), DE
WYZPROPLAY47c 000066  77CD  C9              	RET
WYZPROPLAY47c 000088  77CE                  	REPRODUCE_SONIDO
WYZPROPLAY47c 000089  77CE  21 E2 7C        	LD HL, INTERR
WYZPROPLAY47c 000090  77D1  CB 56           	BIT 2,(HL)
WYZPROPLAY47c 000091  77D3  C8              	RET Z
WYZPROPLAY47c 000092  77D4  2A 4F 7D        	LD HL, (SONIDO_REGS)
WYZPROPLAY47c 000093  77D7  E5              	PUSH HL
WYZPROPLAY47c 000094  77D8  DD E1           	POP IX
WYZPROPLAY47c 000095  77DA  2A 2B 7D        	LD HL, (PUNTERO_SONIDO)
WYZPROPLAY47c 000096  77DD  CD ED 77        	CALL REPRODUCE_SONIDO_O_EFECTO
WYZPROPLAY47c 000097  77E0  B7              	OR A
WYZPROPLAY47c 000098  77E1  28 04           	JR Z, REPRODUCE_SONIDO_LIMPIA_BIT
WYZPROPLAY47c 000099  77E3  22 2B 7D        	LD (PUNTERO_SONIDO), HL
WYZPROPLAY47c 000100  77E6  C9              	RET
WYZPROPLAY47c 000102  77E7                  	REPRODUCE_SONIDO_LIMPIA_BIT
WYZPROPLAY47c 000103  77E7  21 E2 7C        	LD HL, INTERR
WYZPROPLAY47c 000104  77EA  CB 96           	RES 2, (HL)
WYZPROPLAY47c 000105  77EC  C9              	RET
WYZPROPLAY47c 000128  77ED                  	REPRODUCE_SONIDO_O_EFECTO
WYZPROPLAY47c 000129  77ED  7E              	LD A,(HL)
WYZPROPLAY47c 000130  77EE  FE FF           	CP &FF
WYZPROPLAY47c 000131  77F0  28 57           	JR Z,FIN_SONIDO
WYZPROPLAY47c 000132  77F2  DD 5E 00        	LD E, (IX+0)
WYZPROPLAY47c 000133  77F5  DD 56 01        	LD D, (IX+1)
WYZPROPLAY47c 000134  77F8  12              	LD (DE),A
WYZPROPLAY47c 000135  77F9  23              	INC HL
WYZPROPLAY47c 000136  77FA  7E              	LD A,(HL)
WYZPROPLAY47c 000137  77FB  0F              	RRCA
WYZPROPLAY47c 000138  77FC  0F              	RRCA
WYZPROPLAY47c 000139  77FD  0F              	RRCA
WYZPROPLAY47c 000140  77FE  0F              	RRCA
WYZPROPLAY47c 000141  77FF  E6 0F           	AND %00001111
WYZPROPLAY47c 000142  7801  DD 5E 02        	LD E, (IX+2)
WYZPROPLAY47c 000143  7804  DD 56 03        	LD D, (IX+3)
WYZPROPLAY47c 000144  7807  12              	LD (DE),A
WYZPROPLAY47c 000145  7808  7E              	LD A,(HL)
WYZPROPLAY47c 000146  7809  E6 0F           	AND %00001111
WYZPROPLAY47c 000147  780B  DD 5E 04        	LD E, (IX+4)
WYZPROPLAY47c 000148  780E  DD 56 05        	LD D, (IX+5)
WYZPROPLAY47c 000149  7811  12              	LD (DE),A
WYZPROPLAY47c 000151  7812  23              	INC HL
WYZPROPLAY47c 000152  7813  7E              	LD A,(HL)
WYZPROPLAY47c 000153  7814  47              	LD B,A
WYZPROPLAY47c 000154  7815  CB 7F           	BIT 7,A
WYZPROPLAY47c 000155  7817  28 16           	JR Z,NO_ENVOLVENTES_SONIDO
WYZPROPLAY47c 000156  7819  3E 12           	LD A,&12
WYZPROPLAY47c 000157  781B  12              	LD (DE),A
WYZPROPLAY47c 000158  781C  23              	INC HL
WYZPROPLAY47c 000159  781D  7E              	LD A,(HL)
WYZPROPLAY47c 000160  781E  32 48 7D        	LD (PSG_REG_SEC+11),A
WYZPROPLAY47c 000161  7821  23              	INC HL
WYZPROPLAY47c 000162  7822  7E              	LD A,(HL)
WYZPROPLAY47c 000163  7823  32 49 7D        	LD (PSG_REG_SEC+12),A
WYZPROPLAY47c 000164  7826  23              	INC HL
WYZPROPLAY47c 000165  7827  7E              	LD A,(HL)
WYZPROPLAY47c 000166  7828  FE 01           	CP 1
WYZPROPLAY47c 000167  782A  28 03           	JR Z,NO_ENVOLVENTES_SONIDO
WYZPROPLAY47c 000168  782C  32 4A 7D        	LD (PSG_REG_SEC+13),A
WYZPROPLAY47c 000170  782F                  	NO_ENVOLVENTES_SONIDO
WYZPROPLAY47c 000171  782F  78              	LD A,B
WYZPROPLAY47c 000172  7830  E6 7F           	AND &7F
WYZPROPLAY47c 000175  7832  28 08           	JR Z,NO_RUIDO
WYZPROPLAY47c 000177  7834  32 43 7D        	LD (PSG_REG_SEC+6),A
WYZPROPLAY47c 000178  7837  DD 7E 06        	LD A, (IX+6)
WYZPROPLAY47c 000180  783A  18 06           	JR SI_RUIDO
WYZPROPLAY47c 000183  783C                  	NO_RUIDO
WYZPROPLAY47c 000184  783C  AF              	XOR A
WYZPROPLAY47c 000185  783D  32 43 7D        	LD (PSG_REG_SEC+6),A
WYZPROPLAY47c 000188  7840  3E B8           	LD A,%10111000
WYZPROPLAY47c 000190  7842                  	SI_RUIDO
WYZPROPLAY47c 000191  7842  32 44 7D        	LD (PSG_REG_SEC+7),A
WYZPROPLAY47c 000192  7845  23              	INC HL
WYZPROPLAY47c 000193  7846  3E 01           	LD A, 1
WYZPROPLAY47c 000194  7848  C9              	RET
WYZPROPLAY47c 000196  7849                  	FIN_SONIDO
WYZPROPLAY47c 000197  7849  3A 4E 7D        	LD A,(ENVOLVENTE_BACK)
WYZPROPLAY47c 000198  784C  A7              	AND A
WYZPROPLAY47c 000199  784D  28 03           	JR Z,FIN_NOPLAYER
WYZPROPLAY47c 000201  784F  32 4A 7D        	LD (PSG_REG_SEC+13),A
WYZPROPLAY47c 000203  7852                  	FIN_NOPLAYER
WYZPROPLAY47c 000204  7852  3E B8           	LD A,%10111000
WYZPROPLAY47c 000205  7854  32 44 7D        	LD (PSG_REG_SEC+7),A
WYZPROPLAY47c 000206  7857  AF              	XOR A
WYZPROPLAY47c 000207  7858  C9              	RET
WYZPROPLAY47c 000210  7859                  	ROUT
WYZPROPLAY47c 000211  7859  3A 3A 7D        	LD A,(PSG_REG+13)
WYZPROPLAY47c 000212  785C  A7              	AND A
WYZPROPLAY47c 000213  785D  28 04           	JR Z,NO_BACKUP_ENVOLVENTE
WYZPROPLAY47c 000214  785F  32 4E 7D        	LD (ENVOLVENTE_BACK),A
WYZPROPLAY47c 000216  7862  AF              	XOR A
WYZPROPLAY47c 000217  7863                  	NO_BACKUP_ENVOLVENTE
WYZPROPLAY47c 000220  7863  21 3D 7D        	LD HL,PSG_REG_SEC
WYZPROPLAY47c 000221  7866                  	LOUT
WYZPROPLAY47c 000225  7866                  	CANAL_C_LIBRE
WYZPROPLAY47c 000226  7866  C3 77 78        	JP fin_no_tocar_c
WYZPROPLAY47c 000227  7869                  	begin_no_tocar_c
WYZPROPLAY47c 000228  7869  FE 04           	cp 4
WYZPROPLAY47c 000229  786B  20 04           	jr nz, no_tocar_vol_canal_c1
WYZPROPLAY47c 000230  786D  C6 02           	add 2
WYZPROPLAY47c 000231  786F  23              	inc hl
WYZPROPLAY47c 000232  7870  23              	inc hl
WYZPROPLAY47c 000237  7871                  	no_tocar_vol_canal_c1
WYZPROPLAY47c 000238  7871  FE 0A           	cp 10
WYZPROPLAY47c 000239  7873  20 02           	jr nz, fin_no_tocar_c
WYZPROPLAY47c 000240  7875  3C              	inc a
WYZPROPLAY47c 000241  7876  23              	inc hl
WYZPROPLAY47c 000242  7877                  	fin_no_tocar_c
WYZPROPLAY47c 000245  7877  CD 8F 78        	CALL WRITEPSGHL
WYZPROPLAY47c 000246  787A  3C              	INC A
WYZPROPLAY47c 000249  787B  FE 0D           	CP 13
WYZPROPLAY47c 000250  787D  20 E7           	JR NZ,LOUT
WYZPROPLAY47c 000251  787F  7E              	LD A,(HL)
WYZPROPLAY47c 000252  7880  A7              	AND A
WYZPROPLAY47c 000253  7881  C8              	RET Z
WYZPROPLAY47c 000254  7882  3E 0D           	LD A,13
WYZPROPLAY47c 000255  7884  CD 8F 78        	CALL WRITEPSGHL
WYZPROPLAY47c 000256  7887  AF              	XOR A
WYZPROPLAY47c 000257  7888  32 3A 7D        	LD (PSG_REG+13),A
WYZPROPLAY47c 000258  788B  32 4A 7D        	LD (PSG_REG_SEC+13),A
WYZPROPLAY47c 000259  788E  C9              	RET
WYZPROPLAY47c 000263  788F                  	WRITEPSGHL
WYZPROPLAY47c 000273  788F  06 F4           	LD B,&F4
WYZPROPLAY47c 000274  7891  ED 79           	OUT (C),A
WYZPROPLAY47c 000275  7893  01 C0 F6        	LD BC,&F6C0
WYZPROPLAY47c 000276  7896  ED 49           	OUT (C),C
WYZPROPLAY47c 000277  7898  ED              	DEFB &ED
WYZPROPLAY47c 000278  7899  71              	DEFB &71
WYZPROPLAY47c 000279  789A  06 F5           	LD B,&F5
WYZPROPLAY47c 000280  789C  ED A3           	OUTI
WYZPROPLAY47c 000281  789E  01 80 F6        	LD BC,&F680
WYZPROPLAY47c 000282  78A1  ED 49           	OUT (C),C
WYZPROPLAY47c 000283  78A3  ED              	DEFB &ED
WYZPROPLAY47c 000284  78A4  71              	DEFB &71
WYZPROPLAY47c 000285  78A5  C9              	RET
WYZPROPLAY47c 000288  78A6                  	PLAYER_OFF
WYZPROPLAY47c 000288  78A6  AF              	XOR A
WYZPROPLAY47c 000289  78A7  32 E2 7C        	LD (INTERR),A
WYZPROPLAY47c 000292  78AA                  	CLEAR_PSG_BUFFER
WYZPROPLAY47c 000293  78AA  21 2D 7D        	LD HL,PSG_REG
WYZPROPLAY47c 000294  78AD  11 2E 7D        	LD DE,PSG_REG+1
WYZPROPLAY47c 000295  78B0  01 0E 00        	LD BC,14
WYZPROPLAY47c 000300  78B3  77              	LD (HL),A
WYZPROPLAY47c 000301  78B4  ED B0           	LDIR
WYZPROPLAY47c 000303  78B6  3E B8           	LD A,%10111000
WYZPROPLAY47c 000304  78B8  32 34 7D        	LD (PSG_REG+7),A
WYZPROPLAY47c 000306  78BB  21 2D 7D        	LD HL,PSG_REG
WYZPROPLAY47c 000307  78BE  11 3D 7D        	LD DE,PSG_REG_SEC
WYZPROPLAY47c 000308  78C1  01 0E 00        	LD BC,14
WYZPROPLAY47c 000309  78C4  ED B0           	LDIR
WYZPROPLAY47c 000313  78C6  C3 59 78        	JP ROUT
WYZPROPLAY47c 000317  78C9                  	CARGA_CANCION
WYZPROPLAY47c 000318  78C9  21 E2 7C        	LD HL,INTERR
WYZPROPLAY47c 000319  78CC  CB CE           	SET 1,(HL)
WYZPROPLAY47c 000324  78CE  21 E3 7C        	LD HL,SONG
WYZPROPLAY47c 000325  78D1  77              	LD (HL),A
WYZPROPLAY47c 000331  78D2                  	DECODE_SONG
WYZPROPLAY47c 000331  78D2  3A E3 7C        	LD A,(SONG)
WYZPROPLAY47c 000336  78D5  21 92 77        	LD HL,TABLA_SONG
WYZPROPLAY47c 000337  78D8  CD BE 7C        	CALL EXT_WORD
WYZPROPLAY47c 000338  78DB  1A              	LD A,(DE)
WYZPROPLAY47c 000340  78DC  32 E4 7C        	LD (TEMPO),A
WYZPROPLAY47c 000341  78DF  3D              	DEC A
WYZPROPLAY47c 000342  78E0  32 E5 7C        	LD (TTEMPO),A
WYZPROPLAY47c 000349  78E3  13              	inc de
WYZPROPLAY47c 000351  78E4  1A              	LD A,(de)
WYZPROPLAY47c 000352  78E5  CB 47           	BIT 0,A
WYZPROPLAY47c 000353  78E7  28 05           	JR Z,NPTJP0
WYZPROPLAY47c 000355  78E9  21 E2 7C        	LD HL,INTERR
WYZPROPLAY47c 000356  78EC  CB E6           	SET 4,(HL)
WYZPROPLAY47c 000360  78EE                  	NPTJP0
WYZPROPLAY47c 000361  78EE  E6 06           	AND %00000110
WYZPROPLAY47c 000362  78F0  1F              	RRA
WYZPROPLAY47c 000364  78F1  32 20 7D        	LD (SELECT_CANAL_P),A
WYZPROPLAY47c 000368  78F4  D5              	PUSH DE
WYZPROPLAY47c 000369  78F5  21 C7 7C        	LD HL, TABLA_DATOS_CANAL_SFX
WYZPROPLAY47c 000370  78F8  CD BE 7C        	CALL EXT_WORD
WYZPROPLAY47c 000371  78FB  ED 53 4F 7D     	LD (SONIDO_REGS), DE
WYZPROPLAY47c 000373  78FF  E1              	POP HL
WYZPROPLAY47c 000375  7900  23              	INC HL
WYZPROPLAY47c 000376  7901  23              	INC HL
WYZPROPLAY47c 000377  7902  23              	INC HL
WYZPROPLAY47c 000382  7903  E5              	PUSH HL
WYZPROPLAY47c 000383  7904  DD E1           	POP IX
WYZPROPLAY47c 000385  7906  11 08 00        	LD DE,&0008
WYZPROPLAY47c 000386  7909  19              	ADD HL,DE
WYZPROPLAY47c 000389  790A  22 FE 7C        	LD (PUNTERO_P_DECA),HL
WYZPROPLAY47c 000390  790D  DD 5E 00        	LD E,(IX+0)
WYZPROPLAY47c 000391  7910  DD 56 01        	LD D,(IX+1)
WYZPROPLAY47c 000392  7913  19              	ADD HL,DE
WYZPROPLAY47c 000393  7914  22 10 7D        	LD (PUNTERO_L_DECA),HL
WYZPROPLAY47c 000395  7917  CD 8C 79        	CALL BGICMODBC1
WYZPROPLAY47c 000396  791A  22 00 7D        	LD (PUNTERO_P_DECB),HL
WYZPROPLAY47c 000397  791D  DD 5E 02        	LD E,(IX+2)
WYZPROPLAY47c 000398  7920  DD 56 03        	LD D,(IX+3)
WYZPROPLAY47c 000399  7923  19              	ADD HL,DE
WYZPROPLAY47c 000400  7924  22 12 7D        	LD (PUNTERO_L_DECB),HL
WYZPROPLAY47c 000402  7927  CD 8C 79        	CALL BGICMODBC1
WYZPROPLAY47c 000403  792A  22 02 7D        	LD (PUNTERO_P_DECC),HL
WYZPROPLAY47c 000404  792D  DD 5E 04        	LD E,(IX+4)
WYZPROPLAY47c 000405  7930  DD 56 05        	LD D,(IX+5)
WYZPROPLAY47c 000406  7933  19              	ADD HL,DE
WYZPROPLAY47c 000407  7934  22 14 7D        	LD (PUNTERO_L_DECC),HL
WYZPROPLAY47c 000409  7937  CD 8C 79        	CALL BGICMODBC1
WYZPROPLAY47c 000410  793A  22 1A 7D        	LD (PUNTERO_P_DECP),HL
WYZPROPLAY47c 000411  793D  DD 5E 06        	LD E,(IX+6)
WYZPROPLAY47c 000412  7940  DD 56 07        	LD D,(IX+7)
WYZPROPLAY47c 000413  7943  19              	ADD HL,DE
WYZPROPLAY47c 000414  7944  22 1E 7D        	LD (PUNTERO_L_DECP),HL
WYZPROPLAY47c 000420  7947                  	INIT_DECODER
WYZPROPLAY47c 000421  7947  ED 5B EC 7C     	LD DE,(CANAL_A)
WYZPROPLAY47c 000422  794B  ED 53 E6 7C     	LD (PUNTERO_A),DE
WYZPROPLAY47c 000423  794F  2A FE 7C        	LD HL,(PUNTERO_P_DECA)
WYZPROPLAY47c 000424  7952  CD A6 79        	CALL DECODE_CANAL
WYZPROPLAY47c 000425  7955  22 04 7D        	LD (PUNTERO_DECA),HL
WYZPROPLAY47c 000427  7958  ED 5B EE 7C     	LD DE,(CANAL_B)
WYZPROPLAY47c 000428  795C  ED 53 E8 7C     	LD (PUNTERO_B),DE
WYZPROPLAY47c 000429  7960  2A 00 7D        	LD HL,(PUNTERO_P_DECB)
WYZPROPLAY47c 000430  7963  CD A6 79        	CALL DECODE_CANAL
WYZPROPLAY47c 000431  7966  22 06 7D        	LD (PUNTERO_DECB),HL
WYZPROPLAY47c 000433  7969  ED 5B F0 7C     	LD DE,(CANAL_C)
WYZPROPLAY47c 000434  796D  ED 53 EA 7C     	LD (PUNTERO_C),DE
WYZPROPLAY47c 000435  7971  2A 02 7D        	LD HL,(PUNTERO_P_DECC)
WYZPROPLAY47c 000436  7974  CD A6 79        	CALL DECODE_CANAL
WYZPROPLAY47c 000437  7977  22 08 7D        	LD (PUNTERO_DECC),HL
WYZPROPLAY47c 000439  797A  ED 5B 18 7D     	LD DE,(CANAL_P)
WYZPROPLAY47c 000440  797E  ED 53 16 7D     	LD (PUNTERO_P),DE
WYZPROPLAY47c 000441  7982  2A 1A 7D        	LD HL,(PUNTERO_P_DECP)
WYZPROPLAY47c 000442  7985  CD A6 79        	CALL DECODE_CANAL
WYZPROPLAY47c 000443  7988  22 1C 7D        	LD (PUNTERO_DECP),HL
WYZPROPLAY47c 000445  798B  C9              	RET
WYZPROPLAY47c 000451  798C                  	BGICMODBC1
WYZPROPLAY47c 000451  798C  1E 3F           	LD E,&3F
WYZPROPLAY47c 000452  798E                  	BGICMODBC2
WYZPROPLAY47c 000452  798E  AF              	XOR A
WYZPROPLAY47c 000453  798F  06 FF           	LD B,&FF
WYZPROPLAY47c 000454  7991  ED B1           	CPIR
WYZPROPLAY47c 000456  7993  2B              	DEC HL
WYZPROPLAY47c 000457  7994  2B              	DEC HL
WYZPROPLAY47c 000458  7995  7B              	LD A,E
WYZPROPLAY47c 000459  7996  BE              	CP (HL)
WYZPROPLAY47c 000460  7997  23              	INC HL
WYZPROPLAY47c 000461  7998  23              	INC HL
WYZPROPLAY47c 000462  7999  28 F3           	JR Z,BGICMODBC2
WYZPROPLAY47c 000464  799B  2B              	DEC HL
WYZPROPLAY47c 000465  799C  2B              	DEC HL
WYZPROPLAY47c 000466  799D  2B              	DEC HL
WYZPROPLAY47c 000467  799E  7B              	LD A,E
WYZPROPLAY47c 000468  799F  BE              	CP (HL)
WYZPROPLAY47c 000469  79A0  23              	INC HL
WYZPROPLAY47c 000470  79A1  23              	INC HL
WYZPROPLAY47c 000471  79A2  23              	INC HL
WYZPROPLAY47c 000472  79A3  28 E9           	JR Z,BGICMODBC2
WYZPROPLAY47c 000473  79A5  C9              	RET
WYZPROPLAY47c 000483  79A6                  	DECODE_CANAL
WYZPROPLAY47c 000484  79A6  7E              	LD A,(HL)
WYZPROPLAY47c 000485  79A7  A7              	AND A
WYZPROPLAY47c 000486  79A8  28 4D           	JR Z,FIN_DEC_CANAL
WYZPROPLAY47c 000487  79AA  CD FC 79        	CALL GETLEN
WYZPROPLAY47c 000489  79AD  FE 01           	CP %00000001
WYZPROPLAY47c 000490  79AF  20 04           	JR NZ,NO_SILENCIO
WYZPROPLAY47c 000491  79B1  F6 40           	OR &40
WYZPROPLAY47c 000492  79B3  18 37           	JR NO_MODIFICA
WYZPROPLAY47c 000494  79B5                  	NO_SILENCIO
WYZPROPLAY47c 000494  79B5  FE 3E           	CP %00111110
WYZPROPLAY47c 000495  79B7  20 06           	JR NZ,NO_PUNTILLO
WYZPROPLAY47c 000496  79B9  B7              	OR A
WYZPROPLAY47c 000497  79BA  CB 08           	RRC B
WYZPROPLAY47c 000498  79BC  AF              	XOR A
WYZPROPLAY47c 000499  79BD  18 2D           	JR NO_MODIFICA
WYZPROPLAY47c 000501  79BF                  	NO_PUNTILLO
WYZPROPLAY47c 000501  79BF  FE 3F           	CP %00111111
WYZPROPLAY47c 000502  79C1  20 29           	JR NZ,NO_MODIFICA
WYZPROPLAY47c 000503  79C3  CB 40           	BIT 0,B
WYZPROPLAY47c 000504  79C5  28 0B           	JR Z,NO_INSTRUMENTO
WYZPROPLAY47c 000505  79C7  3E C1           	LD A,%11000001
WYZPROPLAY47c 000506  79C9  12              	LD (DE),A
WYZPROPLAY47c 000507  79CA  23              	INC HL
WYZPROPLAY47c 000508  79CB  13              	INC DE
WYZPROPLAY47c 000518  79CC  ED A0           	LDI
WYZPROPLAY47c 000523  79CE  ED A0           	LDI
WYZPROPLAY47c 000528  79D0  18 D4           	JR DECODE_CANAL
WYZPROPLAY47c 000530  79D2                  	NO_INSTRUMENTO
WYZPROPLAY47c 000530  79D2  CB 50           	BIT 2,B
WYZPROPLAY47c 000531  79D4  28 09           	JR Z,NO_ENVOLVENTE
WYZPROPLAY47c 000532  79D6  3E C4           	LD A,%11000100
WYZPROPLAY47c 000533  79D8  12              	LD (DE),A
WYZPROPLAY47c 000534  79D9  13              	INC DE
WYZPROPLAY47c 000535  79DA  23              	INC HL
WYZPROPLAY47c 000536  79DB  ED A0           	LDI
WYZPROPLAY47c 000541  79DD  18 C7           	JR DECODE_CANAL
WYZPROPLAY47c 000543  79DF                  	NO_ENVOLVENTE
WYZPROPLAY47c 000543  79DF  CB 48           	BIT 1,B
WYZPROPLAY47c 000544  79E1  28 09           	JR Z,NO_MODIFICA
WYZPROPLAY47c 000545  79E3  3E C2           	LD A,%11000010
WYZPROPLAY47c 000546  79E5  12              	LD (DE),A
WYZPROPLAY47c 000547  79E6  23              	INC HL
WYZPROPLAY47c 000548  79E7  13              	INC DE
WYZPROPLAY47c 000549  79E8  7E              	LD A,(HL)
WYZPROPLAY47c 000550  79E9  CD FC 79        	CALL GETLEN
WYZPROPLAY47c 000552  79EC                  	NO_MODIFICA
WYZPROPLAY47c 000552  79EC  12              	LD (DE),A
WYZPROPLAY47c 000553  79ED  13              	INC DE
WYZPROPLAY47c 000554  79EE  AF              	XOR A
WYZPROPLAY47c 000555  79EF  10 FB           	DJNZ NO_MODIFICA
WYZPROPLAY47c 000556  79F1  F6 81           	or &81
WYZPROPLAY47c 000559  79F3  12              	LD (DE),A
WYZPROPLAY47c 000560  79F4  13              	INC DE
WYZPROPLAY47c 000561  79F5  23              	INC HL
WYZPROPLAY47c 000562  79F6  C9              	RET
WYZPROPLAY47c 000564  79F7                  	FIN_DEC_CANAL
WYZPROPLAY47c 000564  79F7  CB FF           	SET 7,A
WYZPROPLAY47c 000565  79F9  12              	LD (DE),A
WYZPROPLAY47c 000566  79FA  13              	INC DE
WYZPROPLAY47c 000567  79FB  C9              	RET
WYZPROPLAY47c 000569  79FC                  	GETLEN
WYZPROPLAY47c 000569  79FC  47              	LD B,A
WYZPROPLAY47c 000570  79FD  E6 3F           	AND %00111111
WYZPROPLAY47c 000571  79FF  F5              	PUSH AF
WYZPROPLAY47c 000572  7A00  78              	LD A,B
WYZPROPLAY47c 000573  7A01  E6 C0           	AND %11000000
WYZPROPLAY47c 000574  7A03  07              	RLCA
WYZPROPLAY47c 000575  7A04  07              	RLCA
WYZPROPLAY47c 000576  7A05  3C              	INC A
WYZPROPLAY47c 000577  7A06  47              	LD B,A
WYZPROPLAY47c 000578  7A07  3E 80           	LD A,%10000000
WYZPROPLAY47c 000579  7A09                  	DCBC0
WYZPROPLAY47c 000579  7A09  07              	RLCA
WYZPROPLAY47c 000580  7A0A  10 FD           	DJNZ DCBC0
WYZPROPLAY47c 000581  7A0C  47              	LD B,A
WYZPROPLAY47c 000582  7A0D  F1              	POP AF
WYZPROPLAY47c 000583  7A0E  C9              	RET
WYZPROPLAY47c 000587  7A0F                  	PLAY
WYZPROPLAY47c 000588  7A0F  21 E2 7C        	LD HL,INTERR
WYZPROPLAY47c 000589  7A12  CB 4E           	BIT 1,(HL)
WYZPROPLAY47c 000591  7A14  C8              	RET Z
WYZPROPLAY47c 000593  7A15  21 E5 7C        	LD HL,TTEMPO
WYZPROPLAY47c 000594  7A18  34              	INC (HL)
WYZPROPLAY47c 000595  7A19  3A E4 7C        	LD A,(TEMPO)
WYZPROPLAY47c 000596  7A1C  BE              	CP (HL)
WYZPROPLAY47c 000597  7A1D  20 33           	JR NZ,PAUTAS
WYZPROPLAY47c 000598  7A1F  36 00           	LD (HL),0
WYZPROPLAY47c 000601  7A21  FD 21 2D 7D     	LD IY,PSG_REG
WYZPROPLAY47c 000602  7A25  DD 21 E6 7C     	LD IX,PUNTERO_A
WYZPROPLAY47c 000603  7A29  01 35 7D        	LD BC,PSG_REG+8
WYZPROPLAY47c 000604  7A2C  CD 7C 7A        	CALL LOCALIZA_NOTA
WYZPROPLAY47c 000606  7A2F  FD 21 2F 7D     	LD IY,PSG_REG+2
WYZPROPLAY47c 000607  7A33  DD 21 E8 7C     	LD IX,PUNTERO_B
WYZPROPLAY47c 000608  7A37  01 36 7D        	LD BC,PSG_REG+9
WYZPROPLAY47c 000609  7A3A  CD 7C 7A        	CALL LOCALIZA_NOTA
WYZPROPLAY47c 000611  7A3D  FD 21 31 7D     	LD IY,PSG_REG+4
WYZPROPLAY47c 000612  7A41  DD 21 EA 7C     	LD IX,PUNTERO_C
WYZPROPLAY47c 000613  7A45  01 37 7D        	LD BC,PSG_REG+10
WYZPROPLAY47c 000614  7A48  CD 7C 7A        	CALL LOCALIZA_NOTA
WYZPROPLAY47c 000619  7A4B  DD 21 16 7D     	LD IX,PUNTERO_P
WYZPROPLAY47c 000620  7A4F  CD 77 7B        	CALL LOCALIZA_EFECTO
WYZPROPLAY47c 000626  7A52                  	PAUTAS
WYZPROPLAY47c 000627  7A52  FD 21 2D 7D     	LD IY,PSG_REG+0
WYZPROPLAY47c 000628  7A56  DD 21 F2 7C     	LD IX,PUNTERO_P_A
WYZPROPLAY47c 000629  7A5A  21 35 7D        	LD HL,PSG_REG+8
WYZPROPLAY47c 000630  7A5D  CD BE 7B        	CALL PAUTA
WYZPROPLAY47c 000631  7A60  FD 21 2F 7D     	LD IY,PSG_REG+2
WYZPROPLAY47c 000632  7A64  DD 21 F4 7C     	LD IX,PUNTERO_P_B
WYZPROPLAY47c 000633  7A68  21 36 7D        	LD HL,PSG_REG+9
WYZPROPLAY47c 000634  7A6B  CD BE 7B        	CALL PAUTA
WYZPROPLAY47c 000635  7A6E  FD 21 31 7D     	LD IY,PSG_REG+4
WYZPROPLAY47c 000636  7A72  DD 21 F6 7C     	LD IX,PUNTERO_P_C
WYZPROPLAY47c 000637  7A76  21 37 7D        	LD HL,PSG_REG+10
WYZPROPLAY47c 000638  7A79  C3 BE 7B        	JP PAUTA
WYZPROPLAY47c 000653  7A7C                  	LOCALIZA_NOTA
WYZPROPLAY47c 000654  7A7C  DD 6E 00        	LD L,(IX+PUNTERO_A-PUNTERO_A)
WYZPROPLAY47c 000655  7A7F  DD 66 01        	LD H,(IX+PUNTERO_A-PUNTERO_A+1)
WYZPROPLAY47c 000656  7A82  7E              	LD A,(HL)
WYZPROPLAY47c 000657  7A83  E6 C0           	AND %11000000
WYZPROPLAY47c 000658  7A85  FE C0           	CP %11000000
WYZPROPLAY47c 000659  7A87  20 6A           	JR NZ,LNJP0
WYZPROPLAY47c 000663  7A89                  	COMANDOS
WYZPROPLAY47c 000664  7A89  7E              	LD A,(HL)
WYZPROPLAY47c 000665  7A8A  CB 47           	BIT 0,A
WYZPROPLAY47c 000666  7A8C  28 40           	JR Z,COM_EFECTO
WYZPROPLAY47c 000668  7A8E  23              	INC HL
WYZPROPLAY47c 000669  7A8F  7E              	LD A,(HL)
WYZPROPLAY47c 000670  7A90  23              	INC HL
WYZPROPLAY47c 000671  7A91  5E              	LD E,(HL)
WYZPROPLAY47c 000673  7A92  E5              	PUSH HL
WYZPROPLAY47c 000674  7A93  21 E4 7C        	LD HL,TEMPO
WYZPROPLAY47c 000675  7A96  CB 6B           	BIT 5,E
WYZPROPLAY47c 000676  7A98  28 01           	JR Z,NO_DEC_TEMPO
WYZPROPLAY47c 000677  7A9A  35              	DEC (HL)
WYZPROPLAY47c 000678  7A9B                  	NO_DEC_TEMPO
WYZPROPLAY47c 000679  7A9B  CB 73           	BIT 6,E
WYZPROPLAY47c 000680  7A9D  28 01           	JR Z,NO_INC_TEMPO
WYZPROPLAY47c 000681  7A9F  34              	INC (HL)
WYZPROPLAY47c 000682  7AA0                  	NO_INC_TEMPO
WYZPROPLAY47c 000683  7AA0  CB AB           	RES 5,E
WYZPROPLAY47c 000684  7AA2  CB B3           	RES 6,E
WYZPROPLAY47c 000685  7AA4  E1              	POP HL
WYZPROPLAY47c 000687  7AA5  DD 73 25        	LD (IX+VOL_INST_A-PUNTERO_A),E
WYZPROPLAY47c 000688  7AA8  23              	INC HL
WYZPROPLAY47c 000689  7AA9  DD 75 00        	LD (IX+PUNTERO_A-PUNTERO_A),L
WYZPROPLAY47c 000690  7AAC  DD 74 01        	LD (IX+PUNTERO_A-PUNTERO_A+1),H
WYZPROPLAY47c 000691  7AAF  21 64 7D        	LD HL,TABLA_PAUTAS
WYZPROPLAY47c 000693  7AB2  CD BE 7C        	CALL EXT_WORD
WYZPROPLAY47c 000694  7AB5  DD 73 12        	LD (IX+PUNTERO_P_A0-PUNTERO_A),E
WYZPROPLAY47c 000695  7AB8  DD 72 13        	LD (IX+PUNTERO_P_A0-PUNTERO_A+1),D
WYZPROPLAY47c 000696  7ABB  DD 73 0C        	LD (IX+PUNTERO_P_A-PUNTERO_A),E
WYZPROPLAY47c 000697  7ABE  DD 72 0D        	LD (IX+PUNTERO_P_A-PUNTERO_A+1),D
WYZPROPLAY47c 000703  7AC1  69              	LD L,C
WYZPROPLAY47c 000704  7AC2  60              	LD H,B
WYZPROPLAY47c 000705  7AC3  CB A6           	RES 4,(HL)
WYZPROPLAY47c 000706  7AC5  AF              	XOR A
WYZPROPLAY47c 000707  7AC6  32 4A 7D        	LD (PSG_REG_SEC+13),A
WYZPROPLAY47c 000708  7AC9  32 3A 7D        	LD (PSG_REG+13),A
WYZPROPLAY47c 000710  7ACC  18 AE           	JR LOCALIZA_NOTA
WYZPROPLAY47c 000712  7ACE                  	COM_EFECTO
WYZPROPLAY47c 000713  7ACE  CB 4F           	BIT 1,A
WYZPROPLAY47c 000714  7AD0  28 0C           	JR Z,COM_ENVOLVENTE
WYZPROPLAY47c 000716  7AD2  23              	INC HL
WYZPROPLAY47c 000717  7AD3  7E              	LD A,(HL)
WYZPROPLAY47c 000718  7AD4  23              	INC HL
WYZPROPLAY47c 000719  7AD5  DD 75 00        	LD (IX+PUNTERO_A-PUNTERO_A),L
WYZPROPLAY47c 000720  7AD8  DD 74 01        	LD (IX+PUNTERO_A-PUNTERO_A+1),H
WYZPROPLAY47c 000723  7ADB  C3 B1 77        	JP INICIA_SONIDO
WYZPROPLAY47c 000727  7ADE                  	COM_ENVOLVENTE
WYZPROPLAY47c 000728  7ADE  CB 57           	BIT 2,A
WYZPROPLAY47c 000729  7AE0  C8              	RET Z
WYZPROPLAY47c 000731  7AE1  23              	INC HL
WYZPROPLAY47c 000732  7AE2  7E              	LD A,(HL)
WYZPROPLAY47c 000733  7AE3  32 4D 7D        	LD (ENVOLVENTE),A
WYZPROPLAY47c 000734  7AE6  23              	INC HL
WYZPROPLAY47c 000735  7AE7  DD 75 00        	LD (IX+PUNTERO_A-PUNTERO_A),L
WYZPROPLAY47c 000736  7AEA  DD 74 01        	LD (IX+PUNTERO_A-PUNTERO_A+1),H
WYZPROPLAY47c 000737  7AED  69              	LD L,C
WYZPROPLAY47c 000738  7AEE  60              	LD H,B
WYZPROPLAY47c 000739  7AEF  36 10           	LD (HL),%00010000
WYZPROPLAY47c 000740  7AF1  18 89           	JR LOCALIZA_NOTA
WYZPROPLAY47c 000743  7AF3                  	LNJP0
WYZPROPLAY47c 000744  7AF3  7E              	LD A,(HL)
WYZPROPLAY47c 000745  7AF4  23              	INC HL
WYZPROPLAY47c 000746  7AF5  CB 7F           	BIT 7,A
WYZPROPLAY47c 000747  7AF7  28 3D           	JR Z,NO_FIN_CANAL_A
WYZPROPLAY47c 000748  7AF9  CB 47           	BIT 0,A
WYZPROPLAY47c 000749  7AFB  28 20           	JR Z,FIN_CANAL_A
WYZPROPLAY47c 000751  7AFD                  	FIN_NOTA_A
WYZPROPLAY47c 000752  7AFD  DD 5E 06        	LD E,(IX+CANAL_A-PUNTERO_A)
WYZPROPLAY47c 000753  7B00  DD 56 07        	LD D,(IX+CANAL_A-PUNTERO_A+1)
WYZPROPLAY47c 000754  7B03  DD 73 00        	LD (IX+PUNTERO_A-PUNTERO_A),E
WYZPROPLAY47c 000755  7B06  DD 72 01        	LD (IX+PUNTERO_A-PUNTERO_A+1),D
WYZPROPLAY47c 000756  7B09  DD 6E 1E        	LD L,(IX+PUNTERO_DECA-PUNTERO_A)
WYZPROPLAY47c 000757  7B0C  DD 66 1F        	LD H,(IX+PUNTERO_DECA-PUNTERO_A+1)
WYZPROPLAY47c 000758  7B0F  C5              	PUSH BC
WYZPROPLAY47c 000759  7B10  CD A6 79        	CALL DECODE_CANAL
WYZPROPLAY47c 000760  7B13  C1              	POP BC
WYZPROPLAY47c 000761  7B14  DD 75 1E        	LD (IX+PUNTERO_DECA-PUNTERO_A),L
WYZPROPLAY47c 000762  7B17  DD 74 1F        	LD (IX+PUNTERO_DECA-PUNTERO_A+1),H
WYZPROPLAY47c 000763  7B1A  C3 7C 7A        	JP LOCALIZA_NOTA
WYZPROPLAY47c 000765  7B1D                  	FIN_CANAL_A
WYZPROPLAY47c 000766  7B1D  21 E2 7C        	LD HL,INTERR
WYZPROPLAY47c 000767  7B20  CB 66           	BIT 4,(HL)
WYZPROPLAY47c 000768  7B22  20 04           	JR NZ,FCA_CONT
WYZPROPLAY47c 000769  7B24  F1              	POP AF
WYZPROPLAY47c 000770  7B25  C3 A6 78        	JP PLAYER_OFF
WYZPROPLAY47c 000773  7B28                  	FCA_CONT
WYZPROPLAY47c 000774  7B28  DD 6E 2A        	LD L,(IX+PUNTERO_L_DECA-PUNTERO_A)
WYZPROPLAY47c 000775  7B2B  DD 66 2B        	LD H,(IX+PUNTERO_L_DECA-PUNTERO_A+1)
WYZPROPLAY47c 000776  7B2E  DD 75 1E        	LD (IX+PUNTERO_DECA-PUNTERO_A),L
WYZPROPLAY47c 000777  7B31  DD 74 1F        	LD (IX+PUNTERO_DECA-PUNTERO_A+1),H
WYZPROPLAY47c 000778  7B34  18 C7           	JR FIN_NOTA_A
WYZPROPLAY47c 000780  7B36                  	NO_FIN_CANAL_A
WYZPROPLAY47c 000781  7B36  DD 75 00        	LD (IX+PUNTERO_A-PUNTERO_A),L
WYZPROPLAY47c 000782  7B39  DD 74 01        	LD (IX+PUNTERO_A-PUNTERO_A+1),H
WYZPROPLAY47c 000783  7B3C  A7              	AND A
WYZPROPLAY47c 000784  7B3D  28 37           	JR Z,FIN_RUTINA
WYZPROPLAY47c 000785  7B3F  CB 77           	BIT 6,A
WYZPROPLAY47c 000786  7B41  28 21           	JR Z,NO_SILENCIO_A
WYZPROPLAY47c 000787  7B43  0A              	LD A,(BC)
WYZPROPLAY47c 000788  7B44  E6 10           	AND %00010000
WYZPROPLAY47c 000789  7B46  20 09           	JR NZ,SILENCIO_ENVOLVENTE
WYZPROPLAY47c 000791  7B48  AF              	XOR A
WYZPROPLAY47c 000792  7B49  02              	LD (BC),A
WYZPROPLAY47c 000793  7B4A  FD 77 00        	LD (IY+0),A
WYZPROPLAY47c 000794  7B4D  FD 77 01        	LD (IY+1),A
WYZPROPLAY47c 000795  7B50  C9              	RET
WYZPROPLAY47c 000797  7B51                  	SILENCIO_ENVOLVENTE
WYZPROPLAY47c 000798  7B51  3E FF           	LD A,&FF
WYZPROPLAY47c 000799  7B53  32 38 7D        	LD (PSG_REG+11),A
WYZPROPLAY47c 000800  7B56  32 39 7D        	LD (PSG_REG+12),A
WYZPROPLAY47c 000801  7B59  AF              	XOR A
WYZPROPLAY47c 000802  7B5A  32 3A 7D        	LD (PSG_REG+13),A
WYZPROPLAY47c 000803  7B5D  FD 77 00        	LD (IY+0),A
WYZPROPLAY47c 000804  7B60  FD 77 01        	LD (IY+1),A
WYZPROPLAY47c 000805  7B63  C9              	RET
WYZPROPLAY47c 000807  7B64                  	NO_SILENCIO_A
WYZPROPLAY47c 000808  7B64  DD 77 24        	LD (IX+REG_NOTA_A-PUNTERO_A),A
WYZPROPLAY47c 000809  7B67  CD 5E 7C        	CALL NOTA
WYZPROPLAY47c 000810  7B6A  DD 6E 12        	LD L,(IX+PUNTERO_P_A0-PUNTERO_A)
WYZPROPLAY47c 000811  7B6D  DD 66 13        	LD H,(IX+PUNTERO_P_A0-PUNTERO_A+1)
WYZPROPLAY47c 000812  7B70  DD 75 0C        	LD (IX+PUNTERO_P_A-PUNTERO_A),L
WYZPROPLAY47c 000813  7B73  DD 74 0D        	LD (IX+PUNTERO_P_A-PUNTERO_A+1),H
WYZPROPLAY47c 000814  7B76                  	FIN_RUTINA
WYZPROPLAY47c 000815  7B76  C9              	RET
WYZPROPLAY47c 000821  7B77                  	LOCALIZA_EFECTO
WYZPROPLAY47c 000822  7B77  DD 6E 00        	LD L,(IX+0)
WYZPROPLAY47c 000823  7B7A  DD 66 01        	LD H,(IX+1)
WYZPROPLAY47c 000824  7B7D  7E              	LD A,(HL)
WYZPROPLAY47c 000825  7B7E  FE C2           	CP %11000010
WYZPROPLAY47c 000826  7B80  20 0C           	JR NZ,LEJP0
WYZPROPLAY47c 000828  7B82  23              	INC HL
WYZPROPLAY47c 000829  7B83  7E              	LD A,(HL)
WYZPROPLAY47c 000830  7B84  23              	INC HL
WYZPROPLAY47c 000831  7B85  DD 75 00        	LD (IX+00),L
WYZPROPLAY47c 000832  7B88  DD 74 01        	LD (IX+01),H
WYZPROPLAY47c 000834  7B8B  C3 B1 77        	JP INICIA_SONIDO
WYZPROPLAY47c 000840  7B8E                  	LEJP0
WYZPROPLAY47c 000841  7B8E  23              	INC HL
WYZPROPLAY47c 000842  7B8F  CB 7F           	BIT 7,A
WYZPROPLAY47c 000843  7B91  28 24           	JR Z,NO_FIN_CANAL_P
WYZPROPLAY47c 000844  7B93  CB 47           	BIT 0,A
WYZPROPLAY47c 000845  7B95  28 18           	JR Z,FIN_CANAL_P
WYZPROPLAY47c 000846  7B97                  	FIN_NOTA_P
WYZPROPLAY47c 000847  7B97  ED 5B 18 7D     	LD DE,(CANAL_P)
WYZPROPLAY47c 000848  7B9B  DD 73 00        	LD (IX+0),E
WYZPROPLAY47c 000849  7B9E  DD 72 01        	LD (IX+1),D
WYZPROPLAY47c 000850  7BA1  2A 1C 7D        	LD HL,(PUNTERO_DECP)
WYZPROPLAY47c 000851  7BA4  C5              	PUSH BC
WYZPROPLAY47c 000852  7BA5  CD A6 79        	CALL DECODE_CANAL
WYZPROPLAY47c 000853  7BA8  C1              	POP BC
WYZPROPLAY47c 000854  7BA9  22 1C 7D        	LD (PUNTERO_DECP),HL
WYZPROPLAY47c 000855  7BAC  C3 77 7B        	JP LOCALIZA_EFECTO
WYZPROPLAY47c 000857  7BAF                  	FIN_CANAL_P
WYZPROPLAY47c 000858  7BAF  2A 1E 7D        	LD HL,(PUNTERO_L_DECP)
WYZPROPLAY47c 000859  7BB2  22 1C 7D        	LD (PUNTERO_DECP),HL
WYZPROPLAY47c 000860  7BB5  18 E0           	JR FIN_NOTA_P
WYZPROPLAY47c 000862  7BB7                  	NO_FIN_CANAL_P
WYZPROPLAY47c 000863  7BB7  DD 75 00        	LD (IX+0),L
WYZPROPLAY47c 000864  7BBA  DD 74 01        	LD (IX+1),H
WYZPROPLAY47c 000865  7BBD  C9              	RET
WYZPROPLAY47c 000876  7BBE                  	PAUTA
WYZPROPLAY47c 000877  7BBE  CB 66           	BIT 4,(HL)
WYZPROPLAY47c 000878  7BC0  C0              	RET NZ
WYZPROPLAY47c 000880  7BC1  FD 7E 00        	LD A,(IY+0)
WYZPROPLAY47c 000881  7BC4  FD 46 01        	LD B,(IY+1)
WYZPROPLAY47c 000882  7BC7  B0              	OR B
WYZPROPLAY47c 000883  7BC8  C8              	RET Z
WYZPROPLAY47c 000886  7BC9  E5              	PUSH HL
WYZPROPLAY47c 000888  7BCA                  	PCAJP4
WYZPROPLAY47c 000889  7BCA  DD 6E 00        	LD L,(IX+0)
WYZPROPLAY47c 000890  7BCD  DD 66 01        	LD H,(IX+1)
WYZPROPLAY47c 000891  7BD0  7E              	LD A,(HL)
WYZPROPLAY47c 000893  7BD1  CB 7F           	BIT 7,A
WYZPROPLAY47c 000894  7BD3  28 09           	JR Z,PCAJP0
WYZPROPLAY47c 000895  7BD5  E6 1F           	AND %00011111
WYZPROPLAY47c 000896  7BD7  07              	RLCA
WYZPROPLAY47c 000897  7BD8  16 00           	LD D,0
WYZPROPLAY47c 000898  7BDA  5F              	LD E,A
WYZPROPLAY47c 000899  7BDB  ED 52           	SBC HL,DE
WYZPROPLAY47c 000900  7BDD  7E              	LD A,(HL)
WYZPROPLAY47c 000902  7BDE                  	PCAJP0
WYZPROPLAY47c 000903  7BDE  CB 77           	BIT 6,A
WYZPROPLAY47c 000904  7BE0  28 13           	JR Z,PCAJP1
WYZPROPLAY47c 000905  7BE2  FD 5E 00        	LD E,(IY+0)
WYZPROPLAY47c 000906  7BE5  FD 56 01        	LD D,(IY+1)
WYZPROPLAY47c 000908  7BE8  A7              	AND A
WYZPROPLAY47c 000909  7BE9  CB 0A           	RRC D
WYZPROPLAY47c 000910  7BEB  CB 1B           	RR E
WYZPROPLAY47c 000911  7BED  FD 73 00        	LD (IY+0),E
WYZPROPLAY47c 000912  7BF0  FD 72 01        	LD (IY+1),D
WYZPROPLAY47c 000913  7BF3  18 15           	JR PCAJP2
WYZPROPLAY47c 000915  7BF5                  	PCAJP1
WYZPROPLAY47c 000916  7BF5  CB 6F           	BIT 5,A
WYZPROPLAY47c 000917  7BF7  28 11           	JR Z,PCAJP2
WYZPROPLAY47c 000918  7BF9  FD 5E 00        	LD E,(IY+0)
WYZPROPLAY47c 000919  7BFC  FD 56 01        	LD D,(IY+1)
WYZPROPLAY47c 000921  7BFF  A7              	AND A
WYZPROPLAY47c 000922  7C00  CB 03           	RLC E
WYZPROPLAY47c 000923  7C02  CB 12           	RL D
WYZPROPLAY47c 000924  7C04  FD 73 00        	LD (IY+0),E
WYZPROPLAY47c 000925  7C07  FD 72 01        	LD (IY+1),D
WYZPROPLAY47c 000930  7C0A                  	PCAJP2
WYZPROPLAY47c 000931  7C0A  7E              	LD A,(HL)
WYZPROPLAY47c 000932  7C0B  CB 67           	BIT 4,A
WYZPROPLAY47c 000933  7C0D  20 2D           	JR NZ,PCAJP6
WYZPROPLAY47c 000935  7C0F  23              	INC HL
WYZPROPLAY47c 000936  7C10  E5              	PUSH HL
WYZPROPLAY47c 000937  7C11  5F              	LD E,A
WYZPROPLAY47c 000938  7C12  7E              	LD A,(HL)
WYZPROPLAY47c 000939  7C13  6F              	LD L,A
WYZPROPLAY47c 000940  7C14  A7              	AND A
WYZPROPLAY47c 000941  7C15  7B              	LD A,E
WYZPROPLAY47c 000942  7C16  28 30           	JR Z,ORNMJP1
WYZPROPLAY47c 000944  7C18  FD 7E 00        	LD A,(IY+0)
WYZPROPLAY47c 000945  7C1B  FD 86 01        	ADD A,(IY+1)
WYZPROPLAY47c 000946  7C1E  A7              	AND A
WYZPROPLAY47c 000947  7C1F  7B              	LD A,E
WYZPROPLAY47c 000948  7C20  28 26           	JR Z,ORNMJP1
WYZPROPLAY47c 000951  7C22  CB 7D           	BIT 7,L
WYZPROPLAY47c 000952  7C24  28 04           	JR Z,ORNNEG
WYZPROPLAY47c 000953  7C26  26 FF           	LD H,&FF
WYZPROPLAY47c 000954  7C28  18 02           	JR PCAJP3
WYZPROPLAY47c 000955  7C2A                  	ORNNEG
WYZPROPLAY47c 000956  7C2A  26 00           	LD H,0
WYZPROPLAY47c 000958  7C2C                  	PCAJP3
WYZPROPLAY47c 000959  7C2C  FD 5E 00        	LD E,(IY+0)
WYZPROPLAY47c 000960  7C2F  FD 56 01        	LD D,(IY+1)
WYZPROPLAY47c 000961  7C32  ED 5A           	ADC HL,DE
WYZPROPLAY47c 000962  7C34  FD 75 00        	LD (IY+0),L
WYZPROPLAY47c 000963  7C37  FD 74 01        	LD (IY+1),H
WYZPROPLAY47c 000964  7C3A  18 0C           	JR ORNMJP1
WYZPROPLAY47c 000967  7C3C                  	PCAJP6
WYZPROPLAY47c 000968  7C3C  23              	INC HL
WYZPROPLAY47c 000970  7C3D  E5              	PUSH HL
WYZPROPLAY47c 000971  7C3E  F5              	PUSH AF
WYZPROPLAY47c 000972  7C3F  DD 7E 18        	LD A,(IX+REG_NOTA_A-PUNTERO_P_A)
WYZPROPLAY47c 000973  7C42  5E              	LD E,(HL)
WYZPROPLAY47c 000974  7C43  8B              	ADC E
WYZPROPLAY47c 000975  7C44  CD 66 7C        	CALL TABLA_NOTAS
WYZPROPLAY47c 000976  7C47  F1              	POP AF
WYZPROPLAY47c 000979  7C48                  	ORNMJP1
WYZPROPLAY47c 000980  7C48  E1              	POP HL
WYZPROPLAY47c 000982  7C49  23              	INC HL
WYZPROPLAY47c 000983  7C4A  DD 75 00        	LD (IX+0),L
WYZPROPLAY47c 000984  7C4D  DD 74 01        	LD (IX+1),H
WYZPROPLAY47c 000985  7C50                  	PCAJP5
WYZPROPLAY47c 000986  7C50  E1              	POP HL
WYZPROPLAY47c 000987  7C51  DD 46 19        	LD B,(IX+VOL_INST_A-PUNTERO_P_A)
WYZPROPLAY47c 000988  7C54  80              	ADD B
WYZPROPLAY47c 000989  7C55  F2 5A 7C        	JP P,PCAJP7
WYZPROPLAY47c 000990  7C58  3E 01           	LD A,1
WYZPROPLAY47c 000991  7C5A                  	PCAJP7
WYZPROPLAY47c 000992  7C5A  E6 0F           	AND %00001111
WYZPROPLAY47c 000993  7C5C  77              	LD (HL),A
WYZPROPLAY47c 000994  7C5D  C9              	RET
WYZPROPLAY47c 001003  7C5E                  	NOTA
WYZPROPLAY47c 001004  7C5E  69              	LD L,C
WYZPROPLAY47c 001005  7C5F  60              	LD H,B
WYZPROPLAY47c 001006  7C60  CB 66           	BIT 4,(HL)
WYZPROPLAY47c 001007  7C62  47              	LD B,A
WYZPROPLAY47c 001008  7C63  20 0E           	JR NZ,EVOLVENTES
WYZPROPLAY47c 001009  7C65  78              	LD A,B
WYZPROPLAY47c 001010  7C66                  	TABLA_NOTAS
WYZPROPLAY47c 001011  7C66  21 F3 7D        	LD HL,DATOS_NOTAS
WYZPROPLAY47c 001012  7C69  CD BE 7C        	CALL EXT_WORD
WYZPROPLAY47c 001013  7C6C  FD 73 00        	LD (IY+0),E
WYZPROPLAY47c 001014  7C6F  FD 72 01        	LD (IY+1),D
WYZPROPLAY47c 001018  7C72  C9              	RET
WYZPROPLAY47c 001026  7C73                  	EVOLVENTES
WYZPROPLAY47c 001027  7C73  21 F3 7D        	LD HL,DATOS_NOTAS
WYZPROPLAY47c 001029  7C76  07              	RLCA
WYZPROPLAY47c 001030  7C77  16 00           	LD D,0
WYZPROPLAY47c 001031  7C79  5F              	LD E,A
WYZPROPLAY47c 001032  7C7A  19              	ADD HL,DE
WYZPROPLAY47c 001033  7C7B  5E              	LD E,(HL)
WYZPROPLAY47c 001034  7C7C  23              	INC HL
WYZPROPLAY47c 001035  7C7D  56              	LD D,(HL)
WYZPROPLAY47c 001037  7C7E  D5              	PUSH DE
WYZPROPLAY47c 001038  7C7F  3A 4D 7D        	LD A,(ENVOLVENTE)
WYZPROPLAY47c 001039  7C82  1F              	RRA
WYZPROPLAY47c 001040  7C83  30 08           	JR NC,FRECUENCIA_OFF
WYZPROPLAY47c 001041  7C85  FD 73 00        	LD (IY+0),E
WYZPROPLAY47c 001042  7C88  FD 72 01        	LD (IY+1),D
WYZPROPLAY47c 001043  7C8B  18 09           	JR CONT_ENV
WYZPROPLAY47c 001045  7C8D                  	FRECUENCIA_OFF
WYZPROPLAY47c 001046  7C8D  11 00 00        	LD DE,&0000
WYZPROPLAY47c 001047  7C90  FD 73 00        	LD (IY+0),E
WYZPROPLAY47c 001048  7C93  FD 72 01        	LD (IY+1),D
WYZPROPLAY47c 001050  7C96                  	CONT_ENV
WYZPROPLAY47c 001051  7C96  D1              	POP DE
WYZPROPLAY47c 001052  7C97  F5              	PUSH AF
WYZPROPLAY47c 001053  7C98  C5              	PUSH BC
WYZPROPLAY47c 001054  7C99  E6 03           	AND %00000011
WYZPROPLAY47c 001055  7C9B  47              	LD B,A
WYZPROPLAY47c 001059  7C9C  CB 1A           	RR D
WYZPROPLAY47c 001060  7C9E  CB 1B           	RR E
WYZPROPLAY47c 001061  7CA0                  	CRTBC0
WYZPROPLAY47c 001063  7CA0  CB 1A           	RR D
WYZPROPLAY47c 001064  7CA2  CB 1B           	RR E
WYZPROPLAY47c 001065  7CA4  10 FA           	DJNZ CRTBC0
WYZPROPLAY47c 001066  7CA6  7B              	LD A,E
WYZPROPLAY47c 001067  7CA7  32 38 7D        	LD (PSG_REG+11),A
WYZPROPLAY47c 001068  7CAA  7A              	LD A,D
WYZPROPLAY47c 001069  7CAB  E6 03           	AND %00000011
WYZPROPLAY47c 001070  7CAD  32 39 7D        	LD (PSG_REG+12),A
WYZPROPLAY47c 001071  7CB0  C1              	POP BC
WYZPROPLAY47c 001072  7CB1  F1              	POP AF
WYZPROPLAY47c 001074  7CB2  1F              	RRA
WYZPROPLAY47c 001075  7CB3  E6 06           	AND %00000110
WYZPROPLAY47c 001076  7CB5  C6 08           	ADD 8
WYZPROPLAY47c 001077  7CB7  32 3A 7D        	LD (PSG_REG+13),A
WYZPROPLAY47c 001078  7CBA  32 4E 7D        	LD (ENVOLVENTE_BACK),A
WYZPROPLAY47c 001079  7CBD  C9              	RET
WYZPROPLAY47c 001087  7CBE                  	EXT_WORD
WYZPROPLAY47c 001088  7CBE  16 00           	LD D,0
WYZPROPLAY47c 001089  7CC0  07              	RLCA
WYZPROPLAY47c 001090  7CC1  5F              	LD E,A
WYZPROPLAY47c 001091  7CC2  19              	ADD HL,DE
WYZPROPLAY47c 001092  7CC3  5E              	LD E,(HL)
WYZPROPLAY47c 001093  7CC4  23              	INC HL
WYZPROPLAY47c 001094  7CC5  56              	LD D,(HL)
WYZPROPLAY47c 001096  7CC6  C9              	RET
WYZPROPLAY47c 001100  7CC7                  	TABLA_DATOS_CANAL_SFX
WYZPROPLAY47c 001102  7CC7  CD 7C D4 7C DB ..	DW SELECT_CANAL_A,SELECT_CANAL_B,SELECT_CANAL_C
WYZPROPLAY47c 001110  7CCD                  	SELECT_CANAL_A
WYZPROPLAY47c 001110  7CCD  3D 7D 3E 7D 45 ..	DW PSG_REG_SEC+0,PSG_REG_SEC+1,PSG_REG_SEC+8
WYZPROPLAY47c 001111  7CD3  B1              	DB %10110001
WYZPROPLAY47c 001113  7CD4                  	SELECT_CANAL_B
WYZPROPLAY47c 001113  7CD4  3F 7D 40 7D 46 ..	DW PSG_REG_SEC+2,PSG_REG_SEC+3,PSG_REG_SEC+9
WYZPROPLAY47c 001114  7CDA  AA              	DB %10101010
WYZPROPLAY47c 001117  7CDB                  	SELECT_CANAL_C
WYZPROPLAY47c 001117  7CDB  41 7D 42 7D 47 ..	DW PSG_REG_SEC+4,PSG_REG_SEC+5,PSG_REG_SEC+10
WYZPROPLAY47c 001118  7CE1  9C              	DB %10011100
WYZPROPLAY47c 001126  7CE2                  	INTERR
WYZPROPLAY47c 001126  7CE2  00              	DB 0
WYZPROPLAY47c 001138  7CE3                  	_WYZVARS_INI
WYZPROPLAY47c 001140  7CE3                  	SONG
WYZPROPLAY47c 001140  7CE3  00              	DB 0
WYZPROPLAY47c 001141  7CE4                  	TEMPO
WYZPROPLAY47c 001141  7CE4  00              	DB 0
WYZPROPLAY47c 001142  7CE5                  	TTEMPO
WYZPROPLAY47c 001142  7CE5  00              	DB 0
WYZPROPLAY47c 001144  7CE6                  	PUNTERO_A
WYZPROPLAY47c 001144  7CE6  00 00           	DW 0
WYZPROPLAY47c 001145  7CE8                  	PUNTERO_B
WYZPROPLAY47c 001145  7CE8  00 00           	DW 0
WYZPROPLAY47c 001146  7CEA                  	PUNTERO_C
WYZPROPLAY47c 001146  7CEA  00 00           	DW 0
WYZPROPLAY47c 001148  7CEC                  	CANAL_A
WYZPROPLAY47c 001148  7CEC  00 00           	DW 0
WYZPROPLAY47c 001149  7CEE                  	CANAL_B
WYZPROPLAY47c 001149  7CEE  00 00           	DW 0
WYZPROPLAY47c 001150  7CF0                  	CANAL_C
WYZPROPLAY47c 001150  7CF0  00 00           	DW 0
WYZPROPLAY47c 001152  7CF2                  	PUNTERO_P_A
WYZPROPLAY47c 001152  7CF2  00 00           	DW 0
WYZPROPLAY47c 001153  7CF4                  	PUNTERO_P_B
WYZPROPLAY47c 001153  7CF4  00 00           	DW 0
WYZPROPLAY47c 001154  7CF6                  	PUNTERO_P_C
WYZPROPLAY47c 001154  7CF6  00 00           	DW 0
WYZPROPLAY47c 001156  7CF8                  	PUNTERO_P_A0
WYZPROPLAY47c 001156  7CF8  00 00           	DW 0
WYZPROPLAY47c 001157  7CFA                  	PUNTERO_P_B0
WYZPROPLAY47c 001157  7CFA  00 00           	DW 0
WYZPROPLAY47c 001158  7CFC                  	PUNTERO_P_C0
WYZPROPLAY47c 001158  7CFC  00 00           	DW 0
WYZPROPLAY47c 001160  7CFE                  	PUNTERO_P_DECA
WYZPROPLAY47c 001160  7CFE  00 00           	DW 0
WYZPROPLAY47c 001161  7D00                  	PUNTERO_P_DECB
WYZPROPLAY47c 001161  7D00  00 00           	DW 0
WYZPROPLAY47c 001162  7D02                  	PUNTERO_P_DECC
WYZPROPLAY47c 001162  7D02  00 00           	DW 0
WYZPROPLAY47c 001164  7D04                  	PUNTERO_DECA
WYZPROPLAY47c 001164  7D04  00 00           	DW 0
WYZPROPLAY47c 001165  7D06                  	PUNTERO_DECB
WYZPROPLAY47c 001165  7D06  00 00           	DW 0
WYZPROPLAY47c 001166  7D08                  	PUNTERO_DECC
WYZPROPLAY47c 001166  7D08  00 00           	DW 0
WYZPROPLAY47c 001170  7D0A                  	REG_NOTA_A
WYZPROPLAY47c 001170  7D0A  00              	DB 0
WYZPROPLAY47c 001171  7D0B                  	VOL_INST_A
WYZPROPLAY47c 001171  7D0B  00              	DB 0
WYZPROPLAY47c 001172  7D0C                  	REG_NOTA_B
WYZPROPLAY47c 001172  7D0C  00              	DB 0
WYZPROPLAY47c 001173  7D0D                  	VOL_INST_B
WYZPROPLAY47c 001173  7D0D  00              	DB 0
WYZPROPLAY47c 001174  7D0E                  	REG_NOTA_C
WYZPROPLAY47c 001174  7D0E  00              	DB 0
WYZPROPLAY47c 001175  7D0F                  	VOL_INST_C
WYZPROPLAY47c 001175  7D0F  00              	DB 0
WYZPROPLAY47c 001181  7D10                  	PUNTERO_L_DECA
WYZPROPLAY47c 001181  7D10  00 00           	DW 0
WYZPROPLAY47c 001182  7D12                  	PUNTERO_L_DECB
WYZPROPLAY47c 001182  7D12  00 00           	DW 0
WYZPROPLAY47c 001183  7D14                  	PUNTERO_L_DECC
WYZPROPLAY47c 001183  7D14  00 00           	DW 0
WYZPROPLAY47c 001190  7D16                  	PUNTERO_P
WYZPROPLAY47c 001190  7D16  00 00           	DW 0
WYZPROPLAY47c 001191  7D18                  	CANAL_P
WYZPROPLAY47c 001191  7D18  00 00           	DW 0
WYZPROPLAY47c 001192  7D1A                  	PUNTERO_P_DECP
WYZPROPLAY47c 001192  7D1A  00 00           	DW 0
WYZPROPLAY47c 001193  7D1C                  	PUNTERO_DECP
WYZPROPLAY47c 001193  7D1C  00 00           	DW 0
WYZPROPLAY47c 001194  7D1E                  	PUNTERO_L_DECP
WYZPROPLAY47c 001194  7D1E  00 00           	DW 0
WYZPROPLAY47c 001196  7D20  18 7D           	SELECT_CANAL_P DW INTERR+&36
WYZPROPLAY47c 001199  7D22                  	SFX_L
WYZPROPLAY47c 001199  7D22  00 00           	DW 0
WYZPROPLAY47c 001200  7D24                  	SFX_H
WYZPROPLAY47c 001200  7D24  00 00           	DW 0
WYZPROPLAY47c 001201  7D26                  	SFX_V
WYZPROPLAY47c 001201  7D26  00 00           	DW 0
WYZPROPLAY47c 001202  7D28                  	SFX_MIX
WYZPROPLAY47c 001202  7D28  00 00           	DW 0
WYZPROPLAY47c 001207  7D2A                  	N_SONIDO
WYZPROPLAY47c 001207  7D2A  00              	DB 0
WYZPROPLAY47c 001208  7D2B                  	PUNTERO_SONIDO
WYZPROPLAY47c 001208  7D2B  00 00           	DW 0
WYZPROPLAY47c 001216  7D2D                  	PSG_REG
WYZPROPLAY47c 001216  7D2D  00 00 00 00 00 ..	DS 16
WYZPROPLAY47c 001217  7D3D                  	PSG_REG_SEC
WYZPROPLAY47c 001217  7D3D  00 00 00 00 00 ..	DS 16
WYZPROPLAY47c 001218  7D4D                  	ENVOLVENTE
WYZPROPLAY47c 001218  7D4D  00              	DB 0
WYZPROPLAY47c 001222  7D4E                  	ENVOLVENTE_BACK
WYZPROPLAY47c 001222  7D4E  00              	DB 0
WYZPROPLAY47c 001227  7D4F  00 00           	SONIDO_REGS DW 0
WYZPROPLAY47c 001228  7D51  00 00           	EFECTO_REGS DW 0
WYZPROPLAY47c 001229  7D53  00 00           	PUNTERO_EFECTO DW 0
WYZPROPLAY47c 001232  7D55                  	_WYZVARS_END
player_loader 000080  7D55                  	_END_PLAYERWYZ
player_loader 000082  7D55                  	_END_CODE
make_codigo_m 000023  A438                  	ORG 42040
make_codigo_m 000027  A438                  	LAYOUT
make_codigo_m 000028  A438  41 41 41 41 41 ..	db "AAAAAAAAAAAAAAAAAAAA"
make_codigo_m 000029  A44C  41 41 41 41 41 ..	db "AAAAAAAAAAAAAAAAAAAA"
make_codigo_m 000030  A460  41 41 41 41 41 ..	db "AAAAAAAAAAAAAAAAAAAA"
make_codigo_m 000031  A474  41 41 41 41 41 ..	db "AAAAAAAAAAAAAAAAAAAA"
make_codigo_m 000032  A488  41 41 41 41 41 ..	db "AAAAAAAAAAAAAAAAAAAA"
make_codigo_m 000033  A49C  41 41 41 41 41 ..	db "AAAAAAAAAAAAAAAAAAAA"
make_codigo_m 000034  A4B0  41 41 41 41 41 ..	db "AAAAAAAAAAAAAAAAAAAA"
make_codigo_m 000035  A4C4  41 41 41 41 41 ..	db "AAAAAAAAAAAAAAAAAAAA"
make_codigo_m 000036  A4D8  41 41 41 41 41 ..	db "AAAAAAAAAAAAAAAAAAAA"
make_codigo_m 000037  A4EC  41 41 41 41 41 ..	db "AAAAAAAAAAAAAAAAAAAA"
make_codigo_m 000038  A500  41 41 41 41 41 ..	db "AAAAAAAAAAAAAAAAAAAA"
make_codigo_m 000039  A514  41 41 41 41 41 ..	db "AAAAAAAAAAAAAAAAAAAA"
make_codigo_m 000040  A528  41 41 41 41 41 ..	db "AAAAAAAAAAAAAAAAAAAA"
make_codigo_m 000041  A53C  41 41 41 41 41 ..	db "AAAAAAAAAAAAAAAAAAAA"
make_codigo_m 000042  A550  41 41 41 41 41 ..	db "AAAAAAAAAAAAAAAAAAAA"
make_codigo_m 000043  A564  41 41 41 41 41 ..	db "AAAAAAAAAAAAAAAAAAAA"
make_codigo_m 000044  A578  41 41 41 41 41 ..	db "AAAAAAAAAAAAAAAAAAAA"
make_codigo_m 000045  A58C  41 41 41 41 41 ..	db "AAAAAAAAAAAAAAAAAAAA"
make_codigo_m 000046  A5A0  41 41 41 41 41 ..	db "AAAAAAAAAAAAAAAAAAAA"
make_codigo_m 000047  A5B4  41 41 41 41 41 ..	db "AAAAAAAAAAAAAAAAAAAA"
make_codigo_m 000048  A5C8  41 41 41 41 41 ..	db "AAAAAAAAAAAAAAAAAAAA"
make_codigo_m 000049  A5DC  41 41 41 41 41 ..	db "AAAAAAAAAAAAAAAAAAAA"
make_codigo_m 000050  A5F0  41 41 41 41 41 ..	db "AAAAAAAAAAAAAAAAAAAA"
make_codigo_m 000051  A604  41 41 41 41 41 ..	db "AAAAAAAAAAAAAAAAAAAA"
make_codigo_m 000052  A618  41 41 41 41 41 ..	db "AAAAAAAAAAAAAAAAAAAA"
make_codigo_m 000054  A62C                  	ENDLAYOUT
make_codigo_m 000061  A62C                  	STARS0
make_codigo_m 000063  A62C  64 28           	db 100,40
make_codigo_m 000064  A62E  0A 3C           	db 10,60
make_codigo_m 000065  A630  14 0A           	db 20,10
make_codigo_m 000066  A632  1E 14           	db 30,20
make_codigo_m 000067  A634  28 1E           	db 40,30
make_codigo_m 000068  A636  32 32           	db 50,50
make_codigo_m 000069  A638  3C 14           	db 60,20
make_codigo_m 000070  A63A  46 2D           	db 70,45
make_codigo_m 000071  A63C  50 37           	db 80,55
make_codigo_m 000072  A63E  5A 14           	db 90,20
make_codigo_m 000073  A640  64 19           	db 100,25
make_codigo_m 000074  A642  6E 0F           	db 110,15
make_codigo_m 000075  A644  78 41           	db 120,65
make_codigo_m 000076  A646  82 05           	db 130,5
make_codigo_m 000077  A648  8C 0F           	db 140,15
make_codigo_m 000078  A64A  96 41           	db 150,65
make_codigo_m 000079  A64C  A0 46           	db 160,70
make_codigo_m 000080  A64E  AA 28           	db 170,40
make_codigo_m 000081  A650  B4 02           	db 180,2
make_codigo_m 000082  A652  BE 23           	db 190,35
make_codigo_m 000084  A654  01 14           	db 1,20
make_codigo_m 000085  A656  0A 0A           	db 10,10
make_codigo_m 000086  A658  14 3C           	db 20,60
make_codigo_m 000087  A65A  1E 28           	db 30,40
make_codigo_m 000088  A65C  28 32           	db 40,50
make_codigo_m 000089  A65E  32 4E           	db 50,78
make_codigo_m 000090  A660  3C 41           	db 60,65
make_codigo_m 000091  A662  46 19           	db 70,25
make_codigo_m 000092  A664  50 0F           	db 80,15
make_codigo_m 000093  A666  5A 3C           	db 90,60
make_codigo_m 000094  A668  64 05           	db 100,5
make_codigo_m 000095  A66A  6E 2D           	db 110,45
make_codigo_m 000096  A66C  78 19           	db 120,25
make_codigo_m 000097  A66E  82 2D           	db 130,45
make_codigo_m 000098  A670  8C 37           	db 140,55
make_codigo_m 000099  A672  96 23           	db 150,35
make_codigo_m 000100  A674  A0 4B           	db 160,75
make_codigo_m 000101  A676  8C 23           	db 140,35
make_codigo_m 000102  A678  96 0F           	db 150,15
make_codigo_m 000103  A67A  B4 23           	db 180,35
make_codigo_m 000104  A67C                  	ENDSTARS
make_musica_m 000008  7D64                  	org 32100
marcha3.mus.a 000003  7D64                  	TABLA_PAUTAS
marcha3.mus.a 000003  7D64  78 7D 81 7D 9E ..	DW PAUTA_0,PAUTA_1,PAUTA_2,PAUTA_3,PAUTA_4,PAUTA_5
marcha3.mus.a 000006  7D70                  	TABLA_SONIDOS
marcha3.mus.a 000006  7D70  D7 7D DE 7D E8 ..	DW SONIDO0,SONIDO1,SONIDO2,SONIDO3
marcha3.mus.a 000010  7D78                  	PAUTA_0
marcha3.mus.a 000010  7D78  08 00 07 00 06 ..	DB  8,0,7,0,6,0,5,0,129
marcha3.mus.a 000012  7D81                  	PAUTA_1
marcha3.mus.a 000012  7D81  0A 00 0B 00 0A ..	DB  10,0,11,0,10,0,9,0,8,0,8,0,8,0,8,0,8,0,8,0,7,0,7,0,7,0,7,0,136
marcha3.mus.a 000014  7D9E                  	PAUTA_2
marcha3.mus.a 000014  7D9E  2C 00 0B 00 0A ..	DB  44,0,11,0,10,0,9,0,8,0,129
marcha3.mus.a 000016  7DA9                  	PAUTA_3
marcha3.mus.a 000016  7DA9  09 00 08 00 07 ..	DB  9,0,8,0,7,0,6,0,129
marcha3.mus.a 000018  7DB2                  	PAUTA_4
marcha3.mus.a 000018  7DB2  0D 00 0C 00 0B ..	DB  13,0,12,0,11,0,10,0,10,0,10,0,10,0,10,0,9,0,9,0,9,0,9,0,9,0,138
marcha3.mus.a 000020  7DCD                  	PAUTA_5
marcha3.mus.a 000020  7DCD  0F 00 0F 00 0F ..	DB  15,0,15,0,15,0,15,0,0,129
marcha3.mus.a 000024  7DD7                  	SONIDO0
marcha3.mus.a 000024  7DD7  00 3E 00 00 59 ..	DB  0,62,0,0,89,0,255
marcha3.mus.a 000026  7DDE                  	SONIDO1
marcha3.mus.a 000026  7DDE  D1 2E 00 2E 3B ..	DB  209,46,0,46,59,1,0,87,7,255
marcha3.mus.a 000028  7DE8                  	SONIDO2
marcha3.mus.a 000028  7DE8  00 0A 02 FF     	DB  0,10,2,255
marcha3.mus.a 000030  7DEC                  	SONIDO3
marcha3.mus.a 000030  7DEC  33 5E 1F 31 3E ..	DB  51,94,31,49,62,30,255
marcha3.mus.a 000033  7DF3                  	DATOS_NOTAS
marcha3.mus.a 000033  7DF3  00 00 00 00     	DW 0,0
marcha3.mus.a 000034  7DF7  AF 06 4E 06 F4 ..	DW 1711,1614,1524,1438,1358,1281,1210,1142,1078,1017
marcha3.mus.a 000035  7E0B  C0 03 8A 03 57 ..	DW 960,906,855,807,762,719,679,641,605,571
marcha3.mus.a 000036  7E1F  1B 02 FD 01 E0 ..	DW 539,509,480,453,428,404,381,360,339,320
marcha3.mus.a 000037  7E33  2E 01 1D 01 0D ..	DW 302,285,269,254,240,227,214,202,190,180
marcha3.mus.a 000038  7E47  AA 00 A0 00 97 ..	DW 170,160,151,143,135,127,120,113,107,101
marcha3.mus.a 000039  7E5B  5F 00 5A 00 55 ..	DW 95,90,85,80,76,71,67,64,60,57
make_musica_m 000019  7E6F                  	SONG_0
make_musica_m 000020  7E6F  08 31 00 00 00 ..	INCBIN  "../MUSIC/marcha3.mus"
make_musica_m 000021  7F4D                  	SONG_0_END
make_musica_m 000024  7F4D                  	SONG_1
make_musica_m 000026  7F4D                  	SONG_1_END
make_musica_m 000028  7F4D                  	SONG_2
make_musica_m 000029  7F4D                  	SONG_3
make_musica_m 000030  7F4D                  	SONG_4
make_musica_m 000031  7F4D                  	SONG_5
make_musica_m 000032  7F4D                  	SONG_6
make_musica_m 000033  7F4D                  	SONG_7
make_musica_m 000035  7F4D                  	_END_MUSIC
make_graficos 000007  8340                  	org 33600
sequences_myg 000015  8340                  	_SEQUENCES_LIST
sequences_myg 000025  8340                  	_MACRO_SEQUENCES
sequences_myg 000026  8340  00 02 01 03 05 ..	db 0,2,1,3,5,3,4,6,4
routes_mygame 000005  8349                  	ROUTE_LIST
routes_mygame 000006  8349  4F 83           	dw ROUTE0
routes_mygame 000007  834B  50 83           	dw ROUTE1
routes_mygame 000008  834D  51 83           	dw ROUTE2
routes_mygame 000012  834F                  	ROUTE0
routes_mygame 000014  834F  00              	db 0
routes_mygame 000016  8350                  	ROUTE1
routes_mygame 000018  8350  00              	db 0
routes_mygame 000021  8351                  	ROUTE2
routes_mygame 000022  8351  00              	db 0
images_mygame 000001  8352                  	IMAGE_LIST
images_mygame 000012  8352  1B 85           	dw TOCINO
images_mygame 000018  8354                  	_BEGIN_ALPHABET
alphabet_defa 000002  8354                  	ALPHABET
alphabet_defa 000016  8354  02              	ALPHA_ancho db 2
alphabet_defa 000017  8355  05              	ALPHA_alto  db 5
alphabet_defa 000018  8356  0A              	ALPHA_tamano db 2*5
alphabet_defa 000028  8357                  	ALPHA_LIST
alphabet_defa 000029  8357  30 31 32 33 34 ..	db "0123456789ABCDEFGHIJKLMNOPQRSTUVWXYZ:! ,."
alphabet_defa 000030  8380  00              	db 0
alphabet_defa 000032  8381                  	ALPHA_LETTERS
alphabet_defa 000039  8381  0C 08           	db 12 , 8
alphabet_defa 000040  8383  08 08           	db 8 , 8
alphabet_defa 000041  8385  08 08           	db 8 , 8
alphabet_defa 000042  8387  20 20           	db 32 , 32
alphabet_defa 000043  8389  30 20           	db 48 , 32
alphabet_defa 000047  838B  04 00           	db 4 , 0
alphabet_defa 000048  838D  0C 00           	db 12 , 0
alphabet_defa 000049  838F  10 00           	db 16 , 0
alphabet_defa 000050  8391  10 00           	db 16 , 0
alphabet_defa 000051  8393  30 20           	db 48 , 32
alphabet_defa 000055  8395  0C 08           	db 12 , 8
alphabet_defa 000056  8397  00 08           	db 0 , 8
alphabet_defa 000057  8399  0C 08           	db 12 , 8
alphabet_defa 000058  839B  20 00           	db 32 , 0
alphabet_defa 000059  839D  30 20           	db 48 , 32
alphabet_defa 000063  839F  0C 08           	db 12 , 8
alphabet_defa 000064  83A1  00 08           	db 0 , 8
alphabet_defa 000065  83A3  04 08           	db 4 , 8
alphabet_defa 000066  83A5  00 20           	db 0 , 32
alphabet_defa 000067  83A7  30 20           	db 48 , 32
alphabet_defa 000071  83A9  08 08           	db 8 , 8
alphabet_defa 000072  83AB  08 08           	db 8 , 8
alphabet_defa 000073  83AD  0C 08           	db 12 , 8
alphabet_defa 000074  83AF  00 20           	db 0 , 32
alphabet_defa 000075  83B1  00 20           	db 0 , 32
alphabet_defa 000079  83B3  0C 08           	db 12 , 8
alphabet_defa 000080  83B5  08 00           	db 8 , 0
alphabet_defa 000081  83B7  0C 08           	db 12 , 8
alphabet_defa 000082  83B9  00 20           	db 0 , 32
alphabet_defa 000083  83BB  30 20           	db 48 , 32
alphabet_defa 000087  83BD  0C 08           	db 12 , 8
alphabet_defa 000088  83BF  08 00           	db 8 , 0
alphabet_defa 000089  83C1  0C 08           	db 12 , 8
alphabet_defa 000090  83C3  20 20           	db 32 , 32
alphabet_defa 000091  83C5  30 20           	db 48 , 32
alphabet_defa 000095  83C7  0C 08           	db 12 , 8
alphabet_defa 000096  83C9  00 08           	db 0 , 8
alphabet_defa 000097  83CB  00 08           	db 0 , 8
alphabet_defa 000098  83CD  10 00           	db 16 , 0
alphabet_defa 000099  83CF  10 00           	db 16 , 0
alphabet_defa 000103  83D1  0C 08           	db 12 , 8
alphabet_defa 000104  83D3  08 08           	db 8 , 8
alphabet_defa 000105  83D5  0C 08           	db 12 , 8
alphabet_defa 000106  83D7  20 20           	db 32 , 32
alphabet_defa 000107  83D9  30 20           	db 48 , 32
alphabet_defa 000111  83DB  0C 08           	db 12 , 8
alphabet_defa 000112  83DD  08 08           	db 8 , 8
alphabet_defa 000113  83DF  0C 08           	db 12 , 8
alphabet_defa 000114  83E1  00 20           	db 0 , 32
alphabet_defa 000115  83E3  00 20           	db 0 , 32
alphabet_defa 000119  83E5  04 00           	db 4 , 0
alphabet_defa 000120  83E7  08 08           	db 8 , 8
alphabet_defa 000121  83E9  0C 08           	db 12 , 8
alphabet_defa 000122  83EB  20 20           	db 32 , 32
alphabet_defa 000123  83ED  20 20           	db 32 , 32
alphabet_defa 000127  83EF  0C 00           	db 12 , 0
alphabet_defa 000128  83F1  08 08           	db 8 , 8
alphabet_defa 000129  83F3  0C 08           	db 12 , 8
alphabet_defa 000130  83F5  20 20           	db 32 , 32
alphabet_defa 000131  83F7  30 20           	db 48 , 32
alphabet_defa 000135  83F9  0C 08           	db 12 , 8
alphabet_defa 000136  83FB  08 00           	db 8 , 0
alphabet_defa 000137  83FD  08 00           	db 8 , 0
alphabet_defa 000138  83FF  20 00           	db 32 , 0
alphabet_defa 000139  8401  30 20           	db 48 , 32
alphabet_defa 000143  8403  0C 00           	db 12 , 0
alphabet_defa 000144  8405  08 08           	db 8 , 8
alphabet_defa 000145  8407  08 20           	db 8 , 32
alphabet_defa 000146  8409  20 20           	db 32 , 32
alphabet_defa 000147  840B  30 00           	db 48 , 0
alphabet_defa 000151  840D  0C 08           	db 12 , 8
alphabet_defa 000152  840F  08 00           	db 8 , 0
alphabet_defa 000153  8411  18 00           	db 24 , 0
alphabet_defa 000154  8413  20 00           	db 32 , 0
alphabet_defa 000155  8415  30 20           	db 48 , 32
alphabet_defa 000159  8417  0C 08           	db 12 , 8
alphabet_defa 000160  8419  08 00           	db 8 , 0
alphabet_defa 000161  841B  18 00           	db 24 , 0
alphabet_defa 000162  841D  20 00           	db 32 , 0
alphabet_defa 000163  841F  20 00           	db 32 , 0
alphabet_defa 000167  8421  0C 08           	db 12 , 8
alphabet_defa 000168  8423  08 00           	db 8 , 0
alphabet_defa 000169  8425  08 08           	db 8 , 8
alphabet_defa 000170  8427  20 20           	db 32 , 32
alphabet_defa 000171  8429  30 20           	db 48 , 32
alphabet_defa 000175  842B  08 08           	db 8 , 8
alphabet_defa 000176  842D  08 08           	db 8 , 8
alphabet_defa 000177  842F  0C 08           	db 12 , 8
alphabet_defa 000178  8431  20 20           	db 32 , 32
alphabet_defa 000179  8433  20 20           	db 32 , 32
alphabet_defa 000184  8435  04 00           	db 4 , 0
alphabet_defa 000185  8437  04 00           	db 4 , 0
alphabet_defa 000186  8439  04 00           	db 4 , 0
alphabet_defa 000187  843B  10 00           	db 16 , 0
alphabet_defa 000188  843D  10 00           	db 16 , 0
alphabet_defa 000193  843F  0C 08           	db 12 , 8
alphabet_defa 000194  8441  00 08           	db 0 , 8
alphabet_defa 000195  8443  00 20           	db 0 , 32
alphabet_defa 000196  8445  00 20           	db 0 , 32
alphabet_defa 000197  8447  30 00           	db 48 , 0
alphabet_defa 000201  8449  08 08           	db 8 , 8
alphabet_defa 000202  844B  0C 00           	db 12 , 0
alphabet_defa 000203  844D  18 00           	db 24 , 0
alphabet_defa 000204  844F  08 20           	db 8 , 32
alphabet_defa 000205  8451  20 20           	db 32 , 32
alphabet_defa 000209  8453  08 00           	db 8 , 0
alphabet_defa 000210  8455  08 00           	db 8 , 0
alphabet_defa 000211  8457  08 00           	db 8 , 0
alphabet_defa 000212  8459  08 00           	db 8 , 0
alphabet_defa 000213  845B  30 20           	db 48 , 32
alphabet_defa 000217  845D  08 08           	db 8 , 8
alphabet_defa 000218  845F  0C 08           	db 12 , 8
alphabet_defa 000219  8461  24 20           	db 36 , 32
alphabet_defa 000220  8463  20 20           	db 32 , 32
alphabet_defa 000221  8465  20 20           	db 32 , 32
alphabet_defa 000225  8467  0C 08           	db 12 , 8
alphabet_defa 000226  8469  08 08           	db 8 , 8
alphabet_defa 000227  846B  20 08           	db 32 , 8
alphabet_defa 000228  846D  20 20           	db 32 , 32
alphabet_defa 000229  846F  20 20           	db 32 , 32
alphabet_defa 000233  8471  0C 08           	db 12 , 8
alphabet_defa 000234  8473  08 08           	db 8 , 8
alphabet_defa 000235  8475  20 08           	db 32 , 8
alphabet_defa 000236  8477  20 20           	db 32 , 32
alphabet_defa 000237  8479  30 20           	db 48 , 32
alphabet_defa 000241  847B  0C 08           	db 12 , 8
alphabet_defa 000242  847D  08 08           	db 8 , 8
alphabet_defa 000243  847F  24 08           	db 36 , 8
alphabet_defa 000244  8481  20 00           	db 32 , 0
alphabet_defa 000245  8483  20 00           	db 32 , 0
alphabet_defa 000249  8485  0C 08           	db 12 , 8
alphabet_defa 000250  8487  08 08           	db 8 , 8
alphabet_defa 000251  8489  20 08           	db 32 , 8
alphabet_defa 000252  848B  30 20           	db 48 , 32
alphabet_defa 000253  848D  00 20           	db 0 , 32
alphabet_defa 000257  848F  04 08           	db 4 , 8
alphabet_defa 000258  8491  08 00           	db 8 , 0
alphabet_defa 000259  8493  20 00           	db 32 , 0
alphabet_defa 000260  8495  20 00           	db 32 , 0
alphabet_defa 000261  8497  20 00           	db 32 , 0
alphabet_defa 000265  8499  0C 08           	db 12 , 8
alphabet_defa 000266  849B  08 00           	db 8 , 0
alphabet_defa 000267  849D  0C 08           	db 12 , 8
alphabet_defa 000268  849F  00 20           	db 0 , 32
alphabet_defa 000269  84A1  30 20           	db 48 , 32
alphabet_defa 000273  84A3  0C 08           	db 12 , 8
alphabet_defa 000274  84A5  04 00           	db 4 , 0
alphabet_defa 000275  84A7  04 00           	db 4 , 0
alphabet_defa 000276  84A9  10 00           	db 16 , 0
alphabet_defa 000277  84AB  10 00           	db 16 , 0
alphabet_defa 000281  84AD  08 08           	db 8 , 8
alphabet_defa 000282  84AF  08 08           	db 8 , 8
alphabet_defa 000283  84B1  08 20           	db 8 , 32
alphabet_defa 000284  84B3  20 20           	db 32 , 32
alphabet_defa 000285  84B5  30 20           	db 48 , 32
alphabet_defa 000289  84B7  08 08           	db 8 , 8
alphabet_defa 000290  84B9  08 08           	db 8 , 8
alphabet_defa 000291  84BB  08 20           	db 8 , 32
alphabet_defa 000292  84BD  20 20           	db 32 , 32
alphabet_defa 000293  84BF  10 00           	db 16 , 0
alphabet_defa 000297  84C1  08 08           	db 8 , 8
alphabet_defa 000298  84C3  08 08           	db 8 , 8
alphabet_defa 000299  84C5  0C 20           	db 12 , 32
alphabet_defa 000300  84C7  30 20           	db 48 , 32
alphabet_defa 000301  84C9  20 20           	db 32 , 32
alphabet_defa 000305  84CB  08 08           	db 8 , 8
alphabet_defa 000306  84CD  08 08           	db 8 , 8
alphabet_defa 000307  84CF  04 00           	db 4 , 0
alphabet_defa 000308  84D1  20 20           	db 32 , 32
alphabet_defa 000309  84D3  20 20           	db 32 , 32
alphabet_defa 000313  84D5  08 08           	db 8 , 8
alphabet_defa 000314  84D7  08 08           	db 8 , 8
alphabet_defa 000315  84D9  04 00           	db 4 , 0
alphabet_defa 000316  84DB  10 00           	db 16 , 0
alphabet_defa 000317  84DD  10 00           	db 16 , 0
alphabet_defa 000321  84DF  0C 08           	db 12 , 8
alphabet_defa 000322  84E1  00 08           	db 0 , 8
alphabet_defa 000323  84E3  04 00           	db 4 , 0
alphabet_defa 000324  84E5  08 00           	db 8 , 0
alphabet_defa 000325  84E7  30 20           	db 48 , 32
alphabet_defa 000329  84E9  00 00           	db 0 , 0
alphabet_defa 000330  84EB  04 00           	db 4 , 0
alphabet_defa 000331  84ED  00 00           	db 0 , 0
alphabet_defa 000332  84EF  10 00           	db 16 , 0
alphabet_defa 000333  84F1  00 00           	db 0 , 0
alphabet_defa 000337  84F3  04 00           	db 4 , 0
alphabet_defa 000338  84F5  04 00           	db 4 , 0
alphabet_defa 000339  84F7  10 00           	db 16 , 0
alphabet_defa 000340  84F9  00 00           	db 0 , 0
alphabet_defa 000341  84FB  10 00           	db 16 , 0
alphabet_defa 000345  84FD  00 00           	db 0 , 0
alphabet_defa 000346  84FF  00 00           	db 0 , 0
alphabet_defa 000347  8501  00 00           	db 0 , 0
alphabet_defa 000348  8503  00 00           	db 0 , 0
alphabet_defa 000349  8505  00 00           	db 0 , 0
alphabet_defa 000353  8507  00 00           	db 0 , 0
alphabet_defa 000354  8509  00 00           	db 0 , 0
alphabet_defa 000355  850B  04 00           	db 4 , 0
alphabet_defa 000356  850D  10 00           	db 16 , 0
alphabet_defa 000357  850F  20 00           	db 32 , 0
alphabet_defa 000361  8511  00 00           	db 0 , 0
alphabet_defa 000362  8513  00 00           	db 0 , 0
alphabet_defa 000363  8515  00 00           	db 0 , 0
alphabet_defa 000364  8517  00 00           	db 0 , 0
alphabet_defa 000365  8519  10 00           	db 16 , 0
images_mygame 000020  851B                  	_END_ALPHABET
images_mygame 000022  851B                  	_BEGIN_FLIP_IMAGES
images_mygame 000029  851B                  	_END_FLIP_IMAGES
images_mygame 000035  851B                  	_BEGIN_BG_IMAGES
images_mygame 000045  851B                  	_END_BG_IMAGES
images_mygame 000051  851B                  	_BEGIN_IMAGES
images_mygame 000055  851B                  	TOCINO
images_mygame 000056  851B  0A 14           	DB &0a, &14
images_mygame 000057  851D  00 00 00 00 00 ..	DB &00,&00,&00,&00,&00,&00,&00,&00,&00,&00
images_mygame 000058  8527  00 00 00 00 00 ..	DB &00,&00,&00,&00,&00,&00,&00,&00,&00,&00
images_mygame 000059  8531  00 00 00 00 00 ..	DB &00,&00,&00,&00,&00,&00,&00,&00,&00,&00
images_mygame 000060  853B  00 00 00 00 14 ..	DB &00,&00,&00,&00,&14,&28,&00,&00,&00,&00
images_mygame 000061  8545  00 00 00 00 2C ..	DB &00,&00,&00,&00,&2C,&1C,&00,&00,&00,&00
images_mygame 000062  854F  00 00 00 14 48 ..	DB &00,&00,&00,&14,&48,&24,&28,&00,&00,&00
images_mygame 000063  8559  00 00 00 14 C0 ..	DB &00,&00,&00,&14,&C0,&30,&28,&00,&00,&00
images_mygame 000064  8563  00 00 14 38 90 ..	DB &00,&00,&14,&38,&90,&30,&34,&28,&00,&00
images_mygame 000065  856D  00 00 2D 0F 90 ..	DB &00,&00,&2D,&0F,&90,&30,&0F,&1E,&00,&00
images_mygame 000066  8577  00 14 0F 0F 38 ..	DB &00,&14,&0F,&0F,&38,&34,&0F,&0F,&28,&00
images_mygame 000067  8581  00 25 0F 37 0F ..	DB &00,&25,&0F,&37,&0F,&0F,&3B,&0F,&1A,&00
images_mygame 000068  858B  00 14 0F 3B 1F ..	DB &00,&14,&0F,&3B,&1F,&2F,&37,&0F,&28,&00
images_mygame 000069  8595  00 00 2D 37 22 ..	DB &00,&00,&2D,&37,&22,&11,&3B,&1E,&00,&00
images_mygame 000070  859F  00 00 34 1B 0A ..	DB &00,&00,&34,&1B,&0A,&05,&27,&38,&00,&00
images_mygame 000071  85A9  00 10 02 2D 0A ..	DB &00,&10,&02,&2D,&0A,&05,&1E,&01,&20,&00
images_mygame 000072  85B3  00 01 00 14 0A ..	DB &00,&01,&00,&14,&0A,&05,&28,&00,&02,&00
images_mygame 000073  85BD  00 00 00 00 20 ..	DB &00,&00,&00,&00,&20,&10,&00,&00,&00,&00
images_mygame 000074  85C7  00 00 00 00 00 ..	DB &00,&00,&00,&00,&00,&00,&00,&00,&00,&00
images_mygame 000075  85D1  00 00 00 00 00 ..	DB &00,&00,&00,&00,&00,&00,&00,&00,&00,&00
images_mygame 000076  85DB  00 00 00 00 00 ..	DB &00,&00,&00,&00,&00,&00,&00,&00,&00,&00
images_mygame 000078  85E5                  	_END_IMAGES
images_mygame 000082  85E5                  	_BEGIN_3D_ZOOM_IMAGES
images_mygame 000087  85E5                  	_ZOOM_LIMIT_A
images_mygame 000088  85E5  78              	db 120
images_mygame 000090  85E6                  	_ZOOM_LIMIT_B
images_mygame 000091  85E6  32              	db 50
images_mygame 000105  85E7                  	_END_3D_ZOOM_IMAGES
images_mygame 000109  85E7                  	_BEGIN_3D_SEGMENTS
images_mygame 000115  85E7  00              	db 0
images_mygame 000129  85E8                  	_END_3D_SEGMENTS
images_mygame 000133  85E8                  	_END_GRAPH
make_graficos 000022  6978                  	org 27000
sprites_table 000004  6978                  	org 27000
sprites_table 000006  6978  01              	sprite0    db 1
sprites_table 000018  6979  64 00           	dw 100
sprites_table 000019  697B  28 00           	dw 40
sprites_table 000020  697D  00              	db 0
sprites_table 000021  697E  00              	db 0
sprites_table 000022  697F  01              	db 1
sprites_table 000024  6980  00              	db 0
sprites_table 000026  6981  00 00           	dw 0
sprites_table 000036  6983  00              	db 0
sprites_table 000037  6984  00              	db 0
sprites_table 000038  6985  00              	db 0
sprites_table 000039  6986  00              	db 0
sprites_table 000040  6987  00              	db 0
make_graficos 000025  A438                  	org 42040
make_graficos 000027  A438                  	ifnot ASSEMBLING_OPTION =4
map_table_myg 000032  A438                  	_MAP_TABLE
map_table_myg 000035  A438  30 00           	MAX_SP_HEIGHT  dw 48
map_table_myg 000036  A43A  9C FF           	MAX_SP_WIDTH   dw -100
map_table_myg 000037  A43C  13              	MAPITEMS db 19
map_table_myg 000068  A43D                  	_END_MAP
make_graficos 000029  A43D                  	endif
make_all_myga 000048  A43D                  	Save"8bp.bin", 23600, 19020
